Frame;Time_s;Fx_N;Fy_N;Fz_N;Mx_Nm;My_Nm;Mz_Nm;COPx_mm;COPy_mm
1;0.0;2.536;-0.169;2.454;0.04;0.0008;-0.0024;-0.443;4.422
2;0.001;-0.699;-0.366;6.684;-0.0131;-0.0001;0.0082;0.863;7.923
3;0.002;0.049;0.88;8.546;0.014;0.013;0.0004;1.661;6.95
4;0.003;0.611;1.29;-2.988;0.0136;0.0092;0.0026;1.142;-3.61
5;0.004;-1.183;0.501;3.056;-0.0268;0.0108;-0.0037;-2.095;-1.055
6;0.005;0.003;1.418;5.764;-0.0131;0.0154;0.0024;-0.219;8.313
7;0.006;-0.001;1.123;3.604;0.0026;0.0327;0.0021;0.073;10.457
8;0.007;-2.632;0.807;-1.201;-0.0515;0.0161;-0.0036;3.197;0.79
9;0.008;1.526;0.635;7.391;0.039;0.0244;0.0034;8.184;-2.948
10;0.009;0.901;1.315;7.666;0.018;0.0253;-0.0069;-7.163;-10.98
11;0.01;-0.938;-0.612;5.152;-0.0085;-0.0211;0.0001;8.657;-4.051
12;0.011;-0.257;-1.311;2.349;-0.008;-0.0359;-0.0025;-1.424;2.006
13;0.012;0.758;1.055;4.308;0.0217;0.0208;0.0069;-4.195;3.083
14;0.013;-0.392;1.148;3.266;0.002;0.0076;-0.0022;4.248;-6.524
15;0.014;-0.364;1.993;3.779;-0.0129;0.0366;0.0004;-5.187;1.212
16;0.015;-2.18;-0.069;6.311;-0.0434;-0.0104;-0.0;-4.781;-0.549
17;0.016;0.832;-1.345;7.759;0.0247;-0.0141;-0.0044;-0.355;0.208
18;0.017;0.186;0.497;6.461;-0.0021;0.0131;-0.0035;-9.542;9.13
19;0.018;0.412;1.76;3.652;0.0293;0.0483;-0.0086;-6.889;-0.641
20;0.019;-2.29;-0.675;2.902;-0.0449;-0.004;0.0006;0.094;1.948
21;0.02;2.476;-0.139;6.644;0.0414;0.0005;-0.0033;-6.891;3.934
22;0.021;0.232;-0.63;0.731;-0.0047;-0.0128;-0.0033;7.272;6.008
23;0.022;-0.581;-1.784;1.876;-0.0003;-0.0315;-0.0035;3.224;-2.515
24;0.023;3.044;1.473;5.73;0.0719;0.0244;-0.0112;-7.958;-5.741
25;0.024;-0.068;-0.483;2.465;-0.0093;-0.0055;-0.0042;4.852;-5.632
26;0.025;-2.176;1.959;4.875;-0.0433;0.0305;0.0113;-4.929;4.116
27;0.026;-0.608;-0.464;3.859;-0.0208;-0.0197;-0.0061;-1.908;3.162
28;0.027;-3.432;-2.062;5.868;-0.0829;-0.0341;0.0027;4.869;1.056
29;0.028;1.574;-1.097;7.238;0.0333;-0.0195;-0.0058;4.392;-5.982
30;0.029;-0.625;-1.141;4.48;-0.0027;-0.0267;0.0036;-1.386;-6.494
31;0.03;-1.114;-0.828;4.243;-0.005;-0.0084;-0.0076;3.823;7.509
32;0.031;1.609;-0.267;7.035;0.0225;-0.0033;-0.0052;-4.986;-2.478
33;0.032;-2.477;-0.435;7.986;-0.0481;-0.0163;0.0033;1.682;-4.185
34;0.033;0.803;1.974;6.371;0.0192;0.0166;-0.0005;0.736;2.266
35;0.034;-3.097;-2.68;3.569;-0.0526;-0.038;-0.0074;-3.195;0.261
36;0.035;-0.993;-1.214;8.595;-0.0283;-0.0302;-0.002;-0.219;13.589
37;0.036;-1.806;0.13;2.396;-0.0272;-0.0086;-0.0012;3.175;0.215
38;0.037;2.193;0.896;3.517;0.0357;0.0234;-0.0044;4.44;6.294
39;0.038;2.649;0.131;4.153;0.0566;-0.0108;0.004;-8.173;-2.196
40;0.039;-0.494;-0.039;7.443;-0.0085;-0.0107;-0.0065;5.548;3.271
41;0.04;1.261;0.643;2.083;0.0235;0.0051;0.0087;-6.312;1.395
42;0.041;-0.27;-0.23;2.795;0.0057;-0.0073;-0.0092;5.558;6.161
43;0.042;0.852;-0.345;7.209;0.002;-0.0147;-0.0045;1.71;6.537
44;0.043;-1.129;0.442;11.624;-0.0153;0.0242;-0.0002;-1.827;-0.469
45;0.044;-2.563;-1.737;3.936;-0.05;-0.0307;0.0037;-3.593;-0.157
46;0.045;-2.705;0.013;2.525;-0.0514;0.008;-0.0022;-7.865;-6.364
47;0.046;0.575;-0.947;1.463;-0.0047;-0.0259;0.0003;-0.742;-5.046
48;0.047;3.371;0.303;7.972;0.0721;0.0119;-0.0088;2.405;3.911
49;0.048;0.404;-0.243;3.981;-0.0032;-0.0158;-0.0032;6.429;-1.664
50;0.049;-0.787;1.482;9.307;-0.0127;0.0347;-0.0003;-0.482;4.956
51;0.05;2.868;0.647;2.543;0.0594;0.0386;0.0102;-1.063;-3.615
52;0.051;0.356;0.351;3.476;-0.0017;-0.0049;0.0037;-2.656;-1.24
53;0.052;0.152;-0.951;5.055;-0.0089;-0.0351;0.0025;0.496;-1.461
54;0.053;0.379;0.652;3.229;-0.0042;0.0134;0.0055;1.399;-0.154
55;0.054;-0.199;-2.566;3.988;0.0031;-0.0408;-0.0028;-1.212;6.224
56;0.055;-0.464;1.045;7.067;-0.0276;0.004;-0.0018;4.433;-2.644
57;0.056;-2.152;1.004;3.28;-0.0359;0.0148;-0.0001;-5.268;9.903
58;0.057;0.752;0.223;1.152;0.0249;-0.0106;0.0108;6.406;3.444
59;0.058;-0.142;0.794;2.992;-0.0018;-0.0011;-0.0023;6.172;5.04
60;0.059;1.79;-1.673;7.065;0.0411;-0.0301;-0.0038;-9.022;5.889
61;0.06;-0.553;-0.595;5.132;-0.0201;-0.0153;0.0035;0.871;-2.049
62;0.061;-2.86;-1.071;7.325;-0.0627;-0.0301;-0.0018;-3.16;-2.528
63;0.062;-0.149;0.689;4.661;-0.0082;0.0069;-0.0063;-0.502;-3.095
64;0.063;2.549;0.686;5.206;0.0677;0.005;-0.0033;-10.718;-5.198
65;0.064;-0.575;1.87;4.951;-0.0142;0.0427;-0.0109;6.42;-2.271
66;0.065;-1.335;-1.243;5.104;-0.0189;-0.0262;0.0056;-2.955;2.53
67;0.066;-1.79;-1.06;4.154;-0.0326;-0.0162;-0.0074;7.888;2.335
68;0.067;-1.575;0.501;-1.374;-0.0458;-0.007;0.0015;0.741;-1.764
69;0.068;-0.45;-0.739;8.268;-0.0157;-0.0252;-0.003;5.216;-11.032
70;0.069;-1.77;-0.797;9.636;-0.0287;-0.0024;-0.0008;4.96;-3.857
71;0.07;2.246;0.733;5.53;0.0456;0.013;0.0006;-7.379;5.069
72;0.071;-0.424;-0.002;6.994;-0.0093;0.0086;0.0056;1.337;8.606
73;0.072;0.163;-0.685;3.416;-0.0034;-0.0018;0.0005;-2.137;-10.364
74;0.073;2.157;1.299;4.902;0.0609;0.0259;-0.0007;-6.232;5.515
75;0.074;2.255;-0.139;9.106;0.0514;-0.0128;-0.0059;-1.916;-9.878
76;0.075;-0.319;-1.678;2.036;0.0013;-0.0306;0.0043;-8.568;-6.471
77;0.076;0.498;-0.256;9.001;-0.0076;0.003;0.0004;-0.797;-1.041
78;0.077;1.103;-0.011;8.125;0.0185;-0.0041;0.0087;-1.119;2.164
79;0.078;-0.289;-0.831;-0.208;0.001;-0.0209;-0.0097;3.662;-4.765
80;0.079;-2.667;1.213;5.511;-0.0501;0.0188;-0.0007;-2.525;3.767
81;0.08;0.982;0.331;8.321;0.0045;0.0282;0.0047;0.358;6.792
82;0.081;1.342;0.826;4.389;0.0299;0.0126;0.0058;-8.249;3.089
83;0.082;0.623;1.047;6.578;0.001;0.0332;-0.0065;-5.92;9.224
84;0.083;-1.385;-0.303;0.758;-0.0155;-0.0163;-0.0016;-0.933;0.257
85;0.084;-0.294;-0.249;7.174;-0.0279;-0.0058;-0.0028;6.249;7.382
86;0.085;-0.886;0.141;6.298;-0.0157;0.0119;0.0019;-5.34;-1.208
87;0.086;-0.45;-0.42;8.583;-0.0041;-0.0127;0.0006;5.87;2.639
88;0.087;1.945;1.735;1.94;0.0348;0.0264;-0.0034;0.112;0.921
89;0.088;2.294;-0.992;5.365;0.054;-0.0085;-0.0089;0.725;12.227
90;0.089;1.004;-1.54;6.486;0.0381;-0.0326;0.0008;1.236;-1.167
91;0.09;0.823;0.7;4.1;0.0142;0.0196;-0.0049;-2.183;-4.556
92;0.091;1.015;-0.181;5.361;0.0073;-0.0065;0.0029;3.54;5.351
93;0.092;-0.018;-1.624;8.901;-0.0127;-0.0457;0.0002;2.323;-4.534
94;0.093;-0.113;0.912;5.058;0.0132;0.0252;-0.0058;1.841;8.265
95;0.094;-1.01;0.964;1.653;-0.0163;0.0285;0.0109;5.816;0.497
96;0.095;-0.084;-0.946;5.189;-0.0026;-0.0148;0.0021;5.77;11.737
97;0.096;3.39;-1.33;3.694;0.0582;-0.0288;-0.0014;-1.449;-2.192
98;0.097;1.304;1.018;3.251;0.039;0.0239;-0.0051;0.068;2.995
99;0.098;-0.513;0.907;7.848;-0.0203;0.0255;-0.0019;2.707;-6.151
100;0.099;-0.708;0.998;4.73;-0.0284;0.0054;0.0039;5.76;-7.509
101;0.1;-1.297;-0.296;2.344;-0.0278;0.01;-0.0016;-3.077;-1.762
102;0.101;0.562;1.094;1.354;0.02;0.0206;-0.0074;6.629;2.109
103;0.102;0.587;2.051;4.66;0.0138;0.0412;0.0066;4.897;5.904
104;0.103;-2.165;0.965;8.013;-0.0569;0.0075;-0.0043;4.993;7.958
105;0.104;0.73;0.902;6.051;0.004;0.0146;0.0016;0.534;-0.177
106;0.105;-0.854;1.46;6.487;-0.0159;0.0305;-0.0102;-0.969;-4.439
107;0.106;2.14;0.694;1.2;0.0571;0.0236;-0.0077;-2.994;-1.528
108;0.107;0.235;0.134;7.12;0.0027;0.0061;0.0064;-10.472;-1.461
109;0.108;2.577;0.547;3.277;0.0628;0.0078;-0.0054;-1.413;-1.832
110;0.109;-0.687;1.265;7.962;-0.0249;0.0051;-0.0007;-3.051;-3.888
111;0.11;-0.432;0.496;8.338;-0.011;0.0096;-0.0024;4.697;-6.234
112;0.111;0.45;0.935;4.667;0.0199;0.0221;-0.0069;-5.142;-8.401
113;0.112;1.584;-0.336;0.662;0.0275;-0.0278;-0.0061;-2.02;2.396
114;0.113;0.849;0.018;7.508;0.016;0.0228;-0.0067;2.557;9.131
115;0.114;-1.85;-1.613;5.382;-0.0259;-0.0367;0.0005;2.488;-4.013
116;0.115;0.274;1.172;4.476;0.0018;0.0459;0.0027;3.974;4.167
117;0.116;0.033;0.54;2.634;0.0109;0.0106;-0.0008;-4.762;7.424
118;0.117;-0.644;-1.087;2.688;-0.0242;-0.024;0.0114;-5.927;-9.17
119;0.118;-0.972;0.659;5.409;-0.0206;0.0228;-0.001;1.363;-6.424
120;0.119;2.621;-0.815;4.615;0.0513;-0.0193;0.002;-4.7;-5.432
121;0.12;-0.586;0.722;7.667;-0.0143;0.0148;-0.013;0.881;4.991
122;0.121;-1.269;2.383;-1.175;-0.0286;0.0421;-0.0031;1.281;4.03
123;0.122;0.956;0.278;4.697;0.0139;0.0078;0.01;-4.034;-6.46
124;0.123;0.196;-0.742;9.21;-0.0075;-0.0109;0.0036;2.533;0.415
125;0.124;-0.114;-0.426;6.711;0.0089;-0.0066;-0.0029;3.898;12.587
126;0.125;1.172;0.397;1.243;0.0277;0.0177;-0.0002;-0.299;0.719
127;0.126;0.733;-0.399;6.637;0.0072;-0.0101;-0.0047;5.671;-7.697
128;0.127;0.543;0.867;3.02;0.0108;0.0129;-0.0068;-3.2;-2.136
129;0.128;1.446;-2.127;2.773;0.0096;-0.052;0.0007;0.756;2.794
130;0.129;0.425;1.719;2.775;0.018;0.0212;0.002;0.16;10.347
131;0.13;-0.925;-0.09;1.43;-0.0131;0.0134;0.0089;-4.822;-3.756
132;0.131;-0.543;0.031;4.189;-0.0173;0.0132;0.0003;0.413;-2.032
133;0.132;-0.781;1.591;5.668;-0.0231;0.0222;0.0049;0.261;-2.308
134;0.133;0.315;1.214;3.603;0.0149;0.0371;0.0023;5.382;-0.116
135;0.134;-1.617;-2.034;2.461;-0.0235;-0.0203;0.0026;8.205;9.56
136;0.135;-2.749;-1.569;5.014;-0.0699;-0.0459;-0.0036;-0.332;1.384
137;0.136;0.132;1.093;1.764;0.0102;0.0292;-0.0004;-0.397;-9.006
138;0.137;-2.005;-0.414;3.99;-0.028;0.002;-0.0089;-1.617;5.976
139;0.138;-2.928;-1.023;3.497;-0.0616;-0.0242;0.0022;6.955;-3.781
140;0.139;0.56;0.97;7.36;0.0069;0.0243;0.0001;17.684;-5.253
141;0.14;-1.067;-0.119;4.66;-0.0257;-0.0143;-0.0009;2.431;3.274
142;0.141;0.744;0.504;12.797;0.0073;-0.0042;0.0042;0.49;0.272
143;0.142;-0.796;-0.945;4.794;-0.0228;-0.0145;-0.0015;4.627;-4.444
144;0.143;-1.683;-0.515;8.214;-0.0272;-0.0103;0.0045;-0.912;1.882
145;0.144;-1.865;-0.202;4.696;-0.0253;0.0023;0.0014;-1.159;0.989
146;0.145;-0.772;0.339;4.598;-0.0115;-0.0011;0.0032;-5.186;1.914
147;0.146;-0.41;1.215;-0.832;-0.0084;0.0182;0.0003;-3.783;5.239
148;0.147;-1.235;-1.882;6.663;-0.0195;-0.0382;0.0085;-2.081;-2.932
149;0.148;-0.422;-0.939;2.55;0.0041;-0.0081;-0.0025;1.471;7.686
150;0.149;-2.304;-0.878;4.142;-0.0382;-0.012;-0.0005;0.021;2.542
151;0.15;0.022;0.133;5.209;0.0201;0.0041;-0.0008;-7.966;-1.367
152;0.151;-2.69;-0.863;7.277;-0.0597;-0.0059;0.0008;-5.867;2.602
153;0.152;-0.291;0.077;-0.737;-0.0125;0.0042;-0.0028;0.384;3.602
154;0.153;1.046;1.298;5.142;0.0293;0.0342;-0.0081;5.278;-3.377
155;0.154;1.638;0.154;5.188;0.0231;0.0039;0.0054;-2.757;0.32
156;0.155;2.572;1.429;2.34;0.0512;0.0298;-0.0034;0.33;-7.013
157;0.156;-2.334;-0.03;3.779;-0.0362;-0.0072;-0.0021;1.895;3.491
158;0.157;1.138;-2.124;4.441;0.026;-0.0525;-0.004;-5.139;0.944
159;0.158;1.809;-0.052;6.148;0.0441;-0.0111;-0.0026;8.476;3.716
160;0.159;1.471;0.34;2.181;0.0372;-0.0072;-0.0056;1.953;-2.204
161;0.16;-1.394;-0.77;2.98;-0.0197;-0.0167;-0.0067;12.614;-0.027
162;0.161;0.618;-0.179;7.352;0.0186;0.0018;-0.0;-6.933;0.013
163;0.162;2.79;1.488;4.382;0.055;0.0473;0.0006;-0.081;1.545
164;0.163;-2.246;0.54;1.265;-0.0362;0.0133;-0.0026;10.102;11.796
165;0.164;0.715;-1.28;8.918;0.032;-0.0121;0.0007;5.962;-2.895
166;0.165;1.668;-1.499;5.968;0.0306;-0.0287;-0.0067;2.263;2.596
167;0.166;-1.045;0.761;5.089;-0.0269;0.0145;-0.0017;-12.819;2.264
168;0.167;0.874;0.682;3.226;0.0278;0.0055;-0.0009;7.176;2.063
169;0.168;-1.606;-1.412;8.571;-0.0326;-0.0383;0.0106;-0.33;0.439
170;0.169;-1.218;-0.246;1.864;-0.0328;0.0072;-0.002;5.059;0.827
171;0.17;-1.226;0.081;3.931;-0.0177;0.015;0.0048;-5.315;-3.435
172;0.171;0.288;1.15;7.497;-0.0027;0.0298;-0.0033;-0.019;0.2
173;0.172;-0.136;0.955;4.512;-0.0077;0.0182;-0.0045;-1.43;0.323
174;0.173;1.431;2.756;3.732;0.0374;0.0419;0.002;9.261;-7.383
175;0.174;-1.41;-0.802;6.978;-0.0433;-0.0223;-0.0034;-0.58;-4.117
176;0.175;-0.197;-2.107;6.212;-0.0046;-0.0355;-0.001;4.753;3.531
177;0.176;1.442;-0.118;4.693;0.0406;-0.003;0.0031;0.258;0.314
178;0.177;0.841;1.191;2.328;0.0115;0.0375;-0.0039;0.722;-11.648
179;0.178;-1.987;-1.323;5.142;-0.029;-0.0159;0.0009;0.878;-6.584
180;0.179;0.998;-1.25;3.388;0.0298;-0.0288;-0.0021;0.634;1.604
181;0.18;-0.718;0.273;7.054;-0.0292;-0.009;-0.0009;-6.717;-0.826
182;0.181;0.578;0.035;3.835;0.0105;0.0143;0.0006;7.542;-1.208
183;0.182;0.451;1.524;8.863;0.0119;0.0316;0.0038;4.637;-5.807
184;0.183;1.829;-0.566;11.44;0.0483;-0.0192;0.0019;-6.654;-2.571
185;0.184;0.175;3.101;10.875;0.0016;0.0649;0.0019;8.828;8.221
186;0.185;-2.781;1.05;5.315;-0.0537;0.0257;0.0057;8.936;7.386
187;0.186;-2.055;1.065;3.99;-0.0546;0.016;-0.0109;0.069;-0.762
188;0.187;1.097;-1.542;2.366;0.0162;-0.0298;0.0036;0.859;-2.108
189;0.188;-0.387;0.567;3.396;-0.0195;0.0071;-0.0074;4.452;2.721
190;0.189;1.707;2.174;4.545;0.025;0.0396;-0.0035;-13.111;-2.569
191;0.19;0.41;-0.3;-2.003;-0.0013;0.0066;0.0032;3.678;12.88
192;0.191;-1.124;2.129;2.834;-0.0051;0.0436;0.0038;-1.706;5.251
193;0.192;1.624;0.96;1.768;0.0341;0.0241;-0.0044;-0.732;-0.198
194;0.193;-1.211;1.466;1.763;-0.0135;0.0146;0.0042;2.427;3.83
195;0.194;-3.079;0.53;3.748;-0.0604;0.0075;0.0005;-7.438;1.5
196;0.195;3.096;1.236;11.175;0.0624;0.0185;-0.0006;-2.522;-4.895
197;0.196;-2.866;-2.066;2.999;-0.0425;-0.0477;0.0027;-2.658;-0.147
198;0.197;0.955;-0.156;12.088;0.016;-0.0062;0.009;-3.706;-5.254
199;0.198;1.408;-0.528;3.031;0.0256;-0.0098;-0.0052;-1.324;5.345
200;0.199;0.221;0.119;2.704;-0.0074;-0.0022;0.0064;2.037;-2.91
201;0.2;-2.525;-0.488;6.282;-0.0462;-0.0064;-0.0002;3.954;-0.166
202;0.201;1.523;-1.461;5.767;0.033;-0.0282;0.0025;3.238;7.31
203;0.202;-2.162;0.488;9.624;-0.0434;0.006;-0.0018;-3.867;4.529
204;0.203;-2.015;0.378;5.126;-0.0367;-0.0026;-0.0009;6.529;1.303
205;0.204;-0.543;-0.016;6.401;-0.0116;0.0106;-0.0111;-6.518;-6.238
206;0.205;1.183;1.116;4.061;0.0185;0.0408;0.0048;4.634;-0.321
207;0.206;0.45;-0.434;1.598;0.0039;-0.0113;0.0044;-3.729;-0.455
208;0.207;1.216;1.109;5.588;0.046;0.0256;0.0018;-4.153;-9.697
209;0.208;-0.665;0.917;10.222;-0.0107;0.0128;0.0009;1.465;-2.307
210;0.209;-0.258;-1.049;7.105;0.0084;-0.0169;0.0002;-1.895;5.856
211;0.21;-1.706;0.981;5.002;-0.0406;0.0313;0.0032;3.115;-5.428
212;0.211;-0.475;-0.332;4.177;-0.0132;-0.0098;-0.0007;-1.031;-2.652
213;0.212;0.89;0.423;3.156;0.0153;0.0059;-0.005;-2.694;-3.828
214;0.213;-0.45;-0.477;10.996;-0.0174;-0.0172;-0.0026;3.592;0.353
215;0.214;0.713;1.57;5.365;0.0167;0.0408;0.0005;2.015;4.332
216;0.215;-0.86;0.569;4.491;-0.019;0.0114;0.0092;-4.649;1.972
217;0.216;-0.889;-3.138;1.63;-0.0247;-0.0652;0.0028;6.449;-3.356
218;0.217;0.059;-1.131;2.868;-0.0094;-0.0071;0.0032;0.363;7.624
219;0.218;-0.292;-1.505;3.996;0.0071;-0.0374;-0.0051;6.953;-5.922
220;0.219;0.889;-0.333;6.923;0.0175;-0.0008;-0.0019;2.338;0.404
221;0.22;0.267;0.815;6.357;0.022;0.0309;-0.0002;-3.573;-5.212
222;0.221;2.611;0.083;-2.981;0.0426;0.0024;-0.0077;12.021;2.848
223;0.222;-0.329;-2.071;3.032;-0.0115;-0.0353;-0.0019;2.319;0.717
224;0.223;-0.341;-2.529;8.165;-0.0093;-0.0463;-0.0045;0.316;1.318
225;0.224;-1.56;-0.004;8.239;-0.0305;0.0046;-0.0043;4.086;1.137
226;0.225;0.034;-0.349;10.031;0.0142;-0.0109;0.0004;-0.861;2.788
227;0.226;1.024;0.974;8.395;0.0039;-0.0076;0.003;1.648;-6.586
228;0.227;-1.11;0.661;6.71;-0.0355;0.0136;-0.0056;0.832;1.585
229;0.228;-0.075;0.292;4.278;-0.0218;0.0042;-0.0002;-4.007;1.377
230;0.229;1.078;1.66;6.073;0.0221;0.0422;0.0065;-1.273;7.473
231;0.23;-0.19;0.414;6.563;0.0027;0.0242;-0.0022;0.455;3.362
232;0.231;-0.779;0.85;5.357;-0.0208;0.0107;-0.0069;-0.228;4.949
233;0.232;1.46;-0.552;5.553;0.0468;-0.0174;-0.0044;-1.099;1.418
234;0.233;0.146;0.475;5.355;-0.0164;0.0277;-0.0015;-9.517;-0.376
235;0.234;0.595;2.027;5.873;0.0174;0.0486;-0.0081;0.914;-1.839
236;0.235;1.757;-1.336;6.105;0.044;-0.0087;0.0035;2.419;4.008
237;0.236;1.718;-1.493;6.003;0.022;-0.0148;0.004;5.783;7.19
238;0.237;-0.521;-0.56;3.949;-0.0114;0.0018;-0.0029;-0.715;-5.028
239;0.238;-0.788;1.326;3.989;0.01;0.0141;0.0091;6.674;0.471
240;0.239;0.426;0.065;6.959;0.0096;-0.0104;0.0048;-5.053;-4.967
241;0.24;-0.199;-0.881;2.111;0.0053;-0.0036;-0.0029;8.952;-3.913
242;0.241;-2.85;0.706;4.171;-0.0459;0.0288;0.0036;3.295;-2.068
243;0.242;1.913;-0.073;6.136;0.0595;-0.0096;0.004;3.932;-6.329
244;0.243;0.029;-0.014;10.079;-0.0012;0.0045;0.0056;-5.596;-1.163
245;0.244;1.105;-1.585;3.551;0.0106;-0.0249;-0.0004;-2.382;3.73
246;0.245;-1.759;-2.223;0.037;-0.022;-0.0427;-0.004;0.735;-1.684
247;0.246;1.932;0.527;2.809;0.0371;0.0072;-0.0021;0.68;-6.713
248;0.247;-0.882;-0.66;8.772;-0.0234;-0.024;0.0068;-7.621;-5.43
249;0.248;-0.162;0.841;3.318;0.0037;0.0202;0.0027;2.547;0.535
250;0.249;-2.102;2.406;8.572;-0.0427;0.0519;0.0108;2.29;1.917
251;0.25;-0.25;0.997;-0.95;-0.0072;0.0184;0.0009;-1.1;0.242
252;0.251;-0.345;-1.436;0.738;-0.0073;-0.0311;-0.0063;-4.372;-1.103
253;0.252;-0.278;0.32;3.629;-0.0005;0.0122;-0.0032;-7.246;-1.835
254;0.253;0.658;-0.698;5.698;0.0042;-0.019;-0.0016;-9.107;4.317
255;0.254;0.091;0.375;9.035;0.0098;0.0147;-0.0012;7.77;-0.94
256;0.255;1.464;1.074;0.691;0.0337;0.0096;-0.0025;10.497;-6.413
257;0.256;-0.702;-0.369;4.783;-0.0062;-0.0023;-0.0068;3.42;-4.597
258;0.257;-1.494;0.685;7.368;-0.022;0.0149;-0.007;3.301;-6.865
259;0.258;-0.029;0.179;7.629;-0.015;-0.0097;0.0028;-2.343;-8.076
260;0.259;0.943;0.596;5.214;0.001;-0.0025;0.0079;-1.22;-0.501
261;0.26;1.867;1.018;6.107;0.0344;0.0066;0.0062;-4.9;4.208
262;0.261;1.221;-0.054;3.768;0.0327;0.0109;-0.0022;-0.376;0.382
263;0.262;-2.648;1.362;7.107;-0.0425;0.0237;0.0046;-5.967;-1.559
264;0.263;0.566;1.556;7.896;0.0066;0.0346;-0.0049;9.508;-5.864
265;0.264;2.191;-1.03;4.728;0.042;-0.0195;-0.0026;-12.237;2.646
266;0.265;0.094;-0.172;8.765;-0.0148;0.0014;0.0104;-6.818;5.526
267;0.266;-0.774;-0.022;5.046;-0.0216;0.0069;0.0047;1.86;-1.881
268;0.267;0.464;-2.291;2.898;0.0046;-0.0222;0.0011;-0.715;-4.954
269;0.268;-0.755;-1.069;6.83;-0.0211;-0.0116;-0.0035;3.678;-4.656
270;0.269;0.959;1.531;8.345;0.0115;0.0391;0.0022;0.882;-7.799
271;0.27;-0.019;0.715;4.694;0.0138;0.0237;-0.0032;3.47;1.609
272;0.271;2.09;0.099;6.11;0.0504;-0.0073;0.0007;4.145;-1.855
273;0.272;0.749;0.268;3.722;0.0121;0.0013;0.0046;-3.561;-0.952
274;0.273;-1.086;1.163;6.617;-0.0305;0.0285;0.0139;-1.7;4.672
275;0.274;0.907;-1.39;2.626;0.0212;-0.0116;0.0014;0.409;-10.909
276;0.275;1.404;1.79;2.257;0.0188;0.0188;0.0056;-1.399;1.494
277;0.276;-0.853;-0.663;9.778;-0.0167;-0.005;0.0057;1.681;-8.144
278;0.277;-0.639;-0.439;6.641;-0.0158;-0.0138;-0.0141;-1.661;-15.723
279;0.278;-3.458;-1.225;1.691;-0.0636;-0.0246;0.0009;-2.211;-2.515
280;0.279;1.355;0.385;4.14;0.0299;0.0288;-0.0021;6.066;0.023
281;0.28;-0.882;-1.011;2.629;-0.0046;-0.0339;0.002;-2.388;1.549
282;0.281;-3.184;-0.097;7.045;-0.0736;0.0126;0.0023;0.157;-4.131
283;0.282;-2.653;-1.071;3.343;-0.0666;-0.0392;-0.0074;4.912;-8.865
284;0.283;-0.334;1.372;1.675;0.0035;0.0327;0.0003;1.909;3.092
285;0.284;1.141;1.549;3.925;0.0136;0.0257;-0.0088;0.476;-1.91
286;0.285;-0.134;-0.911;-1.228;-0.0107;-0.013;0.0033;-1.753;-4.344
287;0.286;0.708;-1.617;3.901;0.001;-0.0239;-0.0049;7.22;-0.197
288;0.287;-1.652;-1.547;0.241;-0.0443;-0.021;0.0032;-1.323;7.249
289;0.288;-2.012;0.917;2.442;-0.0317;0.0241;-0.0013;-6.382;-0.878
290;0.289;1.329;-1.583;7.081;0.016;-0.0277;0.0063;-8.398;0.775
291;0.29;0.738;-1.077;8.951;0.0255;-0.0317;0.0004;4.411;-1.726
292;0.291;-0.046;-0.124;7.279;-0.0029;0.0078;-0.0028;2.535;2.619
293;0.292;1.923;1.739;7.342;0.0529;0.0423;0.0024;-2.954;0.022
294;0.293;-1.427;0.047;-1.839;-0.0377;0.0096;0.0015;5.323;0.079
295;0.294;-0.63;-0.351;2.531;0.0127;-0.0041;-0.013;-3.936;4.169
296;0.295;1.54;0.79;7.101;0.0414;0.0287;-0.0035;6.749;9.226
297;0.296;2.757;-2.039;7.346;0.0717;-0.0289;-0.0038;0.071;-3.494
298;0.297;0.013;-1.317;4.056;-0.0135;-0.0266;0.0004;-5.714;-2.941
299;0.298;2.519;1.132;2.773;0.0432;0.0105;0.0039;0.076;5.544
300;0.299;-0.904;1.291;7.315;-0.0238;0.0188;0.0043;-6.333;6.862
301;0.3;0.495;0.646;1.842;0.0085;0.0167;0.0021;-10.307;-0.138
302;0.301;-0.261;0.466;3.414;-0.0162;0.0106;-0.0053;0.461;-2.718
303;0.302;-2.382;-0.363;1.695;-0.031;0.0053;0.0019;-2.237;-1.868
304;0.303;0.387;-0.293;-0.959;0.0283;-0.0055;0.0111;-1.67;-0.85
305;0.304;1.399;2.088;5.412;0.0401;0.0575;0.0063;1.463;-4.705
306;0.305;-0.222;-1.189;8.099;0.0134;-0.0381;-0.0073;7.319;6.028
307;0.306;-0.106;1.503;6.672;-0.001;0.0395;-0.0043;0.862;2.663
308;0.307;2.089;-0.063;2.762;0.0476;-0.0152;-0.0085;-3.294;1.19
309;0.308;-1.875;-1.86;6.856;-0.0313;-0.0543;0.0013;3.678;2.925
310;0.309;-2.246;0.657;1.963;-0.0589;0.0104;-0.0005;2.427;3.208
311;0.31;-0.981;-0.96;-3.551;-0.006;-0.0181;0.0049;-2.188;5.258
312;0.311;-1.795;0.476;3.553;-0.0281;0.0202;-0.0035;2.413;2.73
313;0.312;2.019;0.425;6.479;0.0293;0.0041;0.0103;-4.362;2.725
314;0.313;0.465;2.756;0.151;0.0299;0.0314;-0.0039;-4.444;0.229
315;0.314;-1.296;-0.711;4.009;-0.0469;-0.0114;0.0039;5.575;4.242
316;0.315;-0.922;-2.354;5.195;-0.023;-0.0485;-0.0064;3.695;9.583
317;0.316;4.292;0.491;5.837;0.0896;0.0191;-0.009;-0.755;2.574
318;0.317;-0.915;0.768;9.519;-0.0196;0.0167;-0.0034;-6.423;3.153
319;0.318;-1.143;-0.294;2.276;-0.0217;-0.0008;-0.0012;6.167;4.958
320;0.319;0.456;-0.884;2.625;-0.0036;-0.0254;0.0024;-3.098;-0.306
321;0.32;0.957;0.589;5.621;0.0131;0.0209;0.0006;-3.669;-0.35
322;0.321;0.333;0.828;8.158;0.0031;0.02;0.0037;-6.142;6.245
323;0.322;-1.363;-0.495;5.544;-0.0222;-0.0147;-0.0075;-14.158;4.675
324;0.323;-1.739;0.996;3.692;-0.0326;0.008;-0.0016;-2.735;0.873
325;0.324;0.894;0.069;4.269;0.005;-0.0006;-0.0072;0.086;-1.928
326;0.325;-0.081;-0.088;9.473;0.0001;0.0014;-0.0061;-6.635;3.447
327;0.326;-2.462;-1.426;7.298;-0.0565;-0.0298;0.0041;-1.935;-3.252
328;0.327;1.757;-0.782;6.85;0.0295;-0.0106;0.0106;8.664;-1.173
329;0.328;1.163;0.797;5.684;0.0124;0.0183;-0.0053;7.645;-4.967
330;0.329;-0.361;1.495;8.235;-0.005;0.0257;0.0003;-2.3;-1.736
331;0.33;-0.39;1.366;6.994;-0.0176;0.0109;0.0041;-9.857;-5.453
332;0.331;0.347;-0.1;6.044;-0.0148;-0.0004;0.007;-1.703;3.817
333;0.332;-1.031;-0.18;4.0;-0.0193;-0.0084;-0.0066;4.483;-6.875
334;0.333;-2.022;-1.014;4.454;-0.0353;-0.0164;0.0122;5.045;3.721
335;0.334;0.484;-0.936;5.935;0.0123;-0.0181;-0.0026;4.696;11.102
336;0.335;-2.159;-0.426;0.038;-0.0559;-0.0122;-0.0001;-5.027;0.734
337;0.336;0.586;1.15;2.847;-0.0025;0.0176;-0.002;-6.874;3.014
338;0.337;-2.162;1.418;1.769;-0.056;0.0249;-0.0121;5.024;-1.337
339;0.338;-0.149;0.427;6.317;-0.0129;0.0033;-0.0065;2.416;10.386
340;0.339;-0.203;0.676;9.708;-0.0068;0.0076;-0.0032;1.972;2.407
341;0.34;2.674;-1.118;7.637;0.0544;-0.0171;-0.0013;9.779;1.217
342;0.341;-1.597;-0.216;5.583;-0.0223;0.0103;0.0015;-4.262;11.341
343;0.342;-2.122;0.832;1.073;-0.0321;0.0131;-0.0022;3.116;-0.719
344;0.343;-0.969;0.073;10.605;-0.0349;-0.0195;-0.0028;-0.861;-9.851
345;0.344;-1.686;0.693;6.685;-0.0345;0.0074;-0.0037;2.898;-2.121
346;0.345;-0.885;-1.546;8.457;-0.0308;-0.0202;0.0075;-3.677;5.095
347;0.346;0.631;1.805;6.059;0.015;0.0255;0.0103;-1.52;0.746
348;0.347;1.158;-0.37;7.127;0.0111;0.0027;-0.0056;-6.596;5.911
349;0.348;2.489;-0.749;8.676;0.0345;-0.0303;-0.0085;1.978;3.262
350;0.349;-1.105;0.125;3.793;-0.0374;0.0068;0.0038;2.692;-2.984
351;0.35;3.958;-4.406;7.215;0.0852;-0.089;-0.001;-0.515;3.818
352;0.351;2.973;-0.396;-1.263;0.0444;-0.0102;-0.0083;-3.26;3.968
353;0.352;-0.305;2.376;7.937;-0.0146;0.0643;-0.002;-3.112;-7.349
354;0.353;-3.437;-0.691;7.169;-0.0707;0.0002;0.0056;1.5;-5.546
355;0.354;-0.125;1.124;5.242;0.0001;0.0326;0.0007;2.484;4.876
356;0.355;0.109;-2.004;7.936;0.0158;-0.0317;-0.0048;4.953;-0.561
357;0.356;-3.449;-1.68;13.994;-0.0712;-0.0186;-0.0066;-0.267;-4.076
358;0.357;0.111;-1.899;6.628;-0.0079;-0.0265;0.0065;-1.504;3.185
359;0.358;-0.3;1.634;5.572;-0.0043;0.0317;-0.0057;6.316;-4.32
360;0.359;-1.179;-2.259;3.019;-0.0344;-0.0476;0.0048;-1.176;1.289
361;0.36;0.94;0.34;5.483;0.0252;-0.0055;0.0035;4.75;3.65
362;0.361;1.508;-0.989;3.458;0.0395;-0.0317;0.0063;6.21;1.652
363;0.362;-0.729;0.772;8.231;-0.0022;-0.0124;0.0021;9.652;-0.737
364;0.363;0.344;-1.29;4.473;-0.0058;-0.0216;-0.0093;-1.485;3.448
365;0.364;-0.982;-0.821;5.993;-0.0191;-0.0222;-0.0031;3.847;-2.581
366;0.365;-1.18;0.443;6.634;-0.0227;0.0204;0.0005;0.035;0.778
367;0.366;0.119;-2.083;6.13;0.0067;-0.0627;0.0022;0.486;0.84
368;0.367;0.785;-2.441;5.554;0.0196;-0.0615;-0.0003;-4.634;-4.223
369;0.368;-0.845;2.391;5.845;-0.0172;0.043;0.0036;0.728;4.821
370;0.369;-3.321;0.091;3.973;-0.0651;-0.0039;0.0071;5.628;-0.973
371;0.37;0.879;0.591;6.568;0.0154;0.0176;-0.0008;-7.287;-1.42
372;0.371;-2.395;0.004;6.05;-0.0591;0.0335;0.0044;10.355;-4.134
373;0.372;0.183;0.43;4.637;0.0077;0.0031;0.0006;-4.314;6.37
374;0.373;2.669;0.01;3.67;0.0419;0.0144;0.0075;1.499;8.751
375;0.374;-0.025;0.487;10.717;0.0022;0.0146;0.0055;1.008;-7.85
376;0.375;-1.785;-1.484;4.819;-0.0371;-0.0441;-0.0007;2.686;1.45
377;0.376;-2.192;-3.114;10.013;-0.0521;-0.0704;0.0013;8.493;1.64
378;0.377;1.756;-0.796;8.351;0.0382;-0.0263;0.0021;-1.465;-3.025
379;0.378;-0.025;1.858;3.138;0.0127;0.0109;-0.0064;-5.599;-0.618
380;0.379;0.81;-0.777;6.111;0.0236;-0.0103;-0.0029;1.651;7.897
381;0.38;1.389;-2.192;4.226;0.0171;-0.057;0.0092;7.197;1.393
382;0.381;-0.074;1.827;5.04;0.0099;0.0211;0.007;1.981;-4.074
383;0.382;-0.463;1.247;5.906;-0.0149;0.0405;0.0049;-8.283;0.013
384;0.383;-1.421;-0.7;10.323;-0.0217;-0.0295;-0.0033;0.488;4.985
385;0.384;-4.624;0.911;4.113;-0.0912;0.02;0.0049;-3.513;3.742
386;0.385;-2.277;0.647;9.048;-0.039;0.0051;0.0037;6.159;10.121
387;0.386;-0.104;-1.49;2.895;0.0065;-0.0498;0.0025;-3.124;7.709
388;0.387;-0.263;1.46;5.724;-0.0011;0.0255;0.0009;9.574;-0.63
389;0.388;0.605;0.781;6.681;0.0208;0.0148;0.0076;6.337;2.06
390;0.389;-0.19;0.558;5.786;-0.0045;0.0024;0.0027;4.705;-3.505
391;0.39;0.239;1.343;-0.3;0.0128;0.0314;-0.0022;4.753;1.012
392;0.391;1.182;-2.294;4.37;0.0193;-0.0494;0.006;-3.588;7.187
393;0.392;-1.328;-0.118;1.415;-0.0348;-0.0169;-0.0084;-3.003;5.927
394;0.393;-0.431;1.879;5.91;-0.0048;0.0537;-0.007;-3.417;-0.85
395;0.394;-2.411;1.549;5.384;-0.0439;0.0303;0.0011;4.372;-0.216
396;0.395;1.459;-1.738;3.119;0.0179;-0.0516;0.0024;2.304;7.416
397;0.396;0.058;0.781;8.43;-0.0043;0.0147;0.0002;-0.288;9.437
398;0.397;0.735;-0.759;7.722;-0.0083;-0.0228;0.0061;-3.604;-4.376
399;0.398;2.314;0.479;3.888;0.0449;0.0093;0.0069;3.398;-2.228
400;0.399;1.619;-0.891;13.176;0.0256;-0.0363;0.0026;-4.329;-2.809
401;0.4;-0.09;1.668;5.473;0.0052;0.0318;-0.0075;0.071;1.231
402;0.401;1.182;2.552;8.516;0.026;0.0631;0.0041;8.366;-2.295
403;0.402;-2.148;1.319;4.49;-0.0604;0.0248;-0.0073;7.85;1.131
404;0.403;0.651;1.353;0.832;0.0307;0.0246;-0.0074;9.872;-2.82
405;0.404;0.208;0.308;8.707;0.0;0.0079;0.0099;3.689;-2.666
406;0.405;-2.427;-0.141;6.912;-0.0443;-0.0142;-0.0123;-8.92;5.915
407;0.406;2.006;1.878;-0.374;0.0411;0.0319;-0.0046;-3.845;-14.551
408;0.407;-1.056;1.118;5.527;-0.0177;0.0167;0.0021;4.502;-5.187
409;0.408;1.025;0.451;4.966;0.0333;0.0067;-0.0035;6.908;-1.627
410;0.409;-0.63;-0.665;7.262;-0.0166;-0.0172;-0.0046;-2.626;2.722
411;0.41;1.49;-1.238;6.067;0.013;-0.0092;-0.0052;2.36;-2.298
412;0.411;1.968;1.142;5.957;0.0358;0.0209;0.0071;-0.807;0.431
413;0.412;-1.245;1.133;9.257;-0.0162;0.023;-0.0037;-0.192;-0.421
414;0.413;-2.296;0.118;3.191;-0.0518;0.0023;0.0019;-0.285;7.703
415;0.414;-0.197;0.217;4.095;-0.0052;0.0157;-0.0013;2.341;5.075
416;0.415;1.273;-1.618;4.224;0.0219;-0.0289;-0.0018;4.996;-1.049
417;0.416;-0.557;-0.75;5.813;-0.0078;-0.0026;-0.0041;-3.919;1.327
418;0.417;-0.92;-1.062;4.374;-0.0156;-0.0227;0.0025;3.905;-0.595
419;0.418;0.732;0.758;4.272;0.0192;0.022;-0.0041;7.249;-4.591
420;0.419;-4.142;-0.133;2.675;-0.0916;-0.002;-0.0008;-2.045;0.269
421;0.42;-0.997;0.096;2.783;-0.032;0.0083;-0.0013;-2.554;11.007
422;0.421;-2.076;-0.784;5.797;-0.0505;-0.0252;-0.0002;9.811;-0.776
423;0.422;0.442;0.192;3.276;0.0186;-0.015;0.004;-7.805;-0.298
424;0.423;-1.104;-1.887;5.039;-0.0305;-0.0296;-0.0027;1.606;4.091
425;0.424;-1.673;2.195;8.071;-0.0347;0.0314;-0.0027;-3.804;4.978
426;0.425;-0.531;0.141;6.572;-0.0182;0.0159;-0.0039;4.621;5.66
427;0.426;-2.203;0.692;8.457;-0.041;0.0134;0.0011;6.21;3.221
428;0.427;-0.02;0.627;-0.086;-0.0222;0.0092;-0.002;-0.367;3.59
429;0.428;-1.024;-0.908;3.29;-0.0161;-0.0314;0.0005;1.765;11.722
430;0.429;-0.566;1.745;4.189;-0.0122;0.0379;0.0016;12.497;-5.634
431;0.43;-1.076;0.313;5.622;-0.0255;0.0099;0.0054;0.635;3.809
432;0.431;1.368;-0.07;5.358;0.0396;0.0068;0.0055;-2.901;0.084
433;0.432;-0.163;1.339;3.408;0.0007;0.0329;0.0161;6.937;9.406
434;0.433;0.787;-0.969;6.889;0.0013;-0.0081;-0.0101;-4.709;2.13
435;0.434;0.72;0.897;6.093;0.0331;0.0182;0.004;6.611;-3.199
436;0.435;-1.209;2.227;1.9;-0.0271;0.036;-0.0069;-2.277;-0.743
437;0.436;0.855;-0.463;6.439;0.0183;-0.0148;-0.0004;-2.465;4.041
438;0.437;0.524;0.656;1.829;0.0109;0.0165;-0.0018;1.23;2.083
439;0.438;0.47;-1.466;10.383;0.0166;-0.0275;-0.0032;11.316;-3.247
440;0.439;-0.598;0.412;4.487;-0.0221;0.0313;-0.0057;1.897;8.987
441;0.44;-0.64;0.459;5.081;-0.0339;0.034;0.0003;4.439;-3.916
442;0.441;1.178;-1.833;7.773;0.0203;-0.0237;-0.0058;-3.228;2.796
443;0.442;3.273;2.063;2.546;0.0775;0.0385;-0.0124;-1.621;-0.571
444;0.443;-1.245;2.569;0.374;-0.0251;0.0478;-0.0054;-0.143;2.239
445;0.444;0.802;-2.135;3.763;0.0069;-0.0294;0.0049;5.517;5.972
446;0.445;-0.549;0.628;9.289;-0.0224;-0.0006;0.0019;4.603;12.268
447;0.446;1.177;-0.381;7.298;0.0254;0.0085;-0.0012;0.164;0.004
448;0.447;0.657;-0.186;1.912;0.0147;0.0013;0.0003;-2.903;5.54
449;0.448;1.59;0.607;3.216;0.0638;0.0305;-0.0011;-8.05;1.786
450;0.449;-4.192;0.184;8.744;-0.0797;0.0067;-0.0047;-3.178;-0.682
451;0.45;-0.902;-0.128;10.682;-0.0122;-0.0071;-0.0023;4.814;-5.951
452;0.451;-1.482;0.452;1.876;-0.0317;0.0019;-0.0071;3.28;-1.956
453;0.452;-0.162;-0.358;4.424;-0.0091;-0.0066;0.0072;-0.576;-0.374
454;0.453;-1.086;0.372;4.968;-0.0151;-0.0092;-0.0091;-4.006;0.972
455;0.454;-0.961;-0.698;-0.244;-0.0163;-0.0125;-0.0055;-5.739;2.622
456;0.455;1.023;1.167;6.649;0.0195;0.0239;-0.0032;-2.514;0.291
457;0.456;2.853;2.512;7.464;0.0552;0.0434;0.002;2.689;6.643
458;0.457;-4.236;0.141;5.873;-0.074;0.0056;-0.0038;7.716;0.125
459;0.458;-0.466;-0.256;2.984;-0.0046;-0.0178;0.0068;2.658;2.4
460;0.459;0.468;1.728;4.796;0.0149;0.0533;0.0032;0.02;5.082
461;0.46;0.007;-2.254;6.67;0.0084;-0.0538;0.0015;7.019;-3.683
462;0.461;-0.518;-0.112;3.728;-0.0166;-0.0001;-0.0037;11.747;-2.471
463;0.462;-2.03;-1.263;4.056;-0.0288;-0.036;-0.0008;-2.828;6.292
464;0.463;-1.414;-0.569;4.477;-0.019;-0.0085;0.0038;-6.554;2.629
465;0.464;1.087;-1.18;8.076;0.0265;-0.0407;0.0002;8.105;3.158
466;0.465;1.614;-0.252;9.054;0.0491;-0.0188;0.0032;-3.934;-4.764
467;0.466;0.145;1.548;7.161;-0.0077;0.0307;0.0087;1.266;-2.62
468;0.467;-1.254;-0.933;5.077;-0.0144;-0.0206;0.0023;-1.204;1.984
469;0.468;0.144;-0.177;6.183;0.0182;0.009;0.0;3.447;-1.84
470;0.469;-0.36;1.441;6.176;-0.003;0.029;-0.0054;-3.068;2.754
471;0.47;0.818;0.696;2.74;0.0252;0.0177;0.0028;2.695;6.161
472;0.471;0.177;0.964;8.776;0.0177;0.0315;-0.0083;1.421;0.242
473;0.472;-0.933;-0.071;3.197;-0.0162;0.0142;0.0054;10.817;-0.068
474;0.473;0.286;-0.545;5.598;-0.0044;-0.0024;0.0053;1.438;-1.801
475;0.474;-1.769;-0.469;2.237;-0.0568;-0.0144;0.0054;1.438;-7.328
476;0.475;1.23;-0.393;3.549;0.0087;-0.0094;0.0056;0.804;1.7
477;0.476;1.774;-1.507;7.673;0.0277;-0.0286;-0.0022;6.461;-6.379
478;0.477;-1.768;-2.757;3.548;-0.0301;-0.0641;0.0001;-0.916;-0.695
479;0.478;0.632;-0.571;0.982;0.0179;-0.0059;0.0001;4.609;3.97
480;0.479;-1.487;0.318;-1.308;-0.0422;0.0061;-0.0013;3.109;-4.309
481;0.48;1.608;-0.625;2.193;0.0086;-0.0118;-0.0004;-3.45;-3.069
482;0.481;1.356;1.352;3.221;0.0077;0.0373;0.0054;10.182;-0.666
483;0.482;-0.345;1.435;4.9;-0.0263;0.0172;-0.0002;7.228;-3.178
484;0.483;1.492;0.146;1.531;0.0323;0.0155;0.0038;11.808;-2.998
485;0.484;-0.647;-0.355;4.569;-0.0238;-0.0051;-0.0039;-4.078;-0.198
486;0.485;-0.965;0.577;2.644;-0.0137;0.0177;0.0035;-7.78;-2.574
487;0.486;-0.853;-0.571;5.908;-0.0081;-0.0121;0.0008;-3.846;5.027
488;0.487;-0.211;-0.22;5.011;0.0074;-0.0159;0.0075;-6.374;3.947
489;0.488;-0.485;-0.967;2.917;-0.0104;-0.0132;-0.0018;5.4;-6.781
490;0.489;0.232;-0.745;2.687;-0.0076;-0.0256;-0.0004;-3.204;-4.077
491;0.49;-0.923;0.733;4.399;-0.0304;0.0167;-0.0014;5.213;0.524
492;0.491;1.147;-0.453;5.411;0.0004;0.007;-0.0022;-3.983;2.134
493;0.492;1.531;0.634;3.069;0.0585;0.0119;0.0009;-2.39;-1.63
494;0.493;-0.744;0.044;6.809;-0.0098;0.0054;-0.0072;-4.615;1.628
495;0.494;-2.141;0.133;3.308;-0.0306;0.0183;-0.0005;-3.181;-0.064
496;0.495;1.086;0.442;1.677;0.0274;0.0228;0.0034;-10.08;-5.027
497;0.496;1.708;-2.587;6.558;0.0349;-0.0609;0.0019;-3.129;1.846
498;0.497;-0.245;-0.464;1.062;-0.0;-0.0251;-0.0019;2.351;-6.354
499;0.498;-1.93;0.397;9.178;-0.0444;0.0122;-0.0053;-8.283;4.928
500;0.499;0.4;1.779;4.055;0.0276;0.0418;0.0047;2.304;-1.579
501;0.5;2.287;0.678;4.533;0.0581;0.0133;0.0045;-0.555;-0.057
502;0.501;-2.814;3.094;10.037;-0.0645;0.0575;-0.0095;-1.329;9.181
503;0.502;0.717;1.609;1.889;0.0202;0.0362;-0.0024;2.181;3.047
504;0.503;-0.47;0.231;8.349;-0.0036;0.0132;0.0082;5.118;4.235
505;0.504;-1.284;-1.473;5.469;-0.031;-0.0218;-0.005;0.097;-6.809
506;0.505;0.747;-0.296;5.805;0.0094;-0.0082;0.0071;-1.743;-4.341
507;0.506;-1.948;-0.204;8.56;-0.0276;-0.0149;0.0085;-3.406;-2.692
508;0.507;0.445;0.166;9.851;0.0111;0.0047;-0.0028;-6.413;0.116
509;0.508;1.97;0.513;6.519;0.0411;-0.0046;0.0006;-3.669;-0.113
510;0.509;0.265;-1.52;6.428;0.007;-0.0291;0.0032;-1.194;0.468
511;0.51;-1.314;0.658;4.495;-0.028;0.007;0.0003;-10.705;12.696
512;0.511;-2.669;-0.284;1.976;-0.0432;-0.0053;0.0008;-1.023;-5.187
513;0.512;-1.923;-0.74;1.446;-0.0296;-0.0072;-0.0005;3.846;2.408
514;0.513;-2.762;-1.485;7.848;-0.0367;-0.0213;0.0033;-5.79;-1.075
515;0.514;2.399;0.3;5.102;0.0549;0.0051;0.0039;5.5;3.891
516;0.515;-0.374;-0.568;2.499;0.0044;-0.0155;0.0013;3.43;2.535
517;0.516;-1.568;-2.643;4.252;-0.0339;-0.0616;0.0022;-0.25;-5.191
518;0.517;-1.947;0.122;6.338;-0.0298;0.0208;0.0064;13.829;1.131
519;0.518;-1.601;-0.196;4.258;-0.0187;-0.003;-0.0023;-3.584;-6.596
520;0.519;-0.504;-1.943;6.019;-0.0037;-0.0569;-0.0041;6.279;3.484
521;0.52;-1.924;0.79;7.059;-0.0462;0.0138;-0.0054;-7.69;-3.28
522;0.521;2.514;-0.301;8.672;0.0531;-0.0044;-0.0011;-4.866;-3.646
523;0.522;-1.121;0.495;1.828;-0.0033;0.0015;0.0001;-3.826;-6.192
524;0.523;-1.174;-1.449;4.079;-0.0155;-0.0229;0.0006;6.548;-11.438
525;0.524;0.462;-0.617;5.513;0.0077;-0.0087;-0.0002;-2.178;-3.66
526;0.525;2.176;0.464;5.224;0.0339;0.0002;0.0012;-5.566;1.49
527;0.526;1.986;0.82;6.79;0.0456;0.0345;0.0049;2.531;-11.185
528;0.527;-0.732;-0.807;0.079;-0.0051;-0.0229;0.0097;-1.022;4.573
529;0.528;0.383;-3.134;1.964;0.0048;-0.072;0.0023;6.87;-5.034
530;0.529;0.224;0.278;8.037;0.0037;0.0166;-0.0049;-3.909;7.406
531;0.53;0.795;-0.247;10.212;0.0024;0.0027;0.0009;-5.509;-2.865
532;0.531;0.384;1.674;4.969;0.0236;0.0262;-0.0018;0.659;4.504
533;0.532;-1.416;-1.203;1.686;-0.0236;-0.0309;-0.0019;6.709;-2.584
534;0.533;-1.89;0.572;0.379;-0.0467;0.0134;-0.0057;-0.729;-7.545
535;0.534;0.263;-1.748;6.962;0.0097;-0.0469;-0.0042;-5.862;1.939
536;0.535;-1.775;0.364;10.214;-0.0402;0.0001;0.0084;7.275;-12.063
537;0.536;2.045;-0.422;7.804;0.0311;-0.0008;0.0021;-0.382;-8.005
538;0.537;0.06;0.275;3.713;0.0127;-0.0017;0.0026;7.249;0.674
539;0.538;-1.539;-0.072;6.425;-0.0351;0.0031;-0.0028;-0.422;-2.503
540;0.539;-0.482;-0.204;0.223;-0.0104;0.0021;0.008;3.3;2.042
541;0.54;-0.761;1.88;2.606;-0.0298;0.0441;-0.0056;0.51;-1.15
542;0.541;-0.197;1.413;4.161;-0.0051;0.0401;-0.0047;0.081;3.455
543;0.542;1.419;0.019;2.812;0.0359;0.0066;0.0022;6.49;5.65
544;0.543;-2.167;-1.096;0.534;-0.0497;-0.0364;0.0013;-9.021;4.997
545;0.544;-2.801;-0.969;8.335;-0.0564;-0.0119;0.007;0.984;1.376
546;0.545;0.507;1.284;6.81;0.0112;0.0361;0.0007;3.693;-7.323
547;0.546;-0.266;0.06;0.857;0.0218;0.014;0.0018;-6.505;2.324
548;0.547;0.245;-0.857;11.968;0.0078;-0.0175;-0.0042;-1.3;-4.689
549;0.548;0.667;-0.794;10.106;-0.0139;-0.0125;0.0021;-1.282;4.812
550;0.549;-0.272;1.644;5.43;0.0055;0.0307;0.0045;5.447;1.882
551;0.55;1.2;0.158;5.443;0.0194;-0.0011;-0.0031;-5.036;-5.211
552;0.551;-1.34;-1.039;0.045;-0.0235;-0.016;0.0062;-0.644;-2.698
553;0.552;0.097;1.822;8.672;0.0005;0.0454;0.0038;3.042;2.217
554;0.553;-1.246;0.462;4.16;-0.0222;0.0083;-0.0006;-0.247;-13.657
555;0.554;-1.695;-1.654;8.083;-0.0617;-0.0344;0.0064;6.353;-4.878
556;0.555;0.923;-1.487;6.134;0.0166;-0.0546;-0.0002;5.823;-8.414
557;0.556;0.854;0.382;4.676;0.0122;0.0016;0.0036;-2.438;-2.227
558;0.557;-2.913;-0.878;3.915;-0.0449;-0.024;0.0004;-7.825;-0.304
559;0.558;-1.683;-0.517;0.506;-0.0368;-0.0065;-0.0053;0.215;6.886
560;0.559;0.438;2.18;5.513;0.0231;0.066;0.0021;0.374;-1.02
561;0.56;1.605;2.361;4.908;0.017;0.0399;-0.0085;0.084;-0.217
562;0.561;-0.999;2.178;3.14;-0.0246;0.0337;-0.0002;5.009;-2.001
563;0.562;-0.276;0.588;-2.127;-0.0049;-0.0017;0.0042;1.221;4.237
564;0.563;-2.12;0.345;1.296;-0.0453;-0.0033;-0.0029;-0.086;-1.096
565;0.564;3.766;-1.332;5.668;0.0818;-0.0249;-0.0041;-2.477;4.69
566;0.565;0.713;-1.384;6.712;0.0095;-0.0365;-0.0019;-2.254;-1.573
567;0.566;1.342;0.154;10.756;0.0204;-0.0052;0.0001;-5.932;6.652
568;0.567;0.987;0.216;1.648;0.0129;0.0055;-0.0016;3.762;1.98
569;0.568;1.4;1.182;2.819;0.0209;0.0353;-0.002;3.36;5.464
570;0.569;0.912;1.022;5.596;0.0059;0.0322;0.0086;-6.313;-2.394
571;0.57;-0.503;0.61;3.987;-0.0177;0.0214;0.0006;-5.641;-11.401
572;0.571;1.116;0.787;1.309;0.0118;0.0205;0.0009;-2.915;-3.278
573;0.572;0.119;0.351;7.096;0.0197;0.0212;0.0109;-4.271;2.91
574;0.573;1.945;1.618;7.197;0.0274;0.0279;0.0081;1.063;7.412
575;0.574;-1.103;-1.27;3.341;-0.0226;-0.0491;0.0076;-4.215;-1.951
576;0.575;-0.812;2.428;3.06;-0.0051;0.0449;0.0013;-8.857;5.974
577;0.576;0.992;0.761;9.578;0.0324;0.0115;-0.0015;1.911;1.783
578;0.577;1.919;-1.565;4.065;0.0367;-0.0398;0.002;5.781;0.794
579;0.578;0.218;0.384;0.606;0.0192;-0.0066;0.0002;-0.255;6.471
580;0.579;-1.069;2.117;5.566;-0.0067;0.038;-0.005;3.875;-3.02
581;0.58;-0.178;-0.68;-1.304;-0.0106;-0.0108;0.0117;0.043;-0.669
582;0.581;-0.747;0.687;4.885;-0.0126;0.006;-0.0089;-6.748;8.225
583;0.582;2.845;-0.033;4.101;0.0586;0.0018;0.0053;-2.714;0.397
584;0.583;1.348;1.813;4.116;0.0477;0.0516;-0.0093;-2.221;-0.157
585;0.584;1.897;0.331;3.899;0.0364;0.0091;-0.0002;8.91;7.944
586;0.585;0.452;-0.691;9.064;0.0008;-0.0046;-0.0034;4.032;1.276
587;0.586;-0.833;0.599;2.513;-0.0392;-0.0045;-0.0055;2.614;9.065
588;0.587;1.76;0.627;3.048;0.0525;0.0099;0.0041;11.528;-0.621
589;0.588;2.481;0.183;4.923;0.0436;-0.0011;-0.0039;9.827;3.503
590;0.589;0.873;-0.608;4.903;0.0313;-0.0151;0.0015;-0.305;17.622
591;0.59;-0.036;-1.637;4.9;0.0083;-0.0189;-0.0016;-3.872;-9.629
592;0.591;1.621;0.005;5.579;0.0163;0.0074;0.0078;-1.931;-7.825
593;0.592;-0.557;-1.892;4.048;-0.0177;-0.0488;0.0042;3.285;6.092
594;0.593;1.147;-0.985;1.688;0.0371;-0.0181;0.0033;-0.254;9.889
595;0.594;-1.067;0.141;3.657;-0.0292;-0.0008;0.0039;-9.178;-5.023
596;0.595;-1.456;1.337;8.074;-0.0189;0.0171;-0.0035;-1.52;-1.453
597;0.596;0.85;1.118;5.826;0.0242;0.0133;0.0029;3.268;3.39
598;0.597;0.507;-2.053;7.245;-0.0012;-0.0444;-0.0048;-9.335;3.632
599;0.598;2.856;1.214;2.037;0.077;0.0393;-0.0083;1.872;6.322
600;0.599;-0.42;-2.437;9.36;0.005;-0.0481;-0.0014;0.787;-4.047
601;0.6;0.035;0.305;7.976;-0.0026;-0.0003;0.0031;-1.887;-2.563
602;0.601;-1.71;0.168;3.128;-0.0114;0.004;-0.0017;-0.218;-4.682
603;0.602;-2.804;1.108;2.381;-0.069;0.0177;0.0046;9.346;-0.625
604;0.603;-2.671;0.258;3.955;-0.0537;0.0194;0.0058;-9.477;5.11
605;0.604;0.695;1.311;10.121;0.0029;0.0502;-0.0051;-7.161;4.82
606;0.605;-1.765;-0.675;9.411;-0.0365;-0.0045;-0.0009;0.401;-3.633
607;0.606;1.69;-0.091;-1.826;0.0441;0.0055;-0.0005;1.337;8.466
608;0.607;2.133;1.099;8.761;0.0408;0.0121;0.01;3.157;-1.115
609;0.608;-0.428;-0.585;9.298;-0.0196;-0.013;-0.0031;-7.272;3.336
610;0.609;2.488;-0.601;3.099;0.0567;-0.0115;0.004;-1.581;3.11
611;0.61;0.341;0.136;6.937;-0.0026;0.006;-0.0021;11.461;10.064
612;0.611;1.687;-1.799;4.265;0.0401;-0.0364;-0.004;0.795;-2.77
613;0.612;-0.339;-0.231;6.282;-0.0101;-0.0076;0.0055;1.223;7.756
614;0.613;1.439;-1.172;7.324;0.0399;-0.0313;-0.0046;-2.028;2.477
615;0.614;-1.415;1.81;3.476;-0.0272;0.0236;0.001;-2.208;1.346
616;0.615;0.934;1.557;-0.726;0.0369;0.0234;0.0013;9.753;-12.667
617;0.616;-0.689;0.895;8.096;-0.0044;0.0181;0.0047;5.253;1.924
618;0.617;-0.196;2.675;6.026;-0.0245;0.0537;0.0076;-0.223;-1.051
619;0.618;0.948;0.303;-0.355;0.0267;0.0148;-0.0037;-3.285;-1.474
620;0.619;0.259;-0.386;8.426;-0.0005;-0.0093;-0.0015;11.474;2.217
621;0.62;-0.112;0.465;8.297;-0.014;0.0125;-0.0001;0.323;-1.289
622;0.621;1.092;0.427;0.98;0.0149;0.0043;0.0063;4.451;5.236
623;0.622;1.205;-0.284;6.233;0.0202;0.0049;-0.0064;2.746;-8.205
624;0.623;-2.078;0.488;3.123;-0.0463;0.01;-0.0061;-5.104;-4.435
625;0.624;0.838;-1.389;5.001;0.0084;-0.0266;-0.0014;4.689;-4.781
626;0.625;1.007;-1.115;8.644;0.0013;-0.0217;-0.0052;-12.01;0.93
627;0.626;-1.128;0.386;6.14;-0.0322;0.0048;-0.0114;-0.389;0.033
628;0.627;0.579;-1.419;5.996;0.006;-0.0237;0.0031;-5.811;-2.05
629;0.628;-1.986;1.386;4.029;-0.052;0.0335;-0.0002;0.223;0.513
630;0.629;2.159;0.566;7.162;0.0382;0.0241;0.0067;4.222;0.664
631;0.63;-0.356;-0.667;7.132;-0.0224;-0.0197;-0.0069;4.765;-0.149
632;0.631;-0.118;1.382;8.65;0.0017;0.0193;-0.007;9.302;9.145
633;0.632;1.796;0.341;9.437;0.0742;0.0049;0.0047;-0.481;-2.851
634;0.633;-0.214;2.036;3.395;0.0023;0.0355;0.002;6.789;-2.915
635;0.634;0.898;-0.191;5.941;0.0088;0.0144;0.0033;8.307;4.174
636;0.635;-1.571;-0.587;-0.116;-0.0304;-0.0179;-0.0002;-4.464;-6.042
637;0.636;-0.855;0.581;8.738;-0.0288;0.0187;-0.0012;0.136;-2.042
638;0.637;-2.089;-1.177;0.992;-0.0312;-0.0235;0.0014;-7.987;6.55
639;0.638;-0.312;1.287;6.368;0.0013;0.0187;-0.0116;-3.114;-2.994
640;0.639;1.547;0.504;0.141;0.0452;0.0053;0.0041;4.75;-5.134
641;0.64;0.335;-3.836;5.787;0.0099;-0.0868;-0.0059;1.382;-2.456
642;0.641;1.326;0.007;-0.686;0.019;-0.0056;-0.0016;4.677;-5.715
643;0.642;-1.539;0.278;5.915;-0.0312;-0.0103;0.002;6.59;-5.45
644;0.643;-1.325;-1.433;6.379;-0.0356;-0.0369;0.0037;4.089;0.281
645;0.644;-0.698;-0.332;2.8;-0.0092;-0.0001;-0.0081;-1.724;-2.627
646;0.645;0.859;-0.366;8.678;0.0145;-0.0047;-0.0026;-4.826;0.469
647;0.646;0.535;-2.346;7.183;0.0197;-0.0491;0.0005;-3.804;-4.012
648;0.647;-0.023;0.343;1.475;-0.0144;0.0116;0.007;6.412;1.908
649;0.648;0.934;-0.036;2.269;0.0072;-0.0124;0.0017;5.385;2.749
650;0.649;-0.227;-0.791;9.2;-0.0006;-0.0118;-0.0007;-1.364;3.068
651;0.65;-0.032;-0.472;0.658;-0.0107;-0.0101;-0.0012;0.552;-4.477
652;0.651;1.957;0.077;8.925;0.044;0.0128;0.0089;5.196;2.002
653;0.652;-0.879;1.325;6.371;-0.0224;0.0281;0.0046;-1.696;-2.825
654;0.653;0.274;0.569;1.106;0.0074;0.0116;0.0056;3.619;9.245
655;0.654;2.418;-0.288;1.594;0.0368;-0.0007;0.0009;-0.777;2.099
656;0.655;0.153;-0.411;6.191;-0.0109;-0.0274;-0.0047;0.302;1.897
657;0.656;1.06;-0.575;5.459;0.0231;0.0025;0.0068;0.205;-4.847
658;0.657;-0.91;1.169;4.355;-0.0424;-0.0003;0.0018;-2.27;1.401
659;0.658;2.935;0.453;8.224;0.0674;0.0065;0.0007;2.145;-2.653
660;0.659;-3.374;-0.596;7.645;-0.0709;-0.0107;-0.0007;3.224;6.734
661;0.66;-1.701;1.639;1.88;-0.0319;0.0285;-0.0023;-3.356;-3.249
662;0.661;-1.581;0.99;1.878;-0.0332;0.0262;0.0021;-5.196;-5.57
663;0.662;2.43;-0.972;2.358;0.0508;-0.0233;-0.0054;-0.559;0.062
664;0.663;0.529;0.664;2.645;-0.0018;0.0155;0.0002;-9.243;8.319
665;0.664;-0.393;0.267;2.743;-0.0139;0.0085;-0.0009;-1.062;11.397
666;0.665;-1.923;0.493;6.616;-0.0311;0.009;0.0049;0.101;-4.168
667;0.666;0.546;0.894;-1.808;0.0142;0.0221;-0.0017;7.706;0.684
668;0.667;0.171;-0.361;8.809;-0.0112;-0.0171;-0.0027;1.147;-3.162
669;0.668;-1.039;-0.579;6.881;-0.0347;-0.0268;0.009;-3.98;2.783
670;0.669;-2.237;-1.278;3.08;-0.0511;-0.0123;0.0063;6.363;0.685
671;0.67;-1.654;0.395;7.338;-0.0345;-0.0147;-0.0056;-1.046;-3.818
672;0.671;0.32;-0.059;6.366;0.018;-0.0063;0.007;4.233;2.528
673;0.672;0.467;-2.039;3.469;-0.0031;-0.0559;-0.0038;1.437;-8.033
674;0.673;0.11;0.08;9.344;-0.0008;0.0148;0.0073;-5.647;0.246
675;0.674;-0.227;0.504;4.42;-0.0082;0.0095;-0.0022;-6.197;-7.157
676;0.675;-2.653;0.24;4.494;-0.0537;0.0081;-0.0032;-2.497;0.001
677;0.676;0.073;-0.303;6.539;0.0084;0.0027;0.0063;9.024;-6.693
678;0.677;-1.549;0.916;2.658;-0.0235;0.0169;-0.0063;-2.056;-4.466
679;0.678;0.063;-0.632;8.846;-0.0048;-0.0125;0.0087;-8.731;6.899
680;0.679;0.698;-1.744;9.049;0.023;-0.0377;0.004;9.427;-1.406
681;0.68;-1.014;1.836;2.063;-0.0091;0.0385;0.0024;-4.664;5.042
682;0.681;-1.535;-1.684;7.598;-0.0213;-0.039;-0.0009;11.884;-6.17
683;0.682;1.49;0.387;9.152;0.0235;-0.0021;-0.0003;3.239;-3.606
684;0.683;0.528;2.157;5.172;0.0054;0.0663;-0.0062;-2.481;5.558
685;0.684;-0.955;-0.522;9.053;-0.0095;-0.0045;-0.0004;8.601;-4.399
686;0.685;-4.5;1.499;9.559;-0.0928;0.0222;0.0087;4.95;-11.041
687;0.686;-0.074;-0.212;5.954;0.0079;-0.0044;-0.0098;4.25;6.092
688;0.687;0.944;-0.262;8.731;0.02;0.0067;0.0002;3.295;-3.193
689;0.688;1.682;-2.051;8.979;0.0362;-0.0412;0.006;5.439;-2.254
690;0.689;-1.017;0.839;4.698;-0.0246;0.0208;0.0015;3.545;1.936
691;0.69;-0.965;-0.705;4.03;-0.0505;-0.0143;0.0072;-2.898;4.425
692;0.691;-0.664;0.96;10.894;-0.0242;0.0187;-0.006;10.762;1.732
693;0.692;1.257;-0.992;2.988;0.0418;-0.0251;-0.0022;1.203;1.127
694;0.693;-1.762;0.207;9.44;-0.0497;0.0065;0.0053;-6.468;-3.555
695;0.694;-0.169;0.235;4.575;0.0053;-0.015;0.002;-8.738;2.847
696;0.695;-1.389;1.649;7.055;-0.0417;0.0275;0.0033;1.603;3.051
697;0.696;0.403;1.045;5.315;-0.0004;0.0205;0.0057;2.309;0.632
698;0.697;-2.332;-1.329;3.383;-0.0352;-0.0421;-0.0045;-3.165;8.303
699;0.698;0.564;1.176;6.813;0.0089;0.0252;0.0006;-2.327;0.471
700;0.699;-0.745;-0.086;6.907;-0.0227;-0.0135;-0.0066;-8.682;0.406
701;0.7;-0.336;-0.765;3.188;-0.0012;-0.0261;-0.001;2.558;3.172
702;0.701;0.789;-0.495;6.361;0.0239;-0.0023;0.0014;8.39;4.355
703;0.702;1.716;1.205;3.705;0.0326;0.0256;-0.0008;10.827;3.247
704;0.703;-2.545;-1.857;5.815;-0.056;-0.0329;-0.0014;-0.844;-6.276
705;0.704;1.505;-0.536;2.046;0.0398;0.0095;-0.0065;-4.096;-1.076
706;0.705;0.837;-1.258;2.455;0.0109;-0.0332;-0.001;0.602;5.942
707;0.706;-0.442;0.061;9.882;-0.0307;0.0088;0.0022;-7.926;4.044
708;0.707;2.106;-0.291;8.366;0.0551;-0.0015;0.0032;0.917;1.636
709;0.708;0.283;-1.353;4.606;0.0036;-0.046;-0.001;9.182;3.804
710;0.709;1.94;-0.258;6.164;0.0424;0.0091;-0.0027;1.609;-1.845
711;0.71;-0.889;-0.209;5.512;-0.0068;-0.0111;-0.0072;0.23;1.62
712;0.711;-1.3;-0.397;5.28;-0.0266;-0.0127;-0.0038;2.936;-3.857
713;0.712;1.837;0.143;9.652;0.0512;0.01;0.0048;3.119;-7.989
714;0.713;3.246;1.408;6.083;0.0581;0.0127;-0.0067;-2.115;-9.662
715;0.714;0.951;0.003;3.482;0.0245;-0.017;-0.0031;-9.189;-7.364
716;0.715;1.337;0.076;0.643;0.0081;-0.0233;0.002;6.602;14.354
717;0.716;-0.711;0.76;0.613;-0.0181;0.022;-0.0037;-3.288;7.615
718;0.717;-1.988;-0.263;9.92;-0.016;-0.0076;0.0025;-2.114;-1.938
719;0.718;-0.339;-0.258;6.495;0.0105;0.0043;-0.0033;-4.677;-5.344
720;0.719;2.25;-0.706;7.903;0.0442;-0.0198;-0.0216;-0.866;3.188
721;0.72;-2.791;-0.785;6.84;-0.0708;-0.0087;-0.0059;3.765;-7.445
722;0.721;-0.743;-0.863;3.31;-0.0048;-0.0261;-0.0102;12.25;0.566
723;0.722;-2.872;0.194;3.556;-0.0432;-0.0091;0.0061;-2.601;-10.001
724;0.723;0.162;-2.815;4.503;0.0152;-0.0658;0.0028;0.142;-5.116
725;0.724;1.311;-0.58;-1.267;0.035;-0.0067;-0.0087;4.679;0.038
726;0.725;-1.864;0.193;-0.149;-0.0371;-0.0001;-0.0029;5.341;3.109
727;0.726;-0.614;1.187;3.404;-0.0315;0.0223;0.0036;0.011;1.397
728;0.727;1.989;1.706;2.072;0.0543;0.0425;0.007;-2.158;1.583
729;0.728;-0.133;-1.853;3.892;0.0055;-0.0374;-0.0026;3.696;-4.075
730;0.729;-1.859;-0.83;6.337;-0.0265;0.001;0.0124;-8.773;-1.738
731;0.73;-1.974;-0.174;10.748;-0.0461;-0.004;-0.0033;2.041;8.249
732;0.731;-3.022;-2.11;8.927;-0.0604;-0.0485;0.0067;0.394;0.198
733;0.732;1.16;-0.889;2.48;0.0176;-0.0341;-0.0031;5.131;2.042
734;0.733;-1.119;0.115;2.045;-0.0128;-0.0119;0.009;-9.987;-5.345
735;0.734;1.576;-0.352;6.256;0.0315;-0.0078;-0.0104;-4.8;0.596
736;0.735;1.301;-2.238;4.336;0.036;-0.0349;-0.0051;0.622;0.981
737;0.736;-0.99;0.81;5.596;0.0023;0.0133;0.0028;-1.573;2.36
738;0.737;-0.792;-1.124;5.322;-0.0221;-0.0356;0.0039;8.875;5.061
739;0.738;1.168;-0.02;6.626;0.0419;-0.0065;-0.0023;11.925;0.253
740;0.739;0.224;-2.047;-0.833;-0.0089;-0.0498;-0.0018;-3.361;5.696
741;0.74;0.402;-0.145;5.469;0.0073;-0.0191;-0.0095;3.561;-3.512
742;0.741;-2.471;0.978;-0.021;-0.0503;0.0215;-0.0049;-4.616;-7.553
743;0.742;1.347;1.061;7.71;0.0336;0.0167;0.0028;-2.712;-0.767
744;0.743;-1.313;0.995;3.69;-0.0306;0.0236;0.0037;2.399;-6.098
745;0.744;-3.404;0.555;2.863;-0.07;0.0119;0.0008;1.803;-1.494
746;0.745;-0.925;-1.104;6.957;-0.0063;-0.0367;-0.0002;-8.103;5.797
747;0.746;0.633;-1.711;7.27;0.0032;-0.0429;-0.0055;-1.749;-1.183
748;0.747;3.146;1.614;5.042;0.0636;0.0437;0.0013;-10.772;-3.488
749;0.748;-0.559;-1.539;7.717;-0.0144;-0.0148;-0.0007;-7.285;4.546
750;0.749;-1.995;-1.132;1.505;-0.0481;-0.0437;0.0004;4.882;2.687
751;0.75;3.185;0.816;6.235;0.0554;-0.0037;0.011;0.548;-0.881
752;0.751;0.24;0.063;6.638;0.0285;0.0157;0.0021;-1.087;-7.053
753;0.752;-0.392;1.502;4.263;-0.006;0.0327;0.0032;0.648;-2.018
754;0.753;-1.614;-0.564;7.505;-0.0358;-0.0208;0.0081;7.49;0.22
755;0.754;-1.506;1.226;7.388;-0.0367;0.0316;0.0038;-1.022;-6.266
756;0.755;2.218;3.376;10.084;0.0519;0.0733;0.0015;1.375;2.79
757;0.756;-0.406;-0.753;3.974;-0.0155;-0.0092;0.0002;9.841;-4.493
758;0.757;-0.807;-0.086;2.156;-0.0179;0.0068;0.0003;-1.396;-1.63
759;0.758;-0.765;-0.688;3.169;-0.0307;-0.0206;0.0009;-2.02;-1.14
760;0.759;2.352;-0.226;6.298;0.0365;-0.0099;0.0004;1.79;-8.113
761;0.76;-0.884;-0.573;6.074;-0.0077;-0.0207;-0.009;4.567;0.796
762;0.761;0.942;0.845;5.552;0.0272;0.0432;-0.0019;-9.246;0.223
763;0.762;0.399;1.068;1.918;0.0184;0.0291;0.0021;-1.975;-12.538
764;0.763;0.359;0.267;4.629;0.0168;0.0031;-0.007;1.821;-3.703
765;0.764;-1.316;0.962;8.391;-0.0098;0.0264;-0.0001;-0.148;-5.284
766;0.765;0.988;-1.17;7.388;0.0164;-0.0168;0.0037;-6.137;3.938
767;0.766;2.413;0.507;2.504;0.0415;0.016;0.0005;-1.88;0.499
768;0.767;-0.078;-0.689;6.321;0.0072;-0.0126;0.0082;-9.936;0.662
769;0.768;-1.38;1.275;3.455;-0.0292;0.0182;-0.0052;7.412;-1.723
770;0.769;-1.937;0.434;5.398;-0.0331;-0.0102;-0.0031;1.145;-8.265
771;0.77;0.286;-2.27;3.074;0.0038;-0.0434;0.0061;-7.346;0.0
772;0.771;-0.408;-0.018;3.471;-0.0192;-0.0009;0.0019;5.196;2.597
773;0.772;-0.157;-1.547;3.217;-0.0073;-0.0325;-0.0144;-2.327;-0.487
774;0.773;0.018;-0.364;4.081;-0.0044;-0.0008;0.0044;-2.718;8.012
775;0.774;-2.213;1.203;2.285;-0.032;0.009;0.0115;2.97;-4.406
776;0.775;1.172;2.413;7.631;0.0346;0.0331;0.0072;-2.574;5.379
777;0.776;0.351;0.545;4.397;0.0286;0.0111;0.0008;-4.508;1.887
778;0.777;-0.112;0.585;6.971;0.0046;0.0085;0.0053;-5.992;1.711
779;0.778;0.348;0.632;5.136;0.0079;0.0069;-0.0016;-7.074;-2.399
780;0.779;1.389;-0.257;4.633;0.0301;-0.012;0.0069;-2.476;-0.285
781;0.78;0.08;-2.227;0.855;-0.011;-0.0332;-0.0067;-0.544;3.599
782;0.781;-1.275;1.007;1.284;-0.0297;0.0191;0.0028;-3.116;-0.652
783;0.782;1.749;0.283;4.107;0.0563;-0.0007;-0.0004;-0.472;5.362
784;0.783;-0.65;0.025;1.283;-0.0015;-0.0006;0.0026;-9.095;1.395
785;0.784;-1.088;0.388;6.849;-0.0073;0.0187;0.0044;-5.113;0.418
786;0.785;-2.343;0.57;3.519;-0.0472;0.0071;-0.001;-1.793;2.489
787;0.786;0.012;0.163;2.025;0.0039;0.0032;-0.0029;3.649;0.247
788;0.787;-1.571;1.221;4.17;-0.0512;0.0281;0.0024;-7.808;-1.615
789;0.788;-0.779;-0.027;5.86;-0.0085;0.0082;-0.0039;2.459;-4.59
790;0.789;0.674;1.37;4.173;0.0081;0.0187;-0.0053;-3.807;6.089
791;0.79;0.05;-0.368;10.643;-0.0171;-0.0072;0.0132;3.591;1.269
792;0.791;1.524;-0.424;8.25;0.0406;-0.0146;-0.0015;4.991;-5.378
793;0.792;0.458;-1.239;4.837;0.0073;-0.0166;-0.0091;-0.698;2.938
794;0.793;-0.606;-0.951;2.936;-0.0006;-0.0308;-0.0097;-7.449;-3.024
795;0.794;-0.495;-2.932;0.748;-0.0073;-0.0644;0.001;-3.571;10.629
796;0.795;-0.761;-1.466;6.328;-0.0095;-0.0342;-0.0016;2.864;4.081
797;0.796;0.97;-0.297;7.987;0.0383;0.0022;-0.0083;-0.463;-3.989
798;0.797;0.032;1.094;4.552;0.0042;0.0164;-0.0015;-8.888;-1.145
799;0.798;-0.616;-1.023;2.716;-0.0106;-0.0086;-0.0025;-5.806;2.222
800;0.799;1.267;-0.398;4.63;0.02;0.0028;-0.0025;4.479;-7.251
801;0.8;0.144;-0.204;2.84;0.0162;0.009;-0.0014;2.785;8.573
802;0.801;-0.698;-0.056;4.653;-0.0296;0.002;-0.0034;-3.417;1.958
803;0.802;-2.269;-2.295;6.484;-0.0488;-0.0361;-0.0028;-1.232;5.2
804;0.803;0.656;-0.628;4.179;0.0069;-0.0286;-0.0038;-4.661;1.658
805;0.804;0.358;2.503;6.36;0.0088;0.0496;-0.0054;3.437;1.754
806;0.805;0.077;1.131;7.651;-0.0;0.0284;-0.0026;6.548;-3.1
807;0.806;-0.651;-0.776;1.841;-0.0132;-0.0173;0.0054;3.229;3.608
808;0.807;-1.25;0.236;2.025;-0.0253;0.0013;-0.008;-4.23;0.93
809;0.808;-0.34;1.161;5.16;-0.0062;0.0192;-0.0048;11.769;1.685
810;0.809;0.347;-0.242;-3.336;0.0128;-0.0071;0.006;5.057;7.074
811;0.81;-0.192;0.719;7.789;0.0051;0.0063;-0.0021;-0.398;-5.767
812;0.811;-0.217;0.188;3.828;0.0045;0.003;-0.0029;-0.767;1.014
813;0.812;-0.702;-0.949;5.272;-0.0112;-0.0243;0.0105;2.515;-0.914
814;0.813;0.508;0.094;7.01;0.008;-0.0042;-0.0031;5.398;-1.653
815;0.814;0.35;-1.368;-0.514;0.0181;-0.0302;-0.0004;-2.213;1.085
816;0.815;-1.129;-0.069;8.258;-0.0335;-0.0209;-0.0017;-4.74;-5.513
817;0.816;1.14;0.396;6.616;0.0167;0.0007;0.0022;0.939;-3.73
818;0.817;1.187;-0.63;-2.243;0.0352;-0.0225;0.0057;7.227;1.545
819;0.818;1.22;0.569;1.702;0.0297;0.0152;0.0035;-2.552;-4.879
820;0.819;-0.196;0.29;11.326;-0.0098;0.0165;-0.0023;-2.461;-5.457
821;0.82;-0.291;0.063;6.939;0.0071;-0.0058;0.0018;-3.15;-8.045
822;0.821;-1.739;-0.539;8.306;-0.0304;-0.0169;0.0087;-6.207;-5.796
823;0.822;1.132;-0.942;4.819;0.0096;-0.023;-0.008;-5.339;4.027
824;0.823;-3.204;0.19;8.175;-0.0514;-0.0133;-0.0071;-3.571;-3.594
825;0.824;-0.586;0.179;-0.068;-0.0254;-0.011;-0.0019;3.926;2.693
826;0.825;-0.51;1.165;2.398;-0.0215;0.0173;-0.0048;-7.928;-11.612
827;0.826;1.284;-2.108;10.176;0.0307;-0.0606;0.0036;-1.047;2.248
828;0.827;-0.001;0.345;7.896;0.0123;-0.0094;-0.0044;12.518;6.428
829;0.828;-1.447;-0.344;4.264;-0.0251;0.0011;-0.0058;-5.735;-13.377
830;0.829;-2.14;-0.515;6.818;-0.0438;-0.0131;0.0036;8.806;9.846
831;0.83;-1.094;-1.448;2.911;-0.0159;-0.0275;0.004;8.331;0.037
832;0.831;0.16;2.643;0.957;-0.0047;0.0327;-0.0028;-3.374;-2.48
833;0.832;0.083;0.825;7.584;0.018;0.009;-0.001;-12.511;0.87
834;0.833;-0.296;0.067;4.041;-0.0081;0.0062;-0.0029;0.223;2.898
835;0.834;-1.026;0.586;5.548;-0.0185;0.0367;-0.0087;-2.159;11.289
836;0.835;-0.315;-1.866;6.65;-0.0087;-0.0305;-0.0011;3.691;1.489
837;0.836;1.497;-0.132;6.227;0.0054;-0.0197;-0.0034;-6.193;2.134
838;0.837;-1.651;0.263;8.535;-0.0267;0.0004;0.0;-5.486;2.38
839;0.838;0.05;-0.023;3.488;-0.0129;0.013;0.0007;2.084;0.508
840;0.839;2.428;-1.591;3.613;0.0629;-0.0494;-0.0019;-9.901;-6.141
841;0.84;0.831;-0.401;7.279;0.0261;0.0023;0.0054;6.425;-2.537
842;0.841;-0.684;1.985;8.415;-0.0075;0.035;-0.0011;-3.037;3.482
843;0.842;0.991;1.159;1.616;0.0437;-0.0033;0.0045;1.159;10.488
844;0.843;-1.128;0.492;0.42;-0.0385;-0.0035;-0.0021;-0.241;0.818
845;0.844;0.011;0.735;2.893;0.0012;0.0437;0.0127;2.432;-3.874
846;0.845;2.331;3.102;5.446;0.0518;0.0629;0.003;0.374;3.19
847;0.846;2.841;0.646;5.762;0.0709;0.0223;0.001;5.607;-2.045
848;0.847;-2.563;-0.643;1.76;-0.0493;-0.02;0.0083;-10.706;5.861
849;0.848;1.05;-1.941;5.814;0.0186;-0.0482;-0.0028;-0.691;2.279
850;0.849;2.923;0.158;9.766;0.0456;0.0092;0.0024;-2.379;-3.571
851;0.85;-0.818;0.001;-1.698;-0.0311;-0.0058;0.0032;-1.22;-9.642
852;0.851;0.388;-2.238;5.842;-0.0024;-0.0428;-0.0006;4.787;-4.689
853;0.852;2.261;-0.533;5.444;0.0445;0.0158;0.0044;-4.814;-6.765
854;0.853;-0.739;-0.099;3.761;-0.0148;0.0065;0.0005;-8.412;-5.182
855;0.854;0.678;-0.431;6.621;-0.0086;-0.0216;0.0012;2.055;-0.107
856;0.855;-0.089;-2.645;7.426;0.0098;-0.0519;-0.0008;-2.611;0.882
857;0.856;-2.888;-1.438;1.285;-0.0534;-0.0291;0.0007;1.544;6.402
858;0.857;0.519;-1.488;5.344;0.0054;-0.0157;-0.0055;5.843;4.792
859;0.858;-0.276;1.409;6.966;-0.0022;0.0257;-0.0052;0.235;0.229
860;0.859;1.392;-0.273;4.555;0.0146;-0.0066;-0.0053;2.858;-3.036
861;0.86;3.14;-1.332;6.33;0.0619;-0.0467;-0.0061;0.587;-2.041
862;0.861;1.026;0.708;6.783;0.029;0.0151;-0.0009;-4.211;3.86
863;0.862;-0.551;-2.133;8.7;-0.0073;-0.0572;-0.001;-1.227;1.919
864;0.863;0.675;-0.595;6.958;-0.0055;-0.0124;-0.0046;-9.415;-12.691
865;0.864;0.303;0.555;7.124;0.0054;-0.0072;-0.0034;-1.624;-4.615
866;0.865;1.534;-1.202;9.063;0.0393;-0.0149;0.006;3.401;4.558
867;0.866;-2.158;-1.245;5.546;-0.0428;-0.0407;0.0024;1.232;9.943
868;0.867;-1.749;-2.085;10.134;-0.026;-0.043;-0.0009;9.839;-7.356
869;0.868;-3.068;-1.065;1.332;-0.0459;-0.0029;0.0165;-0.792;1.426
870;0.869;0.911;0.83;5.931;0.0161;0.0161;-0.0017;-10.112;-3.508
871;0.87;-0.029;0.335;5.897;0.0019;0.0022;0.0094;-1.605;-2.642
872;0.871;-0.96;1.081;5.914;-0.0246;0.024;0.0023;-3.39;-2.264
873;0.872;-1.088;-0.793;3.171;-0.025;-0.0087;-0.0038;-1.991;-2.131
874;0.873;-0.858;2.883;6.214;-0.0092;0.0556;-0.0025;1.885;11.504
875;0.874;-1.392;-2.097;2.24;-0.0379;-0.0393;-0.0003;-0.729;1.461
876;0.875;-0.482;-1.268;3.769;-0.0027;-0.026;-0.0066;-2.69;2.831
877;0.876;-0.741;-2.743;2.309;-0.0272;-0.0643;-0.0047;2.351;6.179
878;0.877;2.085;0.434;7.413;0.0312;-0.0061;0.0048;3.929;7.897
879;0.878;0.485;0.192;5.322;0.0133;-0.0114;0.0051;-2.145;5.064
880;0.879;-1.228;2.424;2.008;-0.0275;0.047;0.0032;1.171;0.399
881;0.88;-0.876;-0.674;0.241;-0.0313;-0.0158;0.0087;-2.782;-0.908
882;0.881;1.798;-0.602;4.358;0.033;-0.0113;0.0103;-2.848;-0.571
883;0.882;0.679;-4.109;5.228;0.0067;-0.1003;0.0002;-1.841;4.676
884;0.883;0.443;-2.85;10.783;0.0042;-0.0578;0.0145;-1.107;-6.36
885;0.884;1.081;-0.08;7.995;0.0246;0.0035;0.0058;6.729;6.33
886;0.885;2.379;-0.993;0.41;0.0513;-0.0133;-0.002;-2.256;-6.815
887;0.886;-1.826;0.514;8.496;-0.0423;0.0215;-0.0003;2.693;-6.098
888;0.887;-1.119;-1.341;6.899;-0.0254;-0.0236;-0.0025;-3.105;0.104
889;0.888;-2.611;0.246;11.57;-0.0511;-0.0018;-0.0031;-14.11;4.466
890;0.889;0.742;0.091;8.783;0.0175;-0.015;-0.0063;-3.347;-3.18
891;0.89;-0.568;-2.14;9.123;-0.0095;-0.0316;0.0102;2.022;3.066
892;0.891;-1.008;0.619;3.596;-0.0104;0.0083;0.0035;4.934;-0.398
893;0.892;-1.143;1.23;2.358;-0.0251;0.0138;-0.0069;-8.099;1.056
894;0.893;1.037;0.002;6.487;0.0108;-0.0015;0.0038;0.824;0.614
895;0.894;-0.213;0.811;6.86;-0.0132;0.0186;0.0051;-3.984;4.696
896;0.895;-0.796;0.644;8.232;-0.0154;0.0032;-0.0074;1.876;-3.758
897;0.896;1.883;-0.407;-0.932;0.0428;-0.0047;0.0018;0.719;15.916
898;0.897;-1.569;0.703;3.576;-0.0322;0.0075;-0.0009;13.476;-8.652
899;0.898;-1.897;2.08;0.75;-0.0475;0.0373;-0.002;0.678;12.858
900;0.899;3.892;-1.364;7.977;0.0765;-0.0286;-0.0032;5.157;-1.706
901;0.9;-0.552;0.366;6.69;-0.0098;-0.0061;0.0066;-1.397;2.451
902;0.901;-0.815;-0.577;7.899;-0.0043;-0.0158;-0.0011;2.761;-9.145
903;0.902;-1.091;-0.121;5.152;-0.012;-0.01;0.0095;1.521;2.67
904;0.903;-0.205;-0.538;-1.101;0.0084;-0.0057;-0.0054;-5.213;11.803
905;0.904;1.174;-0.544;5.439;0.0176;0.0118;0.006;-2.905;0.582
906;0.905;1.13;0.046;6.256;0.0251;0.0058;0.0072;-0.574;2.15
907;0.906;0.816;-0.749;3.535;0.0328;-0.009;0.0133;-1.872;8.074
908;0.907;-0.418;0.294;6.203;0.009;0.0026;-0.0029;0.776;1.915
909;0.908;-2.235;-2.56;4.604;-0.0412;-0.0365;0.0006;-5.16;1.415
910;0.909;0.424;0.923;6.759;-0.0051;0.0205;-0.0004;4.067;0.18
911;0.91;2.278;-0.801;2.527;0.0587;-0.0275;-0.0047;3.466;3.667
912;0.911;1.604;-0.869;0.744;0.0325;-0.0194;0.0074;-4.065;1.824
913;0.912;-0.252;1.216;7.721;0.0191;0.0102;0.0031;-8.748;1.93
914;0.913;1.204;0.848;13.342;0.0315;0.0169;0.0037;-2.47;2.667
915;0.914;-0.578;0.693;0.968;-0.0202;0.0168;-0.0053;2.791;-3.45
916;0.915;-0.083;0.658;2.233;-0.0042;0.0362;-0.0019;-0.798;0.578
917;0.916;-1.852;0.214;6.025;-0.0376;0.013;-0.0058;-5.577;1.845
918;0.917;-0.473;-1.219;3.844;-0.0058;-0.0322;0.0052;-2.139;2.021
919;0.918;0.211;0.644;8.221;-0.0101;0.0087;0.0011;-3.717;-2.683
920;0.919;-0.254;0.43;4.776;-0.018;0.0115;-0.0009;7.024;-0.348
921;0.92;1.155;0.678;7.317;0.0097;0.0056;-0.0003;5.19;2.254
922;0.921;2.826;-0.279;2.386;0.0588;-0.0148;0.0015;6.634;1.921
923;0.922;1.982;-0.305;3.242;0.032;-0.0078;0.0009;-0.761;4.515
924;0.923;-0.457;-0.924;5.645;-0.0002;-0.026;0.0017;5.487;5.521
925;0.924;-1.097;1.586;3.527;-0.0362;0.0232;-0.0007;7.803;-4.61
926;0.925;-0.979;-0.921;-0.849;-0.023;-0.0249;-0.0022;6.084;7.457
927;0.926;-1.467;0.58;7.638;-0.0254;0.0224;-0.0002;-2.293;-5.786
928;0.927;0.051;-0.604;10.79;0.0127;-0.0338;-0.0044;0.604;0.144
929;0.928;0.632;-1.418;2.827;0.0137;-0.004;-0.003;5.423;2.649
930;0.929;0.275;-0.359;0.487;0.001;-0.0247;0.0017;1.644;-0.939
931;0.93;0.29;-1.753;10.251;0.0116;-0.0282;0.0029;1.919;1.335
932;0.931;0.237;-0.439;5.11;-0.0023;-0.002;-0.0028;-7.616;-1.307
933;0.932;-0.198;-0.116;8.315;-0.0134;-0.0018;0.0081;-1.043;2.311
934;0.933;-1.114;-1.096;5.435;-0.0182;-0.0262;-0.0003;-2.216;-0.593
935;0.934;2.587;-0.497;9.003;0.0541;-0.0205;0.0038;-1.709;-0.4
936;0.935;1.571;0.077;2.864;0.0242;-0.0146;0.001;9.045;4.938
937;0.936;-1.362;-0.09;11.162;-0.0159;-0.0091;0.0021;-1.217;1.693
938;0.937;-1.358;-1.452;2.294;-0.0293;-0.0148;0.0015;-8.036;-0.361
939;0.938;-0.879;0.079;7.611;-0.0039;0.0023;0.0051;1.041;0.223
940;0.939;0.05;-0.929;7.739;-0.0003;-0.0174;0.0007;-5.724;-0.118
941;0.94;1.889;-1.136;1.442;0.0203;-0.0069;0.0031;-0.944;4.119
942;0.941;1.522;-0.368;7.157;0.0538;0.0027;-0.0015;6.447;-3.144
943;0.942;1.602;-0.558;3.689;0.0197;0.0079;-0.0032;0.137;1.759
944;0.943;1.632;0.869;6.56;0.0305;0.0143;-0.0045;-1.069;-11.039
945;0.944;1.66;0.123;7.091;0.0265;-0.0003;-0.0116;0.313;5.784
946;0.945;1.105;-0.644;-0.856;0.0233;-0.0078;0.0075;3.484;-7.317
947;0.946;0.682;2.429;7.658;0.0312;0.0632;0.0032;4.477;1.4
948;0.947;-0.179;1.383;1.388;-0.0183;0.0352;-0.0031;3.056;1.931
949;0.948;-2.616;-2.57;7.552;-0.0798;-0.059;-0.002;-4.67;9.789
950;0.949;-0.194;-1.827;8.846;-0.018;-0.0311;-0.0076;3.34;-0.613
951;0.95;2.703;-1.314;2.645;0.0595;-0.0214;-0.0056;4.86;2.766
952;0.951;-0.81;1.296;-0.225;-0.0204;0.0175;0.0012;4.586;-7.381
953;0.952;-0.939;-1.426;6.524;-0.0072;-0.0111;-0.0023;-6.361;3.416
954;0.953;1.526;-0.147;8.097;0.0283;-0.014;-0.0065;-3.983;-7.062
955;0.954;0.121;-0.417;3.062;0.0182;-0.0069;-0.0002;-0.846;3.218
956;0.955;-0.72;1.32;4.094;-0.0083;0.0203;-0.0011;-4.489;-6.553
957;0.956;2.336;-0.54;5.833;0.0424;-0.0041;0.0006;0.336;-4.77
958;0.957;0.936;0.473;8.843;0.0205;0.0183;0.0071;-2.317;4.293
959;0.958;1.136;-0.261;2.352;0.0099;-0.0196;-0.0072;1.081;6.034
960;0.959;-0.847;1.518;3.802;-0.0298;0.0548;0.002;-13.96;-1.541
961;0.96;0.746;0.561;3.782;0.0217;0.011;0.005;-2.129;-0.954
962;0.961;0.565;0.847;1.337;0.0209;0.0164;0.001;3.587;12.813
963;0.962;1.166;-0.389;3.245;0.0335;0.0145;0.0034;-1.37;7.751
964;0.963;1.724;-0.187;5.447;0.0528;-0.0027;-0.0052;5.073;-2.642
965;0.964;1.689;1.191;5.928;0.0282;0.0259;-0.0101;4.607;-4.448
966;0.965;0.256;2.226;9.814;0.0113;0.0319;-0.0007;-2.658;-5.599
967;0.966;1.034;-0.146;7.367;0.006;-0.0018;0.0006;4.584;3.727
968;0.967;-1.718;0.569;3.054;-0.045;0.0212;-0.0001;9.455;-4.262
969;0.968;0.965;-1.194;4.421;0.0133;-0.0288;-0.0096;3.1;-2.725
970;0.969;1.026;1.801;3.975;0.0298;0.0348;0.0004;6.828;0.404
971;0.97;-0.583;-1.324;-4.482;-0.0368;-0.0321;-0.0163;4.16;0.104
972;0.971;-1.161;0.523;7.338;-0.0022;0.0076;-0.0052;5.967;-4.194
973;0.972;-0.088;0.531;7.031;-0.0106;0.0262;0.0043;4.58;5.312
974;0.973;-1.82;-0.911;4.109;-0.0382;-0.03;0.0003;-0.609;-5.428
975;0.974;0.511;-1.378;10.097;0.016;-0.0403;-0.0053;-1.943;-0.226
976;0.975;0.442;-0.151;3.452;0.0043;-0.0115;0.0086;2.636;3.655
977;0.976;-1.423;1.166;2.352;-0.0264;0.0306;0.001;-6.318;3.364
978;0.977;0.071;-1.661;2.14;-0.0072;-0.04;-0.0047;0.332;3.454
979;0.978;1.602;-0.502;6.435;0.0537;0.0096;0.0052;0.756;-3.064
980;0.979;1.594;-3.205;8.867;0.0334;-0.0642;0.0052;7.512;-5.458
981;0.98;1.516;-0.241;8.488;0.0399;0.0157;-0.0036;7.703;-7.418
982;0.981;-0.226;-1.427;0.638;0.0019;-0.024;0.001;6.198;1.534
983;0.982;-0.507;-0.676;6.714;-0.013;-0.0168;0.0035;1.939;0.946
984;0.983;-0.586;-0.058;-1.252;-0.0124;0.005;0.0087;1.133;-12.015
985;0.984;0.889;-0.885;5.0;0.02;-0.0224;0.0001;-5.268;10.331
986;0.985;3.528;0.859;-0.954;0.0576;0.0148;-0.0049;-3.957;-6.93
987;0.986;2.108;1.32;5.789;0.0582;0.0134;-0.0004;4.626;0.651
988;0.987;2.379;1.4;6.613;0.0518;0.0311;-0.0089;-9.943;-4.925
989;0.988;2.025;-0.157;9.958;0.0285;0.0066;-0.0086;2.103;6.082
990;0.989;-2.419;-0.598;3.853;-0.0588;-0.0093;-0.0103;-4.231;4.859
991;0.99;-0.301;0.857;7.439;-0.0084;0.0202;-0.0048;-4.117;-6.268
992;0.991;-0.649;1.193;4.527;-0.0087;0.0273;-0.0032;-9.814;-1.38
993;0.992;1.874;-0.65;5.142;0.0427;-0.0074;-0.0035;5.784;-5.75
994;0.993;2.533;-0.079;0.609;0.0439;-0.0026;0.0005;-1.027;-4.816
995;0.994;-0.996;-0.312;-0.339;-0.0214;-0.011;0.0063;-3.364;-4.603
996;0.995;0.058;0.881;10.782;0.0168;0.022;0.0057;-10.577;-0.599
997;0.996;0.836;-0.642;2.11;0.017;-0.0138;0.0081;-0.221;-3.208
998;0.997;-0.733;-2.782;4.183;-0.0415;-0.0555;0.0004;5.641;6.721
999;0.998;-0.943;0.674;5.066;-0.0271;0.0046;-0.009;-0.916;-7.902
1000;0.999;-1.016;1.079;3.725;-0.0097;-0.0079;-0.0068;-5.661;-0.147
1001;1.0;1.327;0.224;6.246;0.0093;-0.0104;-0.0021;6.152;-6.777
1002;1.001;-1.364;0.982;7.846;-0.0334;0.031;-0.0049;0.985;-7.141
1003;1.002;1.703;-0.088;6.908;0.0288;-0.0101;0.0052;14.538;3.822
1004;1.003;0.13;-1.521;8.846;0.0035;-0.0343;0.0028;3.004;-3.769
1005;1.004;1.128;0.411;15.338;0.0008;0.0045;0.0056;2.881;-2.562
1006;1.005;2.318;-0.583;5.822;0.0498;-0.0111;-0.0037;-3.215;0.958
1007;1.006;-1.003;-1.517;7.842;-0.0279;-0.0534;0.0126;5.681;5.188
1008;1.007;-1.225;1.277;7.096;-0.0049;0.0258;0.0052;13.431;4.001
1009;1.008;0.64;-0.096;4.244;0.0012;-0.0191;0.0011;1.07;-9.881
1010;1.009;-1.547;-3.426;7.967;-0.0114;-0.072;0.0013;0.183;-4.29
1011;1.01;-1.095;0.644;3.57;-0.0236;0.0019;0.0037;-3.342;-2.614
1012;1.011;-0.17;0.032;1.369;0.001;0.0009;-0.0034;5.079;3.266
1013;1.012;0.235;-0.626;6.85;0.0052;-0.0323;0.0045;8.209;-2.58
1014;1.013;-1.865;-0.55;9.583;-0.0291;-0.0046;-0.0007;-1.774;-6.525
1015;1.014;-0.573;0.568;1.491;-0.0082;0.0195;-0.0043;2.18;0.543
1016;1.015;0.874;0.744;7.58;0.0245;0.0185;0.0007;-7.758;-5.132
1017;1.016;2.014;0.794;7.209;0.0373;0.021;-0.0014;5.844;-0.984
1018;1.017;-2.939;1.348;3.075;-0.0754;0.0191;-0.0066;1.314;6.233
1019;1.018;1.956;-0.78;2.616;0.0372;-0.0197;-0.0045;-1.989;-5.933
1020;1.019;1.32;1.909;-3.312;0.046;0.0314;-0.0049;3.667;1.822
1021;1.02;-1.624;3.204;3.872;-0.0386;0.0622;0.0046;2.637;2.414
1022;1.021;-2.2;0.16;7.529;-0.0581;-0.01;-0.0058;-3.141;2.833
1023;1.022;0.625;0.564;8.673;0.0252;-0.0059;0.0094;2.343;-0.244
1024;1.023;-0.628;0.629;12.103;-0.0295;-0.001;-0.0011;1.676;-0.547
1025;1.024;0.204;1.524;6.43;0.0124;0.0317;0.0094;-8.836;-0.87
1026;1.025;1.287;-1.523;3.784;0.0305;-0.0314;-0.0006;0.907;-5.222
1027;1.026;-0.556;1.323;8.548;-0.0218;0.0297;-0.0011;-3.923;1.077
1028;1.027;0.243;-0.627;8.449;0.0216;-0.0196;-0.0017;-1.016;0.21
1029;1.028;0.71;0.07;-1.947;0.0053;0.0021;0.0025;8.784;-8.678
1030;1.029;1.329;0.527;5.975;0.0093;0.0192;0.0019;-1.56;0.626
1031;1.03;2.633;0.781;3.542;0.0532;0.0189;-0.0108;3.543;1.835
1032;1.031;2.542;-0.196;11.328;0.0263;-0.0019;-0.0019;-2.562;-1.591
1033;1.032;0.36;0.574;6.345;0.016;0.0241;-0.0064;-8.782;0.053
1034;1.033;-0.353;1.399;7.874;0.0031;0.0367;0.0052;6.188;0.55
1035;1.034;3.545;0.336;3.427;0.0606;-0.0027;-0.0008;9.343;0.636
1036;1.035;0.957;1.566;4.771;0.0035;0.0301;0.0018;-10.016;9.564
1037;1.036;0.638;-0.265;-0.841;0.008;0.0044;-0.0039;-4.6;-1.036
1038;1.037;-1.644;-2.332;4.208;-0.0311;-0.0512;0.001;-4.557;-3.084
1039;1.038;1.163;-0.142;11.204;0.0154;0.0059;0.0015;-2.518;-2.179
1040;1.039;-1.16;-0.062;6.658;-0.034;-0.0032;-0.0023;0.803;4.042
1041;1.04;-0.683;-0.065;3.175;-0.0147;0.0063;0.007;-0.585;0.864
1042;1.041;-1.993;-1.893;2.294;-0.0347;-0.025;-0.0016;-1.924;3.496
1043;1.042;-0.774;-1.635;7.698;-0.0148;-0.033;0.0015;-0.552;-4.524
1044;1.043;0.093;-0.568;5.945;-0.0103;-0.0201;0.0096;1.435;4.509
1045;1.044;-2.239;-0.02;4.511;-0.0276;0.0062;0.0007;1.731;2.345
1046;1.045;-1.335;-0.317;3.446;-0.0318;-0.0047;0.0057;3.651;-1.322
1047;1.046;-0.116;1.4;7.791;-0.011;0.021;0.006;1.682;-0.175
1048;1.047;-1.884;0.582;-0.282;-0.0474;0.0215;-0.0032;1.786;-5.183
1049;1.048;-1.868;0.284;3.178;-0.0397;0.0095;0.0005;0.908;3.244
1050;1.049;-1.241;-0.324;3.62;-0.0451;0.0057;-0.0048;4.735;-3.705
1051;1.05;-2.1;-1.854;3.304;-0.0552;-0.0359;0.0035;8.844;0.018
1052;1.051;0.917;0.401;8.063;0.0291;0.0091;0.0039;7.806;-0.16
1053;1.052;-1.483;-0.384;7.921;-0.0166;-0.0201;0.0031;5.178;1.627
1054;1.053;1.149;0.399;3.019;0.0169;0.015;0.0099;6.537;-3.345
1055;1.054;1.381;2.192;7.04;0.0318;0.0466;0.0022;3.294;6.552
1056;1.055;-1.788;-0.026;3.833;-0.0496;0.0009;-0.004;0.495;3.916
1057;1.056;0.061;2.405;2.592;0.0214;0.0329;-0.0008;0.312;-2.334
1058;1.057;-0.715;-0.706;3.063;-0.0151;-0.0258;-0.008;-6.821;5.198
1059;1.058;-1.698;-0.725;3.289;-0.0266;-0.0403;0.0072;-1.01;7.642
1060;1.059;-0.5;-1.228;6.043;-0.0002;-0.0273;-0.0068;-3.776;7.871
1061;1.06;-0.36;0.144;4.534;-0.0011;-0.0037;-0.0001;-4.478;-2.076
1062;1.061;1.062;-2.505;1.701;0.0246;-0.0683;-0.0094;4.249;-2.012
1063;1.062;1.532;0.266;-0.555;0.0545;0.0003;-0.0016;11.679;-2.663
1064;1.063;-1.644;0.493;5.858;-0.0427;0.0255;-0.0063;-2.359;-1.624
1065;1.064;-0.607;0.874;7.838;-0.0217;0.0248;0.0005;5.801;8.84
1066;1.065;0.793;0.389;2.58;-0.0106;-0.0012;0.0014;-6.087;-2.982
1067;1.066;1.761;0.891;6.647;0.053;0.0225;-0.0035;-8.315;9.114
1068;1.067;-3.651;0.805;8.678;-0.0722;0.022;0.0002;-4.742;-6.162
1069;1.068;1.912;0.051;3.46;0.0405;0.0029;0.0003;1.076;-5.074
1070;1.069;-0.251;0.328;8.275;-0.0174;0.0067;-0.0031;-0.609;-2.732
1071;1.07;2.292;-0.615;3.738;0.0421;-0.0138;0.0037;2.021;-3.679
1072;1.071;-0.634;-0.252;4.221;-0.0136;0.0062;0.0008;0.269;4.629
1073;1.072;-1.243;1.735;1.786;-0.0177;0.0396;-0.0052;-4.606;-5.547
1074;1.073;0.067;-1.406;2.877;0.0031;-0.0343;0.0041;8.573;1.018
1075;1.074;1.75;1.321;3.715;0.0428;0.0314;0.0048;8.729;-0.207
1076;1.075;0.046;0.933;11.33;-0.0119;0.0174;0.0039;-1.319;-5.544
1077;1.076;-3.528;-1.859;2.595;-0.0808;-0.0403;-0.0076;-3.324;2.979
1078;1.077;1.024;-1.954;5.44;0.0353;-0.039;0.0022;8.959;-5.959
1079;1.078;-2.409;-0.694;4.675;-0.0582;-0.0085;0.0009;0.047;-0.315
1080;1.079;-1.465;0.417;3.828;-0.0423;0.0034;-0.0082;0.79;-3.601
1081;1.08;-1.739;-0.498;3.285;-0.0444;-0.0084;-0.0012;8.208;3.453
1082;1.081;-2.752;0.833;3.877;-0.0583;0.0129;-0.0015;1.897;-2.176
1083;1.082;-1.876;-0.256;2.085;-0.0509;-0.0081;0.0011;-1.351;-8.318
1084;1.083;-1.479;-1.638;0.914;-0.0399;-0.0258;-0.0051;-6.725;-3.226
1085;1.084;-0.917;0.568;3.016;0.0056;0.0019;0.0009;7.722;-5.109
1086;1.085;-0.08;0.904;8.663;0.0042;0.0172;0.0023;-3.031;-3.373
1087;1.086;-0.501;-0.337;4.89;-0.0264;-0.01;0.0046;6.687;-7.169
1088;1.087;-2.221;-0.319;2.917;-0.0402;-0.0007;0.0011;0.331;1.571
1089;1.088;-0.273;-1.675;8.802;-0.0224;-0.0319;-0.0072;7.45;5.228
1090;1.089;1.459;0.931;5.057;0.0371;0.0148;0.0013;-10.371;-6.408
1091;1.09;1.422;1.963;4.879;0.0498;0.0313;0.0027;-0.867;4.874
1092;1.091;0.202;0.078;3.007;0.006;0.0055;-0.0056;7.217;2.311
1093;1.092;0.929;-1.688;7.675;0.0238;-0.0519;0.0005;5.593;-2.119
1094;1.093;1.338;-1.65;3.54;0.0195;-0.0316;0.0012;-0.502;5.603
1095;1.094;2.042;-0.114;1.541;0.051;-0.0005;0.0026;-1.156;11.746
1096;1.095;2.545;-1.579;-1.942;0.0516;-0.0456;-0.0015;-0.771;3.59
1097;1.096;-0.48;-0.709;1.295;-0.0223;-0.02;-0.0047;0.589;-10.609
1098;1.097;-0.407;-1.454;5.099;-0.0069;-0.0308;-0.001;6.142;-4.131
1099;1.098;2.209;0.118;3.338;0.0378;-0.0011;-0.0008;7.814;0.445
1100;1.099;2.342;-1.448;2.064;0.0443;-0.0237;-0.0044;4.271;-8.197
1101;1.1;2.311;1.087;5.099;0.0348;0.0167;0.003;-6.502;6.33
1102;1.101;-3.515;1.793;4.189;-0.0591;0.041;0.0031;-2.79;-5.433
1103;1.102;-0.33;1.753;1.32;-0.0188;0.0376;-0.012;5.287;2.681
1104;1.103;-4.883;-1.871;3.997;-0.0986;-0.0382;0.0032;-0.058;1.573
1105;1.104;1.095;1.46;4.654;0.0294;0.0281;-0.0016;-4.371;-11.039
1106;1.105;0.083;0.466;1.746;-0.0029;0.0115;0.0054;0.286;-5.801
1107;1.106;0.078;0.719;5.646;-0.0129;-0.0048;0.0025;-3.048;4.0
1108;1.107;-0.207;0.598;11.59;-0.0076;0.0158;0.0009;1.537;5.676
1109;1.108;1.955;0.846;3.905;0.0385;0.0261;-0.0083;-3.191;-5.093
1110;1.109;-0.44;0.539;8.206;-0.0027;0.0051;-0.0089;7.393;-2.079
1111;1.11;1.55;0.257;5.232;0.0477;-0.0152;-0.0029;-5.933;7.602
1112;1.111;0.83;-0.075;3.113;0.0177;0.0132;-0.0045;0.344;8.425
1113;1.112;0.535;-0.746;6.178;0.0105;-0.0268;0.0042;-2.936;3.687
1114;1.113;0.694;1.295;6.662;0.0026;-0.002;-0.0043;3.485;-3.471
1115;1.114;0.166;-0.124;8.464;0.0018;-0.0133;0.002;-3.987;8.228
1116;1.115;-1.641;-0.426;8.753;-0.0436;-0.0097;0.0081;4.218;0.239
1117;1.116;1.074;1.041;8.985;0.0185;0.0162;-0.0049;4.09;-3.289
1118;1.117;1.07;0.572;3.699;0.0232;0.0112;0.0074;-1.459;0.596
1119;1.118;-0.216;-0.145;3.043;-0.0098;-0.0151;0.0055;1.058;12.947
1120;1.119;1.096;-0.02;7.922;0.0092;-0.0001;0.0085;-1.592;0.704
1121;1.12;1.348;-2.265;-0.244;0.0258;-0.0624;0.0002;-0.301;1.533
1122;1.121;-1.922;-1.366;6.944;-0.0568;-0.0368;0.0027;-2.606;-4.107
1123;1.122;-0.213;-0.47;6.789;0.0015;-0.0015;-0.0093;4.606;-0.919
1124;1.123;-0.665;0.308;6.027;-0.0247;0.0183;0.0027;0.709;2.173
1125;1.124;-1.358;0.436;-0.346;-0.0056;0.0211;-0.0026;-1.145;-0.138
1126;1.125;0.483;-1.493;2.001;0.0067;-0.0362;0.0017;6.32;-5.957
1127;1.126;-1.265;-0.612;-0.835;-0.032;-0.0047;-0.0016;5.663;7.198
1128;1.127;-0.652;0.221;7.614;-0.0093;0.0152;0.002;-0.79;1.844
1129;1.128;0.368;0.995;2.38;0.0;0.033;0.0015;7.625;-2.116
1130;1.129;0.525;-0.927;3.79;0.0018;-0.0082;-0.0045;5.125;-1.215
1131;1.13;0.482;-1.066;6.357;0.0153;-0.0237;-0.0044;2.313;-7.742
1132;1.131;3.351;-1.575;7.752;0.0698;-0.0454;0.008;-0.155;6.804
1133;1.132;-0.756;-0.122;2.187;-0.0195;-0.0123;0.0095;2.274;2.299
1134;1.133;0.375;0.314;3.455;-0.0121;-0.0097;0.0076;0.9;-1.407
1135;1.134;-1.809;1.134;4.563;-0.0503;0.03;-0.0019;6.607;-3.834
1136;1.135;0.722;-0.33;7.091;0.0097;-0.0057;-0.0051;-7.264;-11.158
1137;1.136;1.73;1.074;6.578;0.0218;0.0203;0.0107;-1.403;11.096
1138;1.137;1.821;0.054;9.756;0.0328;0.005;0.002;-4.302;-2.944
1139;1.138;-0.954;0.238;3.16;-0.0199;0.0208;0.0002;-1.334;-4.343
1140;1.139;-0.419;-1.507;1.655;-0.0079;-0.0276;0.0099;-0.067;-1.188
1141;1.14;1.894;2.012;1.482;0.0342;0.0448;-0.002;-4.324;0.588
1142;1.141;-0.14;-0.265;5.931;-0.0013;-0.0148;0.0033;-3.845;-5.133
1143;1.142;1.438;1.406;5.305;0.0254;0.0158;0.0038;-4.88;0.029
1144;1.143;-1.459;0.768;7.406;-0.0061;0.0119;0.0022;3.46;1.046
1145;1.144;2.075;-0.397;2.103;0.0563;-0.0319;0.0073;4.33;0.987
1146;1.145;1.541;-0.74;-0.337;0.0443;-0.0516;0.0004;-4.01;6.544
1147;1.146;0.696;0.861;2.082;0.0033;0.001;0.001;5.059;-2.399
1148;1.147;-1.198;-0.725;2.955;-0.0301;-0.0273;0.0;13.094;-2.78
1149;1.148;-0.24;-0.978;7.755;0.0058;-0.0466;-0.0024;-3.341;-5.142
1150;1.149;0.227;-0.987;3.755;0.0112;-0.0219;0.0038;-2.164;-1.416
1151;1.15;0.395;-1.004;6.441;0.0011;-0.0264;0.0049;-1.563;12.215
1152;1.151;-0.157;-0.853;5.582;-0.0001;-0.0071;-0.0046;-1.183;-4.624
1153;1.152;-0.328;1.686;4.404;0.008;0.0351;0.0097;0.172;-4.86
1154;1.153;0.289;0.056;4.609;0.0017;0.0078;-0.0091;-1.51;6.342
1155;1.154;2.093;1.291;0.894;0.037;0.0226;0.002;8.231;10.541
1156;1.155;-3.012;0.478;6.722;-0.0649;0.0111;0.0003;0.092;-0.048
1157;1.156;-2.058;-0.193;9.226;-0.0464;0.0074;0.0026;-1.268;-3.688
1158;1.157;-2.317;-0.467;5.675;-0.0268;0.005;-0.0053;1.842;3.38
1159;1.158;-1.03;-1.289;1.579;-0.028;-0.0092;0.0041;-0.935;-1.138
1160;1.159;-2.61;0.313;3.355;-0.0412;0.008;-0.0009;0.396;0.883
1161;1.16;0.83;0.001;1.531;0.006;0.0104;-0.0012;-8.751;-7.64
1162;1.161;0.144;-0.012;5.632;-0.0017;-0.0054;0.0072;-5.94;-1.162
1163;1.162;-0.381;-0.178;2.537;-0.0218;-0.0114;-0.0013;5.675;5.134
1164;1.163;-1.022;0.591;5.565;-0.022;0.0213;0.0062;1.06;-0.191
1165;1.164;0.235;-0.685;8.196;-0.0025;-0.0179;-0.0047;0.188;-0.093
1166;1.165;0.267;-1.546;3.066;0.0058;-0.0262;-0.0101;5.424;-3.829
1167;1.166;0.495;-0.779;-3.928;0.0363;-0.0209;0.006;-0.104;4.861
1168;1.167;-1.094;-2.144;8.162;-0.0163;-0.0469;0.0027;2.089;-6.155
1169;1.168;0.974;0.217;4.741;0.0271;0.0161;0.0014;-7.862;-0.731
1170;1.169;-2.203;1.822;5.124;-0.0427;0.0287;-0.0014;-1.918;-6.558
1171;1.17;1.874;-0.6;13.277;0.0428;-0.0151;-0.001;0.456;1.585
1172;1.171;-4.615;1.101;1.864;-0.074;0.012;-0.0043;8.262;-2.698
1173;1.172;-0.89;2.314;5.109;-0.0286;0.0417;-0.0048;1.531;-0.43
1174;1.173;-1.803;-0.323;1.874;-0.0288;-0.0097;0.0036;0.046;-5.082
1175;1.174;1.185;0.581;6.041;0.0144;0.0153;0.0044;4.561;-0.085
1176;1.175;-2.228;0.811;9.538;-0.0381;0.0086;-0.0035;-3.174;-7.81
1177;1.176;2.733;1.867;3.29;0.0428;0.0459;0.0037;0.636;-1.827
1178;1.177;-2.317;0.437;5.966;-0.0484;0.0168;-0.0091;0.923;2.832
1179;1.178;3.043;-0.853;3.367;0.0762;-0.0406;0.0027;-4.309;0.548
1180;1.179;0.672;-0.7;2.472;0.0155;-0.0148;-0.0039;-4.29;1.243
1181;1.18;0.046;-1.16;8.417;0.011;-0.0139;-0.0086;-6.415;-7.599
1182;1.181;0.654;-0.253;3.184;0.0062;0.0004;-0.007;-2.709;-3.541
1183;1.182;3.289;0.749;2.318;0.0793;0.0291;-0.0031;4.527;-3.149
1184;1.183;1.34;0.684;6.61;0.004;-0.0068;0.0002;7.943;-6.844
1185;1.184;-3.35;-0.64;7.139;-0.0806;-0.0221;0.0022;1.544;-10.632
1186;1.185;1.791;0.641;6.813;0.0297;0.0137;-0.0048;7.726;5.035
1187;1.186;0.348;-2.046;1.16;0.0056;-0.0243;0.0096;2.977;-2.731
1188;1.187;-2.426;-0.114;0.576;-0.0475;-0.0048;0.0018;6.116;-1.871
1189;1.188;1.141;1.522;6.633;0.002;0.0355;0.0028;3.745;-0.636
1190;1.189;-1.817;-0.153;10.029;-0.0378;-0.0218;-0.0037;-0.253;0.452
1191;1.19;0.272;-0.518;1.62;-0.0065;-0.0146;0.0059;-6.945;-10.834
1192;1.191;0.35;1.456;5.537;-0.0058;0.0238;-0.0052;-1.521;-3.897
1193;1.192;-0.973;1.578;4.545;-0.036;0.0342;0.0031;1.207;1.969
1194;1.193;0.971;0.062;5.753;0.0326;-0.0038;0.0097;-0.209;-4.712
1195;1.194;-1.532;-2.455;9.803;-0.0463;-0.0446;-0.0017;-5.672;6.691
1196;1.195;0.287;0.838;3.712;0.0009;0.0133;0.0015;-0.529;-2.904
1197;1.196;-0.821;2.2;5.959;-0.0238;0.033;0.0127;-11.485;1.78
1198;1.197;-0.274;-1.037;5.755;-0.0154;-0.004;0.007;3.92;12.704
1199;1.198;2.884;2.759;3.666;0.0715;0.0662;-0.0024;-3.445;-6.055
1200;1.199;0.168;-1.032;7.214;-0.0156;-0.0211;0.0;-3.156;-0.909
1201;1.2;-1.631;1.303;7.3;-0.0273;0.019;0.0067;4.13;-0.294
1202;1.201;-0.176;1.179;5.145;0.0181;0.0221;0.0038;0.78;-3.718
1203;1.202;-1.154;0.981;7.977;-0.0313;0.015;0.0006;-2.787;7.468
1204;1.203;0.04;-0.883;2.709;-0.0204;-0.0182;-0.0047;1.106;-9.192
1205;1.204;0.243;0.986;4.414;-0.0022;0.0222;0.0003;2.307;9.834
1206;1.205;0.127;-1.66;2.717;-0.0152;-0.0025;0.0025;-5.187;-3.547
1207;1.206;0.126;0.019;6.305;0.0045;0.0123;-0.0009;-2.513;-4.821
1208;1.207;-0.817;-0.017;5.138;-0.0031;0.0164;-0.0;-1.281;-0.476
1209;1.208;0.674;0.099;7.687;0.0251;-0.0057;-0.0044;6.399;0.094
1210;1.209;1.586;-1.328;8.238;0.0363;-0.0331;0.0082;0.608;-9.885
1211;1.21;-0.931;-0.861;7.258;-0.0372;-0.0125;-0.0015;7.678;-9.82
1212;1.211;-0.088;-2.104;6.722;-0.0017;-0.0506;-0.0008;-0.336;-7.122
1213;1.212;0.091;2.145;6.689;-0.0011;0.036;-0.0028;1.566;9.408
1214;1.213;1.881;0.314;9.965;0.0369;0.0111;0.0042;-2.772;-0.934
1215;1.214;1.619;-0.775;0.048;0.0407;-0.0149;0.0051;-0.4;-5.001
1216;1.215;-1.095;0.35;7.201;-0.0366;0.002;0.0017;2.581;1.03
1217;1.216;0.109;0.006;5.195;0.0116;0.0;0.0078;1.129;-0.498
1218;1.217;-2.241;1.917;1.176;-0.0349;0.0283;-0.0011;4.642;-5.318
1219;1.218;-1.448;-0.658;3.657;-0.0246;-0.0043;-0.0025;-9.329;1.867
1220;1.219;0.023;1.399;2.146;0.0046;0.0381;-0.0028;-1.689;8.261
1221;1.22;0.945;-1.695;5.671;-0.0003;-0.0221;-0.0038;0.748;-0.196
1222;1.221;1.432;-0.119;6.45;0.0223;-0.0183;0.0065;1.652;6.788
1223;1.222;-0.466;0.602;5.578;0.0016;0.0269;-0.0029;-2.327;2.86
1224;1.223;-2.029;-0.253;1.725;-0.0377;-0.0051;-0.0057;-10.386;4.525
1225;1.224;0.595;1.202;2.881;0.0189;0.0227;0.0028;3.987;-0.156
1226;1.225;-0.26;0.225;4.754;-0.0116;0.0251;-0.0008;1.833;-2.034
1227;1.226;0.636;-0.672;2.831;0.004;-0.0201;0.0009;6.075;3.498
1228;1.227;0.24;-0.557;1.991;-0.0002;-0.0097;-0.0091;-1.034;-0.23
1229;1.228;1.074;1.603;-0.04;0.0273;0.0369;-0.0016;-0.831;-5.077
1230;1.229;0.982;0.019;4.298;0.026;-0.0026;-0.0029;4.232;-0.818
1231;1.23;1.265;-0.369;7.465;0.0158;0.001;0.0053;7.978;2.482
1232;1.231;-0.689;-1.869;3.832;-0.0128;-0.0529;-0.004;-4.116;-6.838
1233;1.232;1.493;-1.686;5.495;0.0505;-0.0186;-0.0024;-6.08;4.02
1234;1.233;-0.755;-1.107;0.911;-0.0036;-0.0223;0.0051;-0.746;2.635
1235;1.234;0.127;0.75;2.923;0.0001;0.0096;-0.0029;7.438;7.613
1236;1.235;2.791;1.392;9.651;0.0561;0.0384;-0.0046;-5.378;-1.701
1237;1.236;0.535;-0.782;0.875;0.0127;-0.0206;0.0049;3.002;8.272
1238;1.237;-1.749;2.469;11.921;-0.0272;0.0542;-0.0019;-2.863;2.501
1239;1.238;2.236;0.266;3.413;0.0372;0.0015;-0.0026;4.032;-0.577
1240;1.239;1.5;0.198;-0.032;0.0275;0.0109;-0.0079;-0.631;9.15
1241;1.24;1.711;0.306;4.658;0.0384;0.019;-0.0029;-2.229;1.623
1242;1.241;0.296;-0.947;5.115;0.0022;-0.0247;-0.0104;1.269;6.069
1243;1.242;0.519;1.216;6.701;0.0145;0.016;-0.0006;-1.088;-0.799
1244;1.243;-0.35;0.225;7.838;0.001;0.0004;0.0042;-1.16;6.411
1245;1.244;-1.05;0.824;3.867;-0.0211;0.0227;0.0071;6.44;3.588
1246;1.245;2.295;-1.892;6.543;0.0482;-0.0185;0.0032;-0.215;-7.438
1247;1.246;-0.553;-1.586;6.711;-0.0052;-0.0217;0.004;4.213;-4.218
1248;1.247;-0.721;0.98;7.736;-0.0224;0.026;-0.0016;10.006;2.531
1249;1.248;-0.665;1.749;10.116;-0.0091;0.0275;-0.0001;6.229;6.141
1250;1.249;2.794;-0.23;7.518;0.0643;-0.0077;-0.0004;-0.273;-8.801
1251;1.25;1.317;-0.272;5.318;0.0279;-0.0278;-0.0007;-2.988;-2.916
1252;1.251;-0.552;-0.041;5.833;-0.0013;-0.0116;-0.0024;-3.937;1.118
1253;1.252;-0.068;-0.548;7.279;-0.0166;-0.0179;-0.0034;2.319;10.739
1254;1.253;0.766;-1.307;1.127;0.0328;-0.0204;0.0076;0.584;6.545
1255;1.254;1.318;-1.272;7.515;0.0196;-0.0201;-0.0042;-2.515;-4.742
1256;1.255;-2.416;1.613;4.663;-0.0518;0.0322;0.0079;13.828;2.344
1257;1.256;1.356;-0.638;3.238;0.0198;0.0008;0.0002;-1.866;5.322
1258;1.257;-0.327;0.947;8.268;0.0026;0.0132;0.0097;1.545;6.835
1259;1.258;-1.029;-1.784;8.165;-0.0134;-0.0456;-0.0004;-2.503;0.846
1260;1.259;-0.585;0.717;1.498;-0.0216;0.0007;0.001;0.917;4.131
1261;1.26;1.188;1.533;3.909;0.0141;0.0444;0.0052;-2.674;3.371
1262;1.261;2.638;-0.322;3.139;0.0411;-0.0077;0.0;-3.788;3.619
1263;1.262;0.222;1.283;-0.715;0.0218;0.0287;0.0055;-0.697;-5.445
1264;1.263;0.835;0.42;7.332;0.0154;-0.0063;-0.004;5.11;-4.657
1265;1.264;-1.221;2.952;5.217;-0.0045;0.0525;-0.0006;-8.887;-0.318
1266;1.265;0.737;-0.201;-0.06;0.0149;-0.0104;-0.0055;-2.716;4.656
1267;1.266;1.234;-0.204;7.166;0.0472;-0.003;0.0006;9.556;-3.894
1268;1.267;-2.232;-1.188;9.419;-0.0437;-0.0181;-0.0036;-2.484;-2.398
1269;1.268;-0.769;-0.069;3.352;-0.03;0.0063;0.0044;4.211;-8.27
1270;1.269;1.186;0.936;3.944;0.0114;0.0182;-0.0012;-2.908;-0.814
1271;1.27;-2.638;-0.838;5.344;-0.0368;-0.025;0.0105;3.467;0.43
1272;1.271;-0.561;1.662;9.465;-0.0035;0.0292;-0.0055;-3.923;2.29
1273;1.272;0.901;-0.594;2.304;0.0274;-0.0024;-0.0088;-1.72;-6.586
1274;1.273;-2.536;0.337;6.869;-0.0632;0.0092;0.0001;-4.936;1.935
1275;1.274;-0.595;1.682;8.34;-0.0042;0.0196;-0.0014;6.18;0.588
1276;1.275;0.082;-0.617;5.185;0.0063;-0.0087;0.0086;-0.453;8.931
1277;1.276;1.336;0.263;4.846;0.0379;0.0012;-0.0072;9.161;10.154
1278;1.277;-1.918;-0.233;2.96;-0.0212;-0.0068;-0.0013;8.234;3.285
1279;1.278;1.664;-0.842;3.167;0.0362;-0.0204;0.0025;-4.548;0.317
1280;1.279;0.459;0.735;4.396;0.0137;0.0093;-0.0001;3.491;-4.715
1281;1.28;1.795;-2.5;1.571;0.0195;-0.0536;0.0063;5.909;-0.943
1282;1.281;1.745;-1.177;6.055;0.0364;-0.029;0.0013;12.115;3.74
1283;1.282;0.511;-0.088;12.166;0.0139;-0.0085;-0.001;0.507;-0.758
1284;1.283;0.729;0.399;7.467;0.0288;0.0036;0.0039;11.002;1.903
1285;1.284;-2.609;-0.96;2.759;-0.0623;-0.0165;0.0007;-4.537;4.673
1286;1.285;-2.025;-1.512;4.591;-0.0276;-0.0311;0.002;7.184;-2.308
1287;1.286;-1.508;1.967;3.793;-0.0359;0.047;0.0004;-0.273;-9.746
1288;1.287;-0.522;0.758;0.303;-0.0203;0.0252;-0.0059;-8.736;-2.503
1289;1.288;1.4;0.758;11.502;0.0093;0.0281;0.0058;1.393;-1.537
1290;1.289;-2.675;0.218;-2.289;-0.0534;0.0021;-0.0022;2.271;-1.87
1291;1.29;-0.48;1.419;3.573;-0.0093;0.0308;0.007;0.276;-0.711
1292;1.291;-1.982;0.44;4.234;-0.0278;-0.0039;0.0031;2.225;-3.212
1293;1.292;-2.337;-1.5;2.257;-0.0472;-0.0274;-0.0039;-6.071;-3.072
1294;1.293;2.215;0.059;8.203;0.0601;-0.0099;-0.0039;-0.561;1.903
1295;1.294;0.148;1.249;2.571;0.0185;0.0312;0.0006;1.678;-9.614
1296;1.295;2.453;-1.898;1.72;0.0581;-0.0522;0.0049;-2.593;-7.104
1297;1.296;1.776;-0.654;5.881;0.0332;-0.0245;-0.003;-1.587;1.793
1298;1.297;-1.382;0.131;4.932;-0.0146;0.0166;-0.0025;-3.42;-1.302
1299;1.298;-2.782;0.062;-1.278;-0.036;-0.0046;0.0063;-7.974;0.106
1300;1.299;3.105;-0.687;3.173;0.0531;-0.0013;-0.0051;-0.609;-5.202
1301;1.3;-0.608;0.289;4.02;-0.011;0.0084;0.0008;13.677;2.531
1302;1.301;-1.717;0.477;12.099;-0.058;0.0163;-0.005;0.737;-4.139
1303;1.302;1.037;2.252;5.148;0.0051;0.0419;0.0011;-6.725;-4.561
1304;1.303;0.205;-0.909;13.211;0.0113;-0.0118;0.0042;7.523;-5.0
1305;1.304;-1.007;0.004;2.545;-0.028;-0.0091;-0.0032;-2.26;-9.562
1306;1.305;-0.519;-1.237;2.552;0.0038;-0.0369;0.0042;-6.712;3.656
1307;1.306;0.242;1.366;6.852;0.0022;0.0333;0.0027;-5.274;-0.955
1308;1.307;0.111;0.503;9.632;-0.0103;0.0155;-0.0033;-2.175;2.069
1309;1.308;1.133;0.742;-0.761;0.0306;0.0056;-0.001;5.267;6.252
1310;1.309;-0.53;0.603;5.66;-0.0137;0.0186;-0.002;0.558;-7.712
1311;1.31;-0.515;2.182;1.193;-0.0122;0.0344;0.002;10.337;4.036
1312;1.311;0.901;-0.355;6.382;0.0246;-0.0204;0.0092;3.335;-3.981
1313;1.312;0.469;0.36;2.177;-0.0047;0.0008;-0.0039;-3.622;-2.906
1314;1.313;1.641;0.688;6.201;0.0284;0.0079;-0.0017;5.886;2.195
1315;1.314;-0.375;-1.25;4.99;-0.0096;-0.0424;-0.0026;0.777;-4.23
1316;1.315;-0.148;-1.833;2.168;-0.0062;-0.0408;-0.006;-2.992;2.52
1317;1.316;-1.734;1.021;9.733;-0.0288;0.0134;0.0059;-2.671;-10.72
1318;1.317;2.249;0.178;7.524;0.0415;0.0054;-0.004;0.813;-9.49
1319;1.318;-2.091;0.99;2.871;-0.0489;0.0213;-0.0004;-2.931;0.123
1320;1.319;0.303;0.002;1.446;0.0262;0.0047;0.0016;0.447;5.846
1321;1.32;-1.338;-0.217;3.284;-0.0296;-0.0024;0.0001;-3.374;2.02
1322;1.321;0.506;-0.232;2.026;0.0024;0.0096;0.0005;-0.845;1.128
1323;1.322;1.117;0.295;3.499;0.0364;-0.0012;-0.0002;3.594;-0.323
1324;1.323;-2.459;-0.376;9.104;-0.0442;-0.0041;0.0105;-1.057;-1.041
1325;1.324;-0.316;-0.436;0.646;-0.0157;-0.0045;0.0011;3.0;-10.184
1326;1.325;-2.635;1.55;6.54;-0.047;0.0416;-0.0013;0.91;-1.483
1327;1.326;2.106;1.295;8.234;0.0322;0.0219;-0.0006;-3.022;-0.648
1328;1.327;-0.665;0.022;3.343;-0.0164;-0.0065;-0.0041;4.778;10.342
1329;1.328;-2.365;1.977;7.381;-0.0463;0.0315;-0.0145;1.166;-0.713
1330;1.329;-1.053;-0.545;8.232;-0.0121;-0.0139;0.005;-7.586;-3.714
1331;1.33;1.967;1.152;12.767;0.0277;0.0229;0.0061;4.384;6.835
1332;1.331;2.231;1.346;3.475;0.0447;0.0123;0.01;-9.778;-4.67
1333;1.332;1.906;-0.238;6.108;0.0162;0.0089;-0.0008;7.858;0.951
1334;1.333;-1.177;2.042;3.564;-0.0188;0.0397;-0.0023;1.904;-3.417
1335;1.334;-0.228;-1.267;1.477;-0.0109;-0.0364;-0.0061;-10.209;0.877
1336;1.335;2.452;0.017;7.644;0.0662;0.0078;-0.0027;4.615;-10.133
1337;1.336;-1.097;-0.59;9.487;-0.0088;-0.002;-0.0016;5.819;3.035
1338;1.337;-0.502;1.774;1.999;-0.0067;0.0374;0.0048;0.696;0.209
1339;1.338;-1.431;0.476;3.067;-0.0358;0.0169;0.0085;2.475;-2.099
1340;1.339;-1.746;-0.816;-0.746;-0.0347;-0.0231;-0.0082;5.805;4.443
1341;1.34;1.809;-0.103;5.328;0.0361;-0.0002;-0.0045;-1.842;-9.9
1342;1.341;0.946;-0.797;7.76;0.0293;-0.0249;0.0026;7.993;-11.724
1343;1.342;0.674;1.349;3.23;0.0255;0.0461;0.0047;-3.333;-3.491
1344;1.343;0.869;-0.862;5.846;0.013;-0.0171;-0.0037;9.942;0.262
1345;1.344;1.532;-0.859;3.663;0.0386;-0.0094;-0.0005;-0.89;-2.383
1346;1.345;2.266;0.521;2.21;0.0506;0.0027;-0.0007;5.021;3.763
1347;1.346;-0.011;-0.511;3.488;0.0131;-0.0218;0.0063;0.022;-4.525
1348;1.347;-0.511;0.336;9.071;-0.0239;0.0024;0.0055;-1.021;-0.582
1349;1.348;-1.536;0.208;9.514;-0.0371;-0.0136;0.0041;-2.456;5.419
1350;1.349;1.623;-0.547;4.798;0.0279;-0.0216;-0.0015;9.667;12.868
1351;1.35;-0.772;-1.716;3.215;-0.0135;-0.0397;0.0088;2.989;-1.059
1352;1.351;-2.242;-2.466;-0.353;-0.0477;-0.0539;0.0028;4.202;-6.509
1353;1.352;-0.403;0.182;7.743;-0.017;-0.0049;0.0033;-2.634;-1.928
1354;1.353;0.037;-0.348;8.157;-0.0005;-0.0167;-0.0063;-0.006;-4.315
1355;1.354;1.249;0.659;2.461;0.0259;0.0319;-0.0032;0.254;4.735
1356;1.355;1.506;0.241;5.927;0.0306;0.0095;0.0074;0.18;-0.039
1357;1.356;-1.096;-0.061;5.929;-0.0238;0.0006;0.0056;9.1;6.395
1358;1.357;-1.2;-0.387;6.164;-0.0213;-0.0095;0.0091;1.422;-1.458
1359;1.358;-0.492;1.03;10.862;0.0056;0.0214;-0.0005;-1.409;2.524
1360;1.359;-1.817;-3.684;4.218;-0.0178;-0.0846;-0.0028;-10.234;-5.946
1361;1.36;-0.165;-1.995;8.502;0.0034;-0.0215;-0.0004;-8.029;-2.685
1362;1.361;0.692;0.541;9.328;0.0126;-0.0081;-0.0042;5.299;-6.066
1363;1.362;0.064;-0.155;8.259;0.0078;-0.0033;-0.0015;-7.003;-7.065
1364;1.363;-2.42;-0.948;5.677;-0.0626;-0.015;0.0057;-0.56;7.597
1365;1.364;-1.788;-0.605;7.067;-0.0376;0.0013;0.0019;8.741;-4.12
1366;1.365;1.929;0.939;5.377;0.024;0.0377;0.0025;-1.307;-3.276
1367;1.366;-1.52;0.496;9.926;-0.0273;0.0025;-0.0064;1.052;1.729
1368;1.367;1.108;0.167;10.616;0.0226;0.0133;-0.0085;-5.015;1.417
1369;1.368;0.948;-2.041;2.66;0.016;-0.0376;0.0016;-1.644;4.048
1370;1.369;-0.483;1.149;6.745;-0.0075;-0.0016;0.0043;-2.229;5.597
1371;1.37;-1.495;-0.829;4.981;-0.0121;-0.0216;0.0063;4.665;-2.614
1372;1.371;0.316;0.688;3.349;0.0068;-0.0036;-0.0029;-0.14;-11.161
1373;1.372;-1.329;0.585;2.268;-0.0342;0.012;-0.004;4.628;-2.931
1374;1.373;-0.264;-1.98;13.632;0.0031;-0.0366;-0.0016;-5.417;8.496
1375;1.374;0.159;-1.621;7.089;-0.0082;-0.0434;-0.0042;0.3;4.352
1376;1.375;-1.075;-1.807;3.91;-0.0111;-0.0345;0.0023;-0.125;2.071
1377;1.376;-0.34;-1.195;7.702;-0.0045;-0.0148;-0.0075;-4.15;-0.579
1378;1.377;-0.463;0.75;4.422;-0.0052;0.0129;-0.0042;-3.396;-0.596
1379;1.378;-1.853;1.355;8.627;-0.0502;0.0347;0.0105;-2.759;-5.386
1380;1.379;-0.286;0.286;5.108;-0.0029;0.0016;0.0;-0.858;-0.145
1381;1.38;-0.956;-0.243;0.481;-0.0121;-0.0069;0.0054;2.044;-8.489
1382;1.381;-2.736;-0.872;7.444;-0.0651;-0.0192;-0.0019;0.875;3.436
1383;1.382;-0.507;1.768;7.192;-0.0396;0.0395;0.001;5.752;-2.537
1384;1.383;-0.424;-0.027;-0.281;0.0035;-0.0164;-0.0015;-3.139;4.352
1385;1.384;-0.907;-1.002;7.266;-0.0075;-0.014;0.0045;-1.003;10.948
1386;1.385;-3.093;0.015;6.574;-0.0727;-0.0027;-0.0052;0.879;3.206
1387;1.386;1.164;0.653;6.039;0.0113;0.0036;0.004;-0.208;12.347
1388;1.387;1.025;-0.513;4.791;0.009;-0.0049;-0.0073;-2.377;-3.072
1389;1.388;0.976;-0.551;10.926;0.0159;-0.0132;0.0066;6.405;3.012
1390;1.389;0.487;-1.814;6.448;0.0201;-0.0503;-0.0033;-0.989;-3.79
1391;1.39;-1.885;0.599;-1.058;-0.037;0.0067;0.0049;-2.8;1.507
1392;1.391;0.184;-0.883;5.325;-0.0095;-0.0167;-0.0053;4.182;1.91
1393;1.392;-1.391;0.72;6.346;-0.0008;0.0157;-0.0066;-5.791;-1.219
1394;1.393;3.281;0.131;5.566;0.0694;0.0091;-0.0053;0.863;5.99
1395;1.394;-0.781;0.219;7.754;-0.0069;0.0106;-0.0029;1.152;4.677
1396;1.395;1.001;-0.79;4.469;0.0166;-0.0327;-0.008;-7.833;12.789
1397;1.396;-2.329;0.509;3.555;-0.0353;0.0032;0.0042;-0.161;-0.894
1398;1.397;-1.769;-1.379;0.865;-0.0288;-0.0466;-0.0006;3.135;-4.462
1399;1.398;-0.805;0.168;6.411;-0.0056;0.0171;0.0072;12.049;-0.622
1400;1.399;1.054;1.788;8.544;0.0233;0.0148;0.0016;-4.457;-4.706
1401;1.4;0.821;2.624;4.941;0.0077;0.0432;-0.0009;0.386;-4.582
1402;1.401;0.432;-1.274;3.022;0.0088;-0.0259;-0.0104;0.537;9.789
1403;1.402;-2.781;0.576;3.559;-0.0647;0.024;-0.0005;-4.409;0.033
1404;1.403;1.697;0.047;5.37;0.0416;0.0149;-0.0034;6.958;-7.008
1405;1.404;-1.389;-0.422;0.677;-0.0277;-0.0012;0.0067;-1.494;-5.79
1406;1.405;2.423;0.929;5.006;0.0311;0.0401;0.0027;0.839;-8.584
1407;1.406;2.799;-1.544;-1.392;0.0742;-0.0234;-0.0083;4.407;3.266
1408;1.407;1.239;0.685;2.516;0.0363;0.0136;0.0053;-1.411;1.864
1409;1.408;1.483;-1.057;7.955;0.0362;-0.0148;-0.0024;-7.181;1.949
1410;1.409;-1.892;1.591;7.223;-0.0462;0.0283;-0.0097;3.397;1.802
1411;1.41;3.872;0.35;4.789;0.0817;0.0176;-0.0052;4.553;-3.116
1412;1.411;0.327;2.925;6.515;0.0046;0.0547;-0.0007;-3.512;5.32
1413;1.412;1.5;1.466;6.252;0.0378;0.0368;-0.0007;1.321;-1.779
1414;1.413;-1.287;0.245;0.333;-0.0366;0.011;-0.0118;4.024;2.747
1415;1.414;-0.098;-1.549;3.265;0.0082;-0.0398;0.0029;-5.884;2.211
1416;1.415;-1.78;-2.865;10.375;-0.0356;-0.052;-0.0048;8.242;-5.479
1417;1.416;-0.36;0.252;4.465;-0.0067;0.0038;-0.0003;-8.186;-1.688
1418;1.417;0.023;-0.368;5.918;-0.0119;0.008;-0.0059;-0.069;4.12
1419;1.418;0.384;1.158;3.288;0.0144;0.036;0.0129;-1.842;9.208
1420;1.419;2.094;-1.017;3.868;0.0539;-0.0154;0.002;3.136;-12.074
1421;1.42;0.721;0.102;5.207;0.0311;0.015;-0.0044;-5.943;-6.472
1422;1.421;0.366;-0.805;3.877;-0.001;-0.0079;-0.0063;-6.287;-0.953
1423;1.422;0.058;0.462;3.949;-0.0055;0.0169;0.004;0.19;3.855
1424;1.423;3.016;0.426;11.566;0.0707;-0.0025;-0.0032;-3.697;-4.931
1425;1.424;-0.869;-1.716;2.633;-0.0223;-0.0215;-0.0022;0.854;-12.305
1426;1.425;1.782;0.009;15.393;0.0364;0.0023;-0.0081;3.852;-6.045
1427;1.426;-2.942;1.28;9.519;-0.0572;0.0326;0.0066;-3.761;-2.544
1428;1.427;-1.317;0.461;-3.295;-0.0266;0.0147;-0.0046;9.772;-0.734
1429;1.428;0.616;1.492;4.147;0.0204;0.023;-0.001;-3.853;13.57
1430;1.429;-0.242;-0.956;11.121;-0.0063;-0.0289;0.0011;4.605;8.489
1431;1.43;4.511;-2.034;5.535;0.0798;-0.0236;-0.0103;1.097;-3.821
1432;1.431;3.869;-0.929;2.183;0.0931;-0.0151;0.0081;7.929;-9.121
1433;1.432;-2.279;-1.399;5.58;-0.0532;-0.0167;0.0008;4.355;3.53
1434;1.433;-1.606;1.953;6.924;-0.0421;0.0371;0.0072;-0.235;0.061
1435;1.434;-0.213;0.162;3.717;0.0033;0.0052;-0.0051;-3.305;16.589
1436;1.435;2.61;1.06;0.102;0.0476;0.0113;0.0024;5.151;2.168
1437;1.436;1.705;1.83;7.139;0.0337;0.0324;-0.0031;7.189;4.196
1438;1.437;0.491;0.282;3.77;0.0245;0.016;0.0046;-8.842;-1.738
1439;1.438;-2.122;-2.469;9.13;-0.0297;-0.0419;0.0053;8.146;5.116
1440;1.439;-1.266;-2.697;7.646;-0.0346;-0.0497;0.0042;-3.73;-2.036
1441;1.44;-4.025;0.842;5.539;-0.087;0.007;0.0004;-1.687;-8.273
1442;1.441;-2.302;0.987;0.676;-0.0447;0.015;0.0096;-1.079;0.25
1443;1.442;0.643;-1.305;5.868;0.0207;-0.0315;0.0051;8.749;4.874
1444;1.443;1.188;0.55;4.773;0.0285;-0.0113;-0.001;2.76;-7.627
1445;1.444;-1.951;0.668;12.292;-0.0371;0.0076;-0.0017;2.9;-0.739
1446;1.445;0.167;0.14;2.817;0.0066;0.0141;-0.0033;0.02;2.82
1447;1.446;2.445;-1.544;4.291;0.0543;-0.0279;0.0012;4.312;-8.836
1448;1.447;0.251;1.385;2.487;0.0197;0.0361;-0.0101;2.587;2.441
1449;1.448;-0.453;-1.198;4.495;-0.0125;-0.0363;0.0013;2.332;-2.006
1450;1.449;0.925;0.581;3.687;0.012;0.0239;-0.0101;-0.188;-2.345
1451;1.45;0.799;-1.721;8.885;0.0088;-0.0326;0.0056;4.27;0.696
1452;1.451;0.128;-1.066;10.301;0.0142;-0.0274;0.0062;2.831;1.571
1453;1.452;-0.796;0.966;4.363;-0.0159;0.0358;0.0014;2.822;4.627
1454;1.453;-0.629;-1.227;5.143;-0.0139;-0.0212;-0.0077;2.758;2.819
1455;1.454;0.143;-1.876;6.398;-0.0169;-0.0366;-0.0024;-8.286;-3.181
1456;1.455;-0.816;-0.159;-3.219;-0.025;-0.0079;0.0041;1.689;-6.42
1457;1.456;2.007;-0.237;6.973;0.0176;-0.0205;-0.0001;-3.996;2.101
1458;1.457;1.347;-1.38;1.691;0.0267;-0.0358;0.0033;-4.888;-4.264
1459;1.458;1.639;0.396;1.847;0.0222;0.0034;-0.0052;-4.846;3.806
1460;1.459;3.049;0.658;5.954;0.0579;0.0139;-0.0029;4.546;3.957
1461;1.46;2.377;0.236;-0.258;0.0568;-0.0024;0.001;0.445;1.956
1462;1.461;2.135;1.966;3.941;0.0383;0.0551;0.0095;-1.338;-7.062
1463;1.462;0.564;-0.709;4.57;0.0124;-0.0376;-0.0021;-0.164;5.498
1464;1.463;-0.282;1.518;5.56;0.0092;0.038;-0.0045;-0.69;3.826
1465;1.464;3.459;-0.172;9.378;0.0536;-0.0027;0.0053;1.992;1.924
1466;1.465;-1.004;-1.664;2.566;-0.0272;-0.0378;0.0009;-7.564;0.995
1467;1.466;-0.922;-1.599;5.681;-0.0168;-0.0335;-0.0037;2.633;-0.26
1468;1.467;-1.297;-1.916;6.727;-0.0395;-0.0439;-0.0055;2.689;0.296
1469;1.468;0.33;-2.386;5.284;0.0035;-0.058;0.0049;-13.935;0.501
1470;1.469;0.634;0.341;4.715;0.015;0.007;-0.0025;3.552;-0.485
1471;1.47;1.551;-2.075;1.779;0.0341;-0.0382;-0.0048;-9.762;-5.593
1472;1.471;-0.331;-0.475;-4.087;0.0119;0.0011;0.005;-13.369;-3.618
1473;1.472;-2.595;0.039;2.428;-0.0527;-0.0087;0.0053;10.688;0.825
1474;1.473;0.484;-0.361;6.502;0.0063;-0.0176;-0.0075;-15.505;-6.444
1475;1.474;1.467;0.964;1.662;0.0331;0.0354;0.0024;-2.265;0.287
1476;1.475;0.054;-1.492;5.467;0.0164;-0.0329;-0.0054;-10.143;4.245
1477;1.476;-0.194;-1.178;11.354;0.0062;-0.016;0.0025;-2.252;0.242
1478;1.477;0.85;1.18;7.523;0.0319;0.0272;0.0067;1.067;-7.746
1479;1.478;2.155;1.133;5.054;0.0445;0.0242;0.0057;0.307;-0.18
1480;1.479;-0.093;-0.185;6.413;-0.0023;-0.0108;0.0065;2.852;-1.579
1481;1.48;-2.124;-1.3;3.391;-0.0482;-0.0212;-0.002;4.365;-5.787
1482;1.481;-0.841;-0.992;8.512;-0.0292;-0.0077;-0.005;4.002;4.107
1483;1.482;-0.243;0.777;4.869;-0.0129;0.0083;0.0019;6.078;-7.058
1484;1.483;-2.696;2.0;4.877;-0.0756;0.0507;-0.0093;-2.52;-1.421
1485;1.484;1.159;-0.88;-2.353;0.0329;-0.0128;-0.0069;3.314;-5.175
1486;1.485;-1.146;-0.31;2.625;-0.0186;0.0002;-0.0018;-11.91;-0.818
1487;1.486;0.767;-1.245;2.053;0.0084;-0.0257;-0.0027;-6.279;5.145
1488;1.487;0.296;1.165;4.069;0.0166;0.0214;-0.0021;15.334;-0.746
1489;1.488;-0.463;-0.007;-0.381;-0.0058;0.0082;0.0028;-5.585;-0.439
1490;1.489;2.446;0.421;8.256;0.0622;-0.0159;0.002;7.801;11.932
1491;1.49;-0.839;-0.887;8.85;-0.0165;-0.0332;0.0068;0.94;-8.318
1492;1.491;-1.006;1.341;5.83;-0.0319;0.0164;0.0108;-2.809;-0.688
1493;1.492;0.442;0.526;8.772;0.0153;0.0007;-0.0005;-4.915;-6.612
1494;1.493;1.262;1.074;4.802;0.0325;0.0485;0.0008;-6.971;-1.227
1495;1.494;-0.001;-0.432;3.013;0.0088;0.0038;0.0019;-7.974;-2.721
1496;1.495;-1.471;-0.836;0.206;-0.0355;-0.0159;0.0045;-2.765;5.176
1497;1.496;1.039;0.341;6.769;0.0301;0.0043;-0.0024;-1.538;-3.573
1498;1.497;0.908;0.245;4.923;-0.0004;0.022;-0.0038;-15.925;5.188
1499;1.498;3.114;1.359;7.02;0.0587;0.0068;0.0038;-0.327;-3.518
1500;1.499;-0.329;1.325;4.331;-0.0281;0.0252;0.0004;-0.983;-0.733
1501;1.5;0.322;-1.588;1.834;-0.0004;-0.0412;0.0008;0.155;4.33
1502;1.501;-0.849;-2.297;1.933;-0.019;-0.0645;0.0067;4.401;-6.676
1503;1.502;-2.231;1.361;5.118;-0.0371;0.0202;-0.0042;-2.451;-5.022
1504;1.503;0.114;-0.569;6.38;-0.0098;0.0086;-0.0004;5.663;0.226
1505;1.504;1.277;-0.607;5.627;0.0407;-0.0124;-0.0022;-0.698;-5.736
1506;1.505;-1.519;0.74;3.913;-0.0276;0.0278;-0.0088;-1.902;7.368
1507;1.506;-1.011;0.079;9.079;-0.0272;-0.0068;0.005;1.609;5.287
1508;1.507;-1.762;-0.025;5.134;-0.0307;0.0036;-0.0025;-10.798;0.168
1509;1.508;2.012;0.463;3.099;0.0464;0.0125;0.0021;0.545;-3.118
1510;1.509;-0.949;-0.455;2.911;-0.0204;0.0012;0.0065;-4.267;0.589
1511;1.51;0.87;-0.216;3.361;0.0176;-0.0086;-0.0025;-5.035;-0.67
1512;1.511;-1.297;-0.597;5.491;-0.0275;-0.0226;-0.0013;2.599;0.29
1513;1.512;0.113;0.293;4.512;-0.001;-0.0014;0.0006;3.887;6.161
1514;1.513;-0.938;-0.717;5.552;-0.0244;-0.0143;-0.0055;1.3;-11.976
1515;1.514;-3.521;1.684;3.196;-0.0707;0.0368;0.0021;5.894;-7.706
1516;1.515;0.117;0.46;6.646;-0.0135;0.0133;-0.0055;-5.182;-2.695
1517;1.516;0.792;-0.151;7.116;0.0251;-0.0065;0.0024;1.944;-12.502
1518;1.517;-3.126;1.112;7.611;-0.0614;0.0177;-0.005;2.824;1.079
1519;1.518;-0.262;0.347;6.864;0.0049;0.0078;0.0014;3.835;5.768
1520;1.519;-0.649;0.944;2.461;-0.0116;0.0308;-0.0005;-8.051;4.396
1521;1.52;-1.617;0.652;4.96;-0.0417;0.0248;-0.0067;-7.81;3.095
1522;1.521;-0.377;-1.573;2.385;-0.0038;-0.0078;-0.0012;-3.751;6.851
1523;1.522;-2.909;1.356;7.238;-0.0684;0.0198;0.0016;-8.498;5.165
1524;1.523;0.376;1.143;5.619;0.0147;0.0294;-0.0038;8.284;-3.403
1525;1.524;1.779;-0.457;4.838;0.0488;-0.003;0.0006;1.153;-4.246
1526;1.525;-1.893;2.964;4.289;-0.0311;0.0595;-0.0029;-5.18;-1.452
1527;1.526;-0.098;-1.532;1.329;0.009;-0.0066;-0.0011;-6.432;3.168
1528;1.527;2.138;1.224;5.359;0.0333;0.0278;-0.008;7.1;2.719
1529;1.528;0.184;-0.35;13.432;-0.0069;0.006;-0.0023;9.782;6.693
1530;1.529;-0.778;-0.087;5.832;-0.0283;-0.0074;-0.0028;2.958;-8.33
1531;1.53;-1.366;1.048;2.01;0.0048;0.0209;-0.0018;-3.463;1.652
1532;1.531;0.267;1.22;6.588;0.0107;0.0228;0.0104;-6.665;0.032
1533;1.532;-0.199;0.972;3.849;0.0031;0.0135;0.0025;6.974;-4.193
1534;1.533;0.947;-1.624;4.683;0.0282;-0.0163;-0.0062;2.011;-6.343
1535;1.534;-2.28;1.279;4.276;-0.057;0.0282;0.0009;-1.427;0.176
1536;1.535;1.616;-0.776;3.623;0.0512;-0.0246;0.0082;1.716;9.363
1537;1.536;-0.605;-0.188;7.932;-0.0117;-0.0055;0.0037;7.598;-4.155
1538;1.537;0.964;0.22;1.167;0.0125;0.0103;0.0029;-5.396;-1.074
1539;1.538;-1.084;-1.629;3.56;-0.0483;-0.0435;-0.003;9.827;-2.469
1540;1.539;-1.947;1.338;7.412;-0.0487;0.0287;0.0068;0.986;-2.854
1541;1.54;-0.851;-0.234;8.599;-0.0088;0.0115;0.01;-9.443;0.572
1542;1.541;-1.432;-1.309;5.88;-0.0276;-0.0332;-0.0108;0.307;-3.388
1543;1.542;-0.562;-0.75;9.773;-0.0183;-0.0349;0.0016;1.571;1.524
1544;1.543;0.972;-1.505;11.087;0.0291;-0.0252;-0.0076;5.03;-2.017
1545;1.544;1.618;-1.383;-2.083;0.0218;-0.0289;0.0009;1.74;13.78
1546;1.545;0.305;0.435;0.218;-0.0005;0.0214;-0.0063;-8.244;0.231
1547;1.546;-0.811;0.599;4.223;-0.0083;-0.0036;-0.0054;-1.601;3.374
1548;1.547;-0.677;1.539;0.337;-0.0297;0.0232;-0.0073;1.455;7.916
1549;1.548;0.888;2.746;7.518;0.0121;0.0566;-0.0;10.39;-0.922
1550;1.549;1.704;1.019;5.305;0.0473;0.0249;-0.0009;-2.491;-1.374
1551;1.55;-0.485;-2.856;2.557;-0.0135;-0.0531;0.0014;3.76;-1.106
1552;1.551;-0.188;0.853;5.405;0.001;0.013;0.0016;-8.432;3.427
1553;1.552;-1.127;0.352;6.83;-0.0337;0.0208;-0.0001;-1.519;9.612
1554;1.553;0.31;0.813;8.644;0.0125;0.0186;0.0003;-3.362;-1.188
1555;1.554;1.435;1.086;0.32;0.0267;0.0124;0.0031;5.331;1.387
1556;1.555;-4.359;0.25;9.126;-0.0904;0.0089;-0.001;-8.734;8.362
1557;1.556;0.383;1.153;2.956;0.0398;0.0234;0.0054;2.375;1.129
1558;1.557;-0.826;0.891;2.367;-0.0323;0.0108;-0.0008;-1.696;-1.756
1559;1.558;-3.492;2.585;6.919;-0.0712;0.0552;0.001;2.235;-7.001
1560;1.559;0.47;-0.734;5.286;0.031;-0.0184;0.0043;2.792;-5.226
1561;1.56;-0.134;-1.14;1.156;-0.0091;-0.0079;0.0113;3.831;2.618
1562;1.561;0.554;-0.203;4.121;0.0119;-0.0091;0.0079;-3.978;-1.357
1563;1.562;-2.049;3.041;2.208;-0.0445;0.0631;0.0052;2.205;5.018
1564;1.563;3.206;-2.377;6.646;0.0456;-0.0513;-0.0032;-1.116;-7.31
1565;1.564;0.166;-0.227;11.549;-0.0003;-0.0064;-0.0066;12.73;4.554
1566;1.565;-0.515;-1.326;1.939;-0.0088;-0.023;0.012;-7.495;-0.451
1567;1.566;2.286;-0.093;9.797;0.0359;-0.0069;-0.0125;2.676;-1.052
1568;1.567;0.978;0.503;4.395;0.0198;0.0149;0.0;4.797;-2.74
1569;1.568;1.249;-1.102;1.585;0.0308;-0.0176;0.004;10.253;9.256
1570;1.569;1.745;1.495;11.041;0.0394;0.0204;0.008;-1.878;8.9
1571;1.57;-3.107;2.444;5.439;-0.0594;0.0662;0.0003;-0.577;-8.044
1572;1.571;2.504;-0.522;5.807;0.0432;-0.0199;-0.0007;-6.515;-0.157
1573;1.572;-0.521;1.072;2.862;-0.0131;0.0373;-0.0014;3.779;2.532
1574;1.573;0.428;-1.061;8.72;0.0235;-0.0282;0.0013;-8.978;-3.194
1575;1.574;1.384;-1.246;3.619;0.041;-0.0186;0.0005;-0.523;-2.783
1576;1.575;-1.068;0.935;4.97;-0.0198;0.0001;0.0037;1.073;0.16
1577;1.576;0.477;0.93;6.53;0.0099;0.0185;0.0063;-3.518;-18.74
1578;1.577;1.144;-1.291;9.246;0.0095;-0.0073;0.0011;8.011;-5.435
1579;1.578;-0.063;0.77;7.112;0.0085;0.0246;-0.0037;0.505;10.725
1580;1.579;0.742;1.724;5.925;0.0103;0.0358;-0.0055;7.746;4.369
1581;1.58;-2.409;-0.653;4.799;-0.0457;0.0145;-0.0019;-4.234;-10.269
1582;1.581;-1.788;-1.847;2.528;-0.0247;-0.0431;0.0102;-2.322;-4.606
1583;1.582;-1.725;0.385;8.12;-0.0362;0.0058;0.0027;5.558;-4.031
1584;1.583;0.557;1.276;9.296;0.0125;0.0324;0.0011;0.398;8.002
1585;1.584;5.614;0.01;6.942;0.1342;0.0074;-0.0033;-3.634;-1.342
1586;1.585;0.394;0.735;7.486;0.0193;0.0177;0.0008;4.727;-4.6
1587;1.586;-0.222;-0.618;4.785;0.0024;-0.0055;-0.0004;-3.761;4.197
1588;1.587;-0.097;0.335;5.449;0.0052;0.0045;-0.0052;8.666;9.113
1589;1.588;1.475;-0.294;1.245;0.0421;-0.0078;0.0046;-6.893;-5.217
1590;1.589;1.071;0.247;9.074;0.0146;0.0117;-0.0033;-0.946;10.104
1591;1.59;-1.72;0.874;11.674;-0.0331;0.0265;-0.0021;-1.068;3.629
1592;1.591;1.526;-0.044;1.381;0.0399;0.0052;-0.0012;6.318;-8.022
1593;1.592;-0.036;-0.133;1.306;0.0015;-0.0093;-0.0069;3.212;2.864
1594;1.593;1.229;-1.824;6.285;0.0267;-0.0279;0.0056;1.325;-3.037
1595;1.594;-2.998;-2.239;7.786;-0.0693;-0.0436;-0.0061;-1.15;0.086
1596;1.595;-2.332;-0.674;1.804;-0.041;-0.0214;0.0143;-0.969;5.665
1597;1.596;0.895;-0.031;5.744;0.0228;0.0094;0.0035;-6.855;0.995
1598;1.597;-2.701;-0.466;5.368;-0.063;-0.0181;0.0001;0.682;-2.738
1599;1.598;0.585;0.019;3.256;0.0022;0.0002;0.0003;-2.947;-4.025
1600;1.599;0.507;-0.38;4.295;-0.0065;-0.0099;0.0061;-1.436;0.883
1601;1.6;0.219;-0.538;5.253;0.0059;-0.0128;0.0021;6.204;4.046
1602;1.601;0.533;-0.751;3.941;0.0064;-0.0228;0.0028;-2.799;-1.83
1603;1.602;0.398;-0.139;8.468;0.007;-0.0049;0.0002;1.966;5.692
1604;1.603;0.671;0.835;7.225;-0.0009;0.0256;-0.0006;-5.257;0.539
1605;1.604;-0.609;-0.355;-0.7;-0.0216;-0.0199;0.0001;0.578;3.843
1606;1.605;-0.033;-1.968;7.504;0.0046;-0.0565;-0.0058;-4.991;-5.126
1607;1.606;4.394;-1.039;1.341;0.0908;-0.0132;0.0081;3.03;-2.893
1608;1.607;1.705;-1.076;-0.435;0.0194;-0.0192;0.0028;-6.632;-7.99
1609;1.608;0.918;0.112;8.228;0.018;-0.0083;-0.0038;-8.535;2.502
1610;1.609;0.588;1.162;4.188;0.0061;0.0295;-0.0001;0.846;-4.192
1611;1.61;-1.091;-3.295;5.159;-0.016;-0.0781;0.0032;-5.186;1.034
1612;1.611;0.34;-0.921;6.33;-0.0041;-0.0052;0.0028;-6.799;-10.433
1613;1.612;-0.37;-0.855;1.307;0.0013;-0.009;0.0018;-7.887;-6.388
1614;1.613;1.419;2.608;10.721;0.0176;0.0482;-0.0053;8.145;1.993
1615;1.614;-1.373;-0.874;1.84;-0.0293;-0.0262;0.0033;-8.102;4.044
1616;1.615;-3.545;0.608;12.634;-0.0914;0.0032;0.0118;-3.568;-9.481
1617;1.616;-0.841;1.795;6.246;-0.0147;0.0457;0.0005;1.158;9.309
1618;1.617;1.045;-0.597;6.38;0.0211;-0.0221;0.0013;-3.739;4.019
1619;1.618;3.688;-0.216;4.964;0.0764;-0.0081;-0.0003;-4.133;-4.498
1620;1.619;1.538;-0.088;4.581;0.0404;-0.0053;-0.0005;-0.133;-6.533
1621;1.62;-1.468;0.227;2.041;-0.0306;-0.0177;-0.0042;0.852;2.591
1622;1.621;-0.329;-0.991;4.31;-0.005;-0.0186;0.0071;-12.505;-3.7
1623;1.622;-1.426;0.13;3.007;-0.0213;0.0078;0.0132;2.464;-0.023
1624;1.623;-0.28;-0.669;5.944;0.0072;-0.0088;-0.0066;2.879;-1.079
1625;1.624;-1.346;-0.884;2.168;-0.046;-0.0203;0.0122;1.908;-3.922
1626;1.625;-2.466;1.745;6.96;-0.0685;0.0298;0.0017;3.527;-4.967
1627;1.626;0.667;-1.81;2.344;0.0077;-0.0146;-0.0077;-9.408;-0.995
1628;1.627;0.294;1.126;3.657;-0.0028;0.0112;-0.0013;5.127;1.392
1629;1.628;-0.256;-0.258;7.872;-0.013;-0.0048;-0.0001;-1.135;1.032
1630;1.629;0.519;-0.106;4.608;0.0092;-0.0132;-0.0049;-5.135;-1.193
1631;1.63;3.05;-0.801;8.023;0.0525;-0.0195;0.0029;-7.56;4.051
1632;1.631;0.176;0.139;5.415;0.0191;0.0148;0.0004;1.317;4.141
1633;1.632;-0.568;0.687;0.581;-0.0147;0.0029;-0.0002;-3.159;3.21
1634;1.633;1.299;-1.298;1.321;0.0187;-0.0211;-0.0019;-3.312;-7.335
1635;1.634;-2.463;0.644;1.717;-0.0546;0.0083;-0.0144;0.669;-4.271
1636;1.635;1.13;-2.542;-1.337;0.0161;-0.0431;0.0072;5.308;2.705
1637;1.636;-1.162;-1.056;4.901;-0.0123;-0.0101;-0.001;0.093;3.952
1638;1.637;-1.225;-1.626;7.981;-0.0229;-0.0438;-0.0028;-9.521;4.04
1639;1.638;0.165;-0.385;8.24;-0.0122;-0.0084;0.003;5.699;-0.183
1640;1.639;2.509;0.695;0.643;0.048;0.0168;-0.0061;-1.482;8.717
1641;1.64;-1.118;-0.936;3.744;-0.0136;-0.0301;-0.0004;-0.508;-6.108
1642;1.641;1.429;0.275;3.355;0.0364;-0.0033;0.0066;-6.705;-5.262
1643;1.642;0.567;-0.256;-0.821;0.0073;-0.004;0.0021;3.416;-10.005
1644;1.643;-2.086;1.468;-1.67;-0.0442;0.0213;-0.0043;10.946;5.191
1645;1.644;1.374;-2.239;4.292;0.0232;-0.0445;0.0041;-1.629;3.671
1646;1.645;-1.239;-2.149;5.55;-0.0252;-0.0386;-0.0076;-1.688;-3.157
1647;1.646;-2.205;-0.403;3.64;-0.0558;-0.0136;-0.0016;-3.876;2.276
1648;1.647;-1.187;-2.419;0.047;-0.0206;-0.0729;0.0019;-2.24;5.344
1649;1.648;-1.091;0.077;9.155;-0.0013;-0.0122;0.0014;-4.064;-2.78
1650;1.649;0.888;0.129;5.387;0.0247;0.0001;0.0012;-6.926;-1.649
1651;1.65;-1.098;-1.189;4.903;-0.0241;-0.0187;0.0018;-3.011;2.237
1652;1.651;2.24;-1.062;2.153;0.0294;-0.023;0.0024;-6.27;-9.62
1653;1.652;0.332;0.212;1.969;0.0047;0.0023;-0.0053;0.66;-1.309
1654;1.653;-1.078;0.396;11.342;-0.0266;-0.0155;0.0014;2.489;-2.603
1655;1.654;-1.252;-0.38;11.429;-0.0301;-0.0091;-0.0004;10.939;3.801
1656;1.655;0.342;0.616;7.282;0.0059;0.0195;-0.0032;15.146;-0.436
1657;1.656;-3.044;-0.886;2.437;-0.0668;-0.0074;0.0023;-5.655;1.843
1658;1.657;-3.265;0.203;-1.144;-0.0588;0.0174;-0.0039;-11.777;0.533
1659;1.658;-1.327;1.235;4.221;-0.0149;0.0085;0.0028;9.595;-2.414
1660;1.659;0.944;1.119;2.404;0.0117;0.0281;0.0024;2.198;3.402
1661;1.66;0.269;-1.254;4.761;0.0067;-0.0267;0.0059;-8.271;2.118
1662;1.661;0.033;-1.056;6.989;0.0099;-0.0289;-0.0028;-2.919;-0.501
1663;1.662;-0.321;-1.053;1.976;-0.0026;-0.0025;0.0078;2.981;-4.26
1664;1.663;-3.266;0.161;4.725;-0.0667;0.0117;-0.0011;-2.168;-2.797
1665;1.664;-0.488;0.447;4.204;-0.01;0.0081;-0.0096;1.812;5.579
1666;1.665;-2.663;-1.542;4.305;-0.055;-0.0213;-0.0005;-0.958;-2.246
1667;1.666;1.253;-1.526;-1.114;0.0166;-0.0198;0.0077;-4.702;-3.995
1668;1.667;-0.013;0.13;1.501;-0.0184;0.0039;-0.0011;7.719;-4.938
1669;1.668;-0.135;-2.9;3.652;-0.0066;-0.0629;0.0067;2.318;-2.81
1670;1.669;0.598;1.019;2.553;0.0117;0.0319;-0.0085;-3.368;0.152
1671;1.67;0.484;-0.146;6.74;0.0123;-0.0284;0.0056;-5.214;-0.716
1672;1.671;0.349;-1.097;8.034;-0.0122;-0.0071;0.0006;-0.287;-4.769
1673;1.672;0.522;1.079;4.123;0.0065;0.0147;0.0019;6.355;0.955
1674;1.673;-0.884;-0.126;11.744;-0.0194;0.0077;0.0024;-0.632;-5.443
1675;1.674;-2.003;-0.887;7.49;-0.0359;-0.0039;-0.0054;6.61;-4.762
1676;1.675;0.512;2.56;7.576;-0.0002;0.0379;0.0027;-5.804;-6.462
1677;1.676;2.169;-0.109;3.781;0.0313;0.0048;-0.0027;3.346;0.76
1678;1.677;1.517;0.019;3.966;0.0381;-0.0026;-0.0047;2.889;-5.707
1679;1.678;-0.321;0.32;6.029;-0.0125;0.0117;0.0006;5.906;4.094
1680;1.679;0.918;-0.206;1.013;0.0021;-0.0106;-0.004;-0.515;-5.84
1681;1.68;-0.66;0.588;5.192;-0.0217;0.013;0.0073;-2.598;0.293
1682;1.681;0.577;-0.644;1.029;0.0134;0.0004;-0.0002;8.187;6.183
1683;1.682;-0.912;0.97;3.437;-0.0158;0.033;-0.0023;-4.278;-6.94
1684;1.683;0.211;0.16;8.864;0.0109;-0.0011;0.0057;-0.81;-2.565
1685;1.684;3.004;0.097;4.682;0.0625;0.0068;0.0075;-5.677;0.31
1686;1.685;1.159;1.143;4.231;0.0218;0.0274;0.0007;10.47;1.98
1687;1.686;2.248;-1.436;7.025;0.031;-0.0322;-0.0045;-7.747;4.608
1688;1.687;-1.16;-0.059;0.362;-0.0111;-0.0184;-0.009;5.368;-1.241
1689;1.688;-1.029;0.731;6.147;-0.0081;0.0159;-0.0056;0.683;-2.022
1690;1.689;-0.059;1.102;4.617;-0.005;0.0018;-0.0057;0.961;7.029
1691;1.69;0.835;-0.326;3.95;0.0178;-0.0004;-0.0012;-1.957;-1.005
1692;1.691;-0.313;-0.78;5.156;-0.0108;0.0028;0.0085;-0.578;-1.488
1693;1.692;1.52;0.994;5.606;0.0237;0.0275;-0.0033;-3.081;1.096
1694;1.693;-0.826;-2.182;5.782;-0.0142;-0.0464;0.0009;-0.374;2.738
1695;1.694;2.04;1.241;-1.401;0.0396;0.0128;-0.0078;7.132;-4.797
1696;1.695;1.453;-2.155;2.351;0.0305;-0.0557;0.0026;-2.251;-0.704
1697;1.696;-1.674;-1.276;7.137;-0.0255;-0.0214;0.006;-12.318;-4.38
1698;1.697;0.874;1.073;0.907;0.0307;0.0047;0.0059;9.006;-0.961
1699;1.698;-0.336;-0.118;8.86;-0.0173;-0.0016;-0.0028;6.811;-4.759
1700;1.699;1.528;-1.124;4.082;0.0301;-0.0029;0.0053;-5.044;-3.129
1701;1.7;-0.806;1.41;1.138;-0.0245;0.0592;0.0058;1.593;-8.396
1702;1.701;0.467;0.332;14.604;0.0026;0.0114;-0.0021;0.635;-6.975
1703;1.702;0.819;-0.728;7.038;0.0145;-0.0172;-0.0059;-5.213;-3.058
1704;1.703;-4.131;0.655;7.757;-0.0924;0.0152;0.0062;5.668;2.454
1705;1.704;-2.82;0.4;2.498;-0.0501;-0.0056;-0.0015;6.55;2.352
1706;1.705;0.192;-0.301;5.557;0.0099;-0.0035;-0.0029;-2.068;-9.567
1707;1.706;-0.19;0.858;0.62;-0.0078;0.0067;-0.0006;-0.422;10.044
1708;1.707;1.524;0.544;5.029;0.0361;0.0176;0.0014;4.186;0.624
1709;1.708;0.339;-1.686;5.189;-0.003;-0.0192;-0.0046;1.333;0.323
1710;1.709;-1.906;0.233;7.994;-0.0213;-0.0028;-0.0025;3.452;6.914
1711;1.71;0.492;0.324;5.292;0.0292;0.0084;0.0035;-8.739;0.354
1712;1.711;-1.126;0.544;7.767;-0.0182;0.0172;0.0035;-0.122;1.784
1713;1.712;-0.344;-1.098;7.249;-0.0103;-0.0274;0.0008;-5.188;-0.904
1714;1.713;-0.764;1.133;11.562;-0.0202;0.022;0.0007;3.651;-6.116
1715;1.714;0.523;-1.82;7.57;0.0052;-0.0523;0.0038;-13.517;-4.184
1716;1.715;-2.133;-0.611;3.551;-0.0279;0.0035;-0.0016;3.151;-7.646
1717;1.716;-1.68;-0.402;6.863;-0.0315;-0.0109;0.0007;-3.691;5.961
1718;1.717;-3.336;0.037;0.993;-0.0574;-0.0063;-0.0122;3.378;1.641
1719;1.718;3.216;-0.26;4.251;0.073;-0.013;-0.0045;-1.33;-2.714
1720;1.719;-1.498;0.196;6.785;-0.0393;0.0116;0.0064;7.479;-11.611
1721;1.72;-1.296;0.588;6.731;-0.011;0.0093;0.0036;0.79;0.903
1722;1.721;-1.732;2.307;4.792;-0.0153;0.0421;0.0072;6.544;-4.602
1723;1.722;-0.967;-0.476;1.958;-0.0068;-0.0007;-0.0062;-5.284;-13.044
1724;1.723;-0.658;0.763;5.299;0.0021;0.0249;-0.004;1.497;0.084
1725;1.724;0.922;-0.297;-1.213;0.0118;-0.0128;-0.0017;-0.477;-5.388
1726;1.725;0.264;-0.075;8.092;0.0151;-0.0011;-0.0049;1.956;0.068
1727;1.726;0.492;-0.947;7.007;0.015;-0.0127;0.0011;-8.673;3.141
1728;1.727;-0.887;-0.574;0.969;-0.0224;-0.0135;0.0023;6.276;-11.347
1729;1.728;-0.11;1.541;5.323;0.0056;0.021;0.0006;-1.511;-4.514
1730;1.729;1.826;-0.098;5.097;0.0233;-0.0128;0.0031;13.54;2.765
1731;1.73;-0.034;0.339;3.763;0.0069;0.0037;0.0076;4.278;6.086
1732;1.731;0.458;-1.46;7.801;0.0103;-0.0402;0.0057;-0.673;-4.315
1733;1.732;-3.045;0.612;4.955;-0.0625;0.0175;-0.006;1.597;-6.125
1734;1.733;0.775;0.59;-0.887;0.0111;0.0047;0.0027;0.72;1.097
1735;1.734;0.387;0.436;-1.901;0.0017;0.0126;0.0036;7.495;4.167
1736;1.735;1.931;1.283;9.778;0.0396;0.0108;-0.0044;3.823;-2.914
1737;1.736;-4.129;0.028;5.028;-0.0934;-0.0045;0.0013;0.34;-2.853
1738;1.737;0.033;-0.701;1.476;0.0134;-0.0174;-0.0024;-8.372;2.236
1739;1.738;-0.193;0.566;0.776;-0.0008;0.0167;0.0044;0.405;0.204
1740;1.739;0.114;0.514;10.539;-0.0044;0.0012;0.0036;-2.443;-6.042
1741;1.74;-0.959;2.078;7.236;-0.0441;0.0277;-0.0007;-2.368;-3.327
1742;1.741;0.297;-0.469;-0.67;0.0105;-0.015;0.0018;9.122;1.391
1743;1.742;1.033;0.164;2.837;0.0157;-0.0078;-0.0004;3.342;1.071
1744;1.743;0.045;1.623;3.522;-0.0061;0.0399;-0.0034;-4.236;-4.346
1745;1.744;-0.463;-0.107;6.587;-0.0078;0.0094;0.0011;2.018;9.164
1746;1.745;-0.343;2.72;2.876;-0.0088;0.0586;-0.0016;-1.559;-7.687
1747;1.746;-0.607;2.644;6.278;-0.0166;0.0552;-0.001;0.779;-4.388
1748;1.747;0.034;0.148;4.267;-0.005;0.0032;-0.0039;-6.269;-0.282
1749;1.748;-1.104;0.877;0.761;-0.03;0.0258;-0.0036;-7.431;1.741
1750;1.749;-3.015;1.169;5.442;-0.0582;0.0202;0.0026;6.544;4.197
1751;1.75;2.004;-0.686;5.252;0.0414;-0.0026;-0.006;1.895;-6.858
1752;1.751;-2.667;-0.948;3.141;-0.0411;-0.0084;0.0003;3.29;-5.151
1753;1.752;-0.211;1.485;0.528;-0.0152;0.0283;0.0075;-7.478;-2.95
1754;1.753;-1.993;1.178;3.349;-0.0582;0.0246;-0.0058;-4.146;1.127
1755;1.754;-0.467;-0.42;-0.72;-0.0121;-0.0235;-0.0002;-4.517;5.535
1756;1.755;-1.487;-0.705;1.256;-0.0398;-0.0242;-0.0036;0.78;-1.658
1757;1.756;-0.105;-1.376;4.395;-0.0023;-0.0481;-0.0024;-1.295;-4.613
1758;1.757;-1.303;-1.69;1.873;-0.0267;-0.0231;0.0044;-1.535;-0.46
1759;1.758;-1.988;1.078;4.79;-0.0397;0.0049;0.0066;-1.07;-1.738
1760;1.759;0.419;0.471;1.606;-0.0108;0.0056;0.0016;-6.216;5.016
1761;1.76;1.956;-0.138;9.136;0.0312;0.0032;-0.0106;0.234;-4.765
1762;1.761;0.472;-1.652;7.114;0.0021;-0.015;0.0063;-4.095;-1.699
1763;1.762;0.115;-0.989;5.242;-0.0041;-0.0117;-0.001;-3.699;0.686
1764;1.763;-1.629;0.209;4.182;-0.0328;-0.0045;0.0019;-0.156;4.986
1765;1.764;-0.176;-1.475;1.063;0.0112;-0.0386;0.0043;1.12;-5.318
1766;1.765;0.617;0.086;3.853;0.0198;0.0168;0.0023;-4.491;-3.777
1767;1.766;-1.031;-0.685;5.399;-0.0231;-0.0298;0.0024;-3.723;4.364
1768;1.767;1.294;-2.996;-1.445;0.0116;-0.0542;-0.0034;0.087;3.173
1769;1.768;-0.117;0.606;7.468;0.0095;0.0098;-0.0089;-3.631;-1.345
1770;1.769;0.473;-0.898;4.774;0.0011;-0.0006;-0.0076;3.901;-6.896
1771;1.77;-0.804;-2.528;2.229;-0.0186;-0.034;-0.0058;12.408;-9.081
1772;1.771;-0.794;-0.355;5.92;-0.0196;-0.0084;0.0006;-2.609;-2.965
1773;1.772;0.27;-1.798;8.022;0.0089;-0.0441;0.0032;-0.19;-2.481
1774;1.773;0.516;0.972;3.998;0.0254;0.0156;0.0012;4.156;-3.778
1775;1.774;0.458;-0.545;6.21;0.001;0.0068;-0.0008;-3.655;-2.808
1776;1.775;-1.59;-0.213;6.493;-0.0204;-0.006;-0.0002;-3.049;6.254
1777;1.776;-1.166;1.183;4.002;-0.0141;0.0172;-0.0025;-2.807;-3.136
1778;1.777;-0.098;-2.122;3.287;0.0016;-0.0497;0.0052;1.244;2.366
1779;1.778;-2.853;0.102;7.133;-0.045;-0.0063;0.0076;-5.489;-5.619
1780;1.779;1.498;1.09;8.525;0.036;0.0181;-0.0016;-2.879;1.594
1781;1.78;0.405;0.584;4.616;0.0083;-0.0003;0.0009;8.425;-0.593
1782;1.781;-0.01;-1.237;2.68;-0.0147;-0.0127;-0.0036;4.491;-1.949
1783;1.782;-1.142;0.416;8.293;-0.0284;0.0017;0.0013;-4.25;4.215
1784;1.783;1.158;2.0;3.241;0.0166;0.0383;0.0033;0.258;2.904
1785;1.784;-0.483;-1.13;3.798;-0.0022;-0.0412;0.0004;0.661;-6.315
1786;1.785;2.776;-0.699;5.503;0.0604;-0.0037;0.0034;5.721;-4.985
1787;1.786;0.515;0.729;7.381;-0.0005;0.0191;-0.0044;5.84;9.217
1788;1.787;-2.312;-0.041;4.457;-0.0456;0.0006;-0.0008;5.075;3.71
1789;1.788;1.016;-0.275;0.319;0.0343;0.0041;-0.0068;-1.784;2.107
1790;1.789;-0.867;2.024;3.179;-0.0182;0.0526;-0.0018;4.792;-2.424
1791;1.79;-0.858;-0.837;7.062;-0.0175;-0.0136;-0.004;0.684;1.32
1792;1.791;-0.439;1.034;7.109;-0.0095;0.024;-0.0044;0.288;-3.641
1793;1.792;-0.273;-1.523;7.444;-0.0103;-0.0208;-0.0058;6.607;1.527
1794;1.793;0.3;-3.46;3.824;-0.0015;-0.07;0.0049;-0.491;8.601
1795;1.794;1.065;-0.091;4.156;0.0112;0.0092;-0.0014;-9.773;3.923
1796;1.795;0.602;0.864;7.339;0.0044;0.0188;-0.0004;-6.744;1.056
1797;1.796;-1.167;-0.562;2.965;-0.0175;-0.0131;-0.0078;4.672;2.104
1798;1.797;-2.108;1.968;8.997;-0.0367;0.0339;-0.0;-5.515;-6.052
1799;1.798;-1.292;0.03;0.85;-0.0166;-0.0118;0.0011;6.654;-0.835
1800;1.799;0.457;0.707;9.73;0.0018;0.0255;-0.0006;-0.934;-3.816
1801;1.8;1.218;0.336;1.412;0.0088;0.0242;-0.0015;-6.922;-1.022
1802;1.801;2.615;-1.259;5.217;0.0579;-0.0548;-0.0081;0.386;-2.642
1803;1.802;-2.105;1.466;3.872;-0.0223;0.0311;-0.0013;2.399;-0.159
1804;1.803;0.034;1.68;1.173;-0.0028;0.0261;-0.0009;-4.848;2.546
1805;1.804;-0.429;1.631;8.122;-0.0047;0.0276;-0.0023;2.365;7.555
1806;1.805;-0.69;1.459;6.228;-0.0132;0.0278;-0.0044;-5.004;-2.52
1807;1.806;0.12;1.563;6.457;0.0041;0.0395;0.0011;2.473;-9.827
1808;1.807;-0.459;1.086;9.723;-0.0119;0.0292;0.0032;5.508;-8.966
1809;1.808;-0.487;1.522;8.752;-0.0133;0.0279;0.0024;1.696;3.196
1810;1.809;-1.058;0.387;7.143;-0.0319;0.0033;-0.0004;6.672;6.702
1811;1.81;0.506;-0.846;6.457;0.0014;-0.0159;-0.0163;-3.854;-4.482
1812;1.811;1.495;0.602;7.357;0.0396;0.006;0.0015;2.094;6.301
1813;1.812;2.362;1.154;5.993;0.0444;0.0127;0.0043;-1.854;1.391
1814;1.813;-0.877;-0.88;3.408;-0.0256;-0.0167;-0.0026;6.846;-3.535
1815;1.814;-1.67;-0.033;7.225;-0.0318;0.0022;-0.0091;-1.987;3.668
1816;1.815;-0.482;1.368;0.384;-0.0212;0.0301;-0.003;5.786;-12.818
1817;1.816;-1.341;-0.425;1.39;-0.0259;-0.0011;-0.0075;5.34;4.738
1818;1.817;1.455;3.108;5.133;0.0353;0.057;0.0016;-5.258;0.461
1819;1.818;-1.318;0.763;4.65;-0.0193;0.0294;-0.0007;-6.242;9.278
1820;1.819;0.023;1.588;6.866;0.0032;0.0341;0.0003;2.162;2.984
1821;1.82;-2.104;1.111;3.009;-0.0385;0.0128;-0.006;-1.067;-10.449
1822;1.821;-0.613;1.393;5.197;-0.0105;0.0274;-0.0012;9.614;-2.802
1823;1.822;0.198;0.291;3.902;0.0129;0.0199;0.002;4.03;0.881
1824;1.823;2.205;-0.8;10.578;0.0301;-0.0206;-0.0022;1.896;5.497
1825;1.824;-1.128;-1.539;2.89;-0.0325;-0.0274;-0.0064;3.141;0.292
1826;1.825;0.465;-1.779;6.96;0.0155;-0.0272;-0.0023;-3.074;-1.324
1827;1.826;-3.207;-0.959;4.867;-0.0814;-0.0248;0.0017;9.582;-6.986
1828;1.827;-1.901;-2.233;9.066;-0.0402;-0.0455;0.0117;-7.45;0.553
1829;1.828;-1.312;-0.35;4.77;-0.0218;-0.0119;-0.0103;4.246;-0.81
1830;1.829;-0.839;-1.176;3.001;0.0021;-0.0308;0.002;-1.528;0.149
1831;1.83;0.555;-0.785;2.237;-0.0107;-0.0088;0.001;-5.541;1.836
1832;1.831;0.856;-0.98;0.89;0.013;-0.0363;0.0041;3.846;3.259
1833;1.832;-2.505;0.917;-1.735;-0.0608;0.0173;-0.0071;3.393;-2.605
1834;1.833;0.702;-0.78;6.961;0.0157;-0.028;-0.0015;-2.911;5.366
1835;1.834;-1.766;-0.952;-0.833;-0.0353;-0.0321;0.0066;-1.326;-5.671
1836;1.835;2.659;1.933;1.108;0.066;0.0288;-0.011;-4.632;4.518
1837;1.836;0.376;-0.389;4.182;0.0121;-0.0065;0.002;0.6;-0.51
1838;1.837;0.135;1.717;0.91;-0.0115;0.0324;0.0068;2.572;1.16
1839;1.838;-0.36;-0.503;4.401;0.0042;-0.0065;0.0044;7.289;-8.906
1840;1.839;-0.145;-0.221;3.607;-0.0089;-0.0245;-0.0008;-0.328;-5.946
1841;1.84;-0.091;0.292;-1.651;-0.0141;0.0026;0.004;1.924;7.493
1842;1.841;-1.132;-1.663;7.022;-0.0126;-0.0478;0.0038;2.69;-7.773
1843;1.842;1.024;1.826;4.741;0.0251;0.0429;0.0023;-12.932;8.244
1844;1.843;0.309;2.069;4.361;-0.0062;0.0489;0.0029;-0.766;0.982
1845;1.844;1.028;-0.517;-1.42;0.0182;-0.004;0.0048;6.578;1.931
1846;1.845;-0.187;1.333;4.764;-0.0135;0.0201;0.002;3.603;-2.928
1847;1.846;0.924;0.309;4.209;0.0139;0.0116;0.0049;2.678;-2.827
1848;1.847;-1.231;-0.554;7.704;-0.0421;-0.0219;0.0004;10.083;3.394
1849;1.848;5.25;1.961;6.887;0.1112;0.0294;0.0044;-8.998;0.898
1850;1.849;-1.161;-1.219;9.774;-0.0303;-0.0218;0.0003;-4.835;1.987
1851;1.85;-0.764;-0.051;1.326;-0.0297;-0.019;-0.0027;-5.582;-2.547
1852;1.851;1.348;1.181;8.803;0.0113;0.0192;0.0048;-8.158;7.291
1853;1.852;1.754;-0.268;8.71;0.028;-0.0137;-0.0034;-5.226;-0.124
1854;1.853;-1.289;0.555;2.896;-0.0303;0.0226;0.002;0.555;5.463
1855;1.854;-2.59;-1.545;4.288;-0.0641;-0.0316;0.0005;-0.004;2.48
1856;1.855;-2.193;-0.238;3.627;-0.0391;-0.0153;0.0023;-0.274;8.333
1857;1.856;-1.586;0.132;4.491;-0.0329;0.0063;0.0017;-1.192;-2.989
1858;1.857;-1.274;-1.516;5.375;-0.0194;-0.0284;-0.0034;4.388;7.933
1859;1.858;-0.344;-1.001;6.678;-0.0261;-0.0172;-0.0005;0.487;6.045
1860;1.859;1.448;-0.764;4.556;0.0506;-0.0256;0.0016;-1.856;1.793
1861;1.86;1.523;-0.322;0.239;0.0376;-0.002;0.0071;4.04;1.167
1862;1.861;-1.014;0.243;6.67;-0.0304;-0.0136;-0.0052;5.209;1.194
1863;1.862;0.712;-0.401;3.662;0.0195;0.0037;0.006;-2.707;3.337
1864;1.863;1.225;-1.966;5.949;0.02;-0.0413;-0.0033;-4.111;1.345
1865;1.864;2.008;0.057;7.286;0.0146;0.0102;0.002;-4.757;-8.796
1866;1.865;-0.337;1.559;0.346;-0.0042;0.0208;0.0044;-0.578;-9.018
1867;1.866;-1.214;0.014;0.277;-0.0167;-0.0062;-0.0082;-8.833;10.718
1868;1.867;1.025;-0.464;4.722;0.0269;-0.002;-0.0011;3.074;10.824
1869;1.868;2.173;-0.021;4.335;0.0482;0.0135;-0.006;-8.26;-0.326
1870;1.869;-0.886;0.726;6.191;-0.0373;-0.0157;0.0018;1.109;0.733
1871;1.87;2.823;-1.643;1.53;0.0453;-0.0369;-0.0004;1.007;-4.27
1872;1.871;2.478;1.899;7.376;0.0543;0.0204;-0.0089;-6.633;12.004
1873;1.872;-0.494;-0.358;6.229;0.004;-0.0133;0.003;2.327;-1.036
1874;1.873;-2.453;2.282;0.313;-0.0601;0.0629;-0.0023;2.629;-9.57
1875;1.874;-0.995;-0.816;12.035;-0.0147;-0.0289;-0.0068;-4.021;-0.535
1876;1.875;-0.628;-1.183;4.298;-0.0256;-0.0226;-0.003;4.867;-1.232
1877;1.876;0.697;0.241;6.544;0.0122;0.0035;0.0018;-3.225;-0.012
1878;1.877;-2.606;1.189;7.82;-0.0542;0.0225;-0.0049;-2.075;4.748
1879;1.878;3.546;0.593;4.248;0.0802;0.0234;0.0086;12.734;-1.342
1880;1.879;3.41;0.25;1.669;0.0663;0.0214;-0.0021;6.657;1.767
1881;1.88;-1.186;0.378;4.777;-0.0309;0.0179;-0.0063;2.6;0.689
1882;1.881;-2.894;0.268;2.054;-0.0697;0.0139;0.0058;-3.649;9.743
1883;1.882;-0.356;1.33;3.588;-0.0152;0.0292;-0.0045;-0.184;3.235
1884;1.883;0.534;-0.046;5.83;-0.0041;-0.0159;-0.0045;-1.877;0.751
1885;1.884;1.917;0.836;3.064;0.046;0.0281;-0.0054;-11.526;3.962
1886;1.885;0.965;-0.646;6.984;0.024;0.0017;-0.0097;-5.693;-2.252
1887;1.886;-0.406;-0.173;6.669;-0.0173;-0.0117;0.0046;6.006;1.227
1888;1.887;-3.056;-0.879;6.807;-0.0816;-0.0132;-0.0007;-3.001;3.863
1889;1.888;0.662;-0.313;9.147;0.0092;-0.0003;-0.0013;-5.248;0.023
1890;1.889;1.16;-0.594;9.774;0.0059;-0.015;-0.0025;0.999;3.833
1891;1.89;-0.57;-1.773;5.945;0.002;-0.0327;0.0008;-2.45;3.961
1892;1.891;0.307;1.2;4.931;0.0076;0.0393;0.0044;-4.349;-13.891
1893;1.892;0.2;0.477;7.155;-0.015;0.0195;0.0041;0.72;2.997
1894;1.893;-0.471;0.69;7.992;-0.0187;0.0119;-0.0018;2.593;2.721
1895;1.894;-1.84;2.764;0.28;-0.0382;0.0562;0.0028;3.855;-0.068
1896;1.895;0.407;-2.417;7.403;-0.0086;-0.0506;-0.0059;-2.115;-10.646
1897;1.896;-2.234;0.52;5.339;-0.0496;-0.0043;0.0045;-5.942;-0.111
1898;1.897;1.995;0.191;6.652;0.0353;0.008;-0.0029;-1.999;-7.682
1899;1.898;-1.455;1.353;11.542;-0.0145;0.0343;-0.0012;2.43;7.827
1900;1.899;0.631;-0.671;12.347;0.0037;-0.0143;-0.0022;3.914;5.209
1901;1.9;-1.204;-0.556;1.018;-0.0158;-0.0232;-0.0026;4.203;-6.579
1902;1.901;0.46;-1.268;7.374;0.0117;-0.0224;0.002;-3.587;6.509
1903;1.902;-0.425;0.86;8.071;-0.0111;0.0182;-0.0072;-4.827;2.853
1904;1.903;0.69;2.28;2.274;0.0079;0.0466;0.0013;2.384;2.288
1905;1.904;-1.296;-0.878;5.852;-0.0134;-0.0101;0.0003;-11.209;1.58
1906;1.905;-2.555;0.21;8.644;-0.0656;-0.0004;0.0021;5.742;-0.028
1907;1.906;-0.532;0.333;5.817;-0.0216;-0.0023;-0.0136;0.635;5.592
1908;1.907;-0.637;-0.753;7.907;-0.0131;-0.0163;0.0057;6.587;3.124
1909;1.908;-2.367;-2.317;1.199;-0.0272;-0.0411;-0.0044;-1.208;0.146
1910;1.909;-1.146;1.095;6.085;-0.0216;0.0313;-0.0012;8.321;1.383
1911;1.91;-2.621;-1.986;2.833;-0.0421;-0.0199;-0.0038;-2.422;2.791
1912;1.911;0.06;1.319;9.728;-0.0152;0.0231;0.0008;7.499;-7.552
1913;1.912;-0.673;-1.553;0.198;-0.008;-0.0371;-0.0062;5.143;-0.133
1914;1.913;-0.09;1.164;3.344;-0.0052;0.0192;0.0041;-6.011;7.123
1915;1.914;3.792;1.567;2.152;0.0638;0.0309;0.0041;7.823;-6.399
1916;1.915;0.126;-0.589;0.829;-0.0065;-0.0192;0.0025;3.605;-5.737
1917;1.916;0.449;-1.373;10.117;0.0327;-0.0167;-0.0013;-7.52;-0.65
1918;1.917;0.829;-0.184;7.817;0.0069;-0.0006;-0.0001;9.281;-4.32
1919;1.918;-0.321;-0.02;4.932;-0.0062;-0.0043;0.0046;2.823;-8.885
1920;1.919;-0.999;-1.409;3.397;-0.0187;-0.0367;0.0096;-3.45;3.061
1921;1.92;1.205;-0.359;3.862;0.0239;-0.0211;-0.0011;6.772;-0.332
1922;1.921;1.432;1.064;2.687;0.0305;0.0227;0.0033;0.447;-0.463
1923;1.922;-4.487;0.724;6.925;-0.0824;0.0146;-0.0028;-11.073;1.49
1924;1.923;-0.356;1.403;6.584;-0.0028;0.0352;0.0072;11.284;1.671
1925;1.924;-0.622;-1.779;8.207;-0.0199;-0.0653;-0.0072;-3.119;4.922
1926;1.925;-0.96;-1.048;6.006;-0.003;-0.0329;0.0037;-2.867;0.023
1927;1.926;1.749;-0.145;5.682;0.0321;-0.0219;0.0015;-2.049;-1.748
1928;1.927;-0.916;-0.189;0.395;-0.0211;-0.0078;-0.0035;2.765;1.74
1929;1.928;1.181;1.012;8.27;0.0164;0.0163;0.0034;-8.55;-1.917
1930;1.929;-0.93;-1.524;6.681;-0.0017;-0.023;-0.0063;-4.638;0.906
1931;1.93;-0.727;1.854;7.472;-0.019;0.0319;0.0037;5.869;4.684
1932;1.931;0.977;1.299;10.79;0.0225;0.0169;-0.0051;-3.391;1.306
1933;1.932;-1.223;0.869;3.634;-0.0312;0.006;-0.007;9.627;0.563
1934;1.933;-0.359;-0.398;-2.347;-0.0174;-0.0186;0.0011;3.04;-1.335
1935;1.934;-1.771;-1.883;4.718;-0.0406;-0.0556;-0.0058;3.342;4.764
1936;1.935;-1.445;-1.694;8.514;-0.049;-0.0339;-0.011;-1.84;-1.761
1937;1.936;0.966;1.084;6.395;0.0203;0.0241;-0.0036;-1.235;4.75
1938;1.937;0.76;-0.221;6.745;0.012;-0.0133;0.0015;-3.951;-1.61
1939;1.938;-1.833;2.142;3.674;-0.0425;0.0494;0.0001;-0.459;2.225
1940;1.939;-1.893;0.331;6.504;-0.0594;0.0074;0.0021;7.161;3.141
1941;1.94;3.702;-1.647;4.605;0.0777;-0.0299;0.0002;1.219;1.055
1942;1.941;-1.082;1.383;11.125;-0.0274;0.0382;-0.0038;-1.453;-1.62
1943;1.942;-1.425;-0.302;5.79;-0.0307;-0.0191;-0.0036;-4.565;-4.821
1944;1.943;0.649;0.092;-0.973;0.0027;-0.0048;0.0018;-3.929;16.952
1945;1.944;-1.282;0.794;0.874;-0.0045;0.0068;-0.0041;-5.428;4.035
1946;1.945;-0.667;-1.725;3.495;-0.0259;-0.0332;0.0044;-4.068;-3.761
1947;1.946;1.22;-1.424;5.384;0.017;-0.032;0.0015;7.589;-2.722
1948;1.947;1.378;1.684;9.414;0.019;0.0292;0.0021;1.194;-2.459
1949;1.948;-0.415;-1.726;8.233;-0.0095;-0.0137;-0.0071;8.461;7.517
1950;1.949;1.892;-1.436;2.91;0.063;-0.0252;-0.0052;-0.787;-4.291
1951;1.95;-0.336;-1.601;5.512;-0.0138;-0.021;-0.004;-4.519;5.9
1952;1.951;-0.48;-1.546;6.209;-0.0341;-0.0338;0.0011;4.28;-3.983
1953;1.952;-0.129;-0.574;-0.647;-0.0033;-0.0143;-0.0021;-0.908;6.223
1954;1.953;-0.58;-0.672;12.929;-0.0031;-0.0235;-0.005;-5.427;-0.968
1955;1.954;0.67;-1.35;2.813;-0.0003;-0.0264;-0.0019;8.711;1.365
1956;1.955;0.303;-0.758;8.088;0.0055;-0.02;-0.0031;-6.252;-4.471
1957;1.956;-1.282;0.33;6.946;-0.0282;-0.0035;-0.0027;-1.076;-6.238
1958;1.957;0.15;-2.626;-1.131;0.0103;-0.0595;0.0009;9.833;-5.162
1959;1.958;-0.933;-0.58;9.726;-0.0168;-0.0143;0.0026;-9.012;-4.517
1960;1.959;-0.987;-0.311;9.374;-0.042;-0.0258;-0.0036;-12.07;3.039
1961;1.96;-0.329;-2.187;5.256;0.0045;-0.0465;-0.0079;3.478;-3.762
1962;1.961;1.407;1.333;11.386;0.0404;0.0312;0.0085;5.586;-7.132
1963;1.962;0.294;0.122;6.733;0.0116;-0.0097;0.008;-0.265;-5.431
1964;1.963;1.781;-0.273;7.615;0.0332;-0.0059;0.0145;5.814;4.971
1965;1.964;2.223;0.569;8.945;0.051;-0.0027;0.002;4.468;-3.866
1966;1.965;-0.171;0.309;-0.512;-0.0163;0.0084;-0.0071;4.795;0.638
1967;1.966;-1.028;-0.409;8.469;-0.0222;-0.0063;-0.003;3.155;-12.283
1968;1.967;-1.301;-0.407;5.926;-0.0313;-0.0261;-0.0033;-4.426;-2.533
1969;1.968;0.297;-1.514;6.07;-0.0056;-0.0211;-0.0104;11.199;-0.163
1970;1.969;1.178;0.394;0.434;0.0434;0.0044;0.008;0.955;6.385
1971;1.97;2.254;0.138;8.817;0.0238;-0.0147;-0.0045;-1.852;1.162
1972;1.971;-2.08;-1.326;6.545;-0.0276;-0.0401;-0.0032;9.19;-4.265
1973;1.972;1.265;0.662;3.044;0.0225;0.0345;0.015;8.086;-7.986
1974;1.973;1.488;1.715;5.16;0.0332;0.0252;0.0044;0.775;3.751
1975;1.974;3.537;-1.601;9.297;0.0752;-0.0373;-0.0036;-1.771;1.931
1976;1.975;0.164;2.085;7.613;0.002;0.0213;0.0007;0.266;0.61
1977;1.976;-0.163;1.393;3.334;0.0012;0.0305;-0.0011;2.094;7.026
1978;1.977;-2.393;1.17;4.075;-0.0472;0.0198;-0.0056;-4.984;-6.203
1979;1.978;-1.281;-0.228;12.623;-0.0214;-0.0116;0.0039;-2.893;-0.365
1980;1.979;-1.769;2.012;0.703;-0.0432;0.0646;0.0016;0.426;-3.887
1981;1.98;-1.627;-0.361;5.453;-0.0432;-0.0095;0.0063;3.54;1.921
1982;1.981;-1.46;0.699;7.695;-0.0146;0.0008;-0.0014;-2.216;2.165
1983;1.982;-2.41;-0.687;9.044;-0.0496;-0.0075;0.0017;4.265;1.539
1984;1.983;-0.249;-1.566;2.062;-0.0094;-0.0421;0.0085;-3.356;-8.887
1985;1.984;0.47;0.724;8.872;-0.0055;0.0306;0.0037;4.019;-8.607
1986;1.985;1.034;1.612;6.258;0.0223;0.0402;-0.0026;-1.911;-1.144
1987;1.986;-0.251;-1.601;5.174;-0.0027;-0.0357;-0.0051;4.365;-3.881
1988;1.987;1.478;-0.082;11.202;0.0463;-0.0124;-0.0022;-2.26;5.632
1989;1.988;1.493;-0.835;10.465;0.0357;-0.0246;-0.0002;-1.55;1.854
1990;1.989;-2.381;-1.189;7.65;-0.071;-0.0115;0.0053;-7.872;-3.841
1991;1.99;-0.513;-0.5;6.958;-0.0082;-0.006;-0.0013;-5.19;-2.258
1992;1.991;-1.977;1.17;2.023;-0.0432;0.0306;0.0006;-11.101;-3.662
1993;1.992;-1.571;1.701;2.644;-0.0341;0.034;0.0025;3.155;-3.606
1994;1.993;0.174;0.536;3.079;0.0033;0.0164;0.0037;1.014;-2.739
1995;1.994;-0.289;0.108;9.586;-0.0051;-0.0075;0.0105;-2.295;-4.165
1996;1.995;2.095;0.832;0.196;0.0255;0.0247;0.0056;-4.011;-0.045
1997;1.996;2.971;-1.105;5.602;0.0629;-0.0064;0.0048;3.45;-5.102
1998;1.997;0.531;0.221;-0.033;0.0131;-0.0104;0.0;-1.292;-4.768
1999;1.998;-0.385;-0.636;2.683;-0.0048;-0.0111;-0.0086;-3.125;0.548
2000;1.999;-0.316;0.279;-0.288;-0.0059;0.0129;-0.007;-0.04;1.44
2001;2.0;-7.683;0.812;711.756;-0.1625;0.0063;-0.0038;-2.668;-0.574
2002;2.001;-4.04;1.077;710.0;-0.073;0.0106;0.0046;5.485;6.398
2003;2.002;-9.206;-0.578;718.282;-0.1926;0.0161;-0.0002;-2.722;2.383
2004;2.003;-6.524;4.581;722.432;-0.1314;0.1074;0.0082;0.198;2.941
2005;2.004;-10.966;-0.01;725.64;-0.2262;0.0041;0.0027;-6.473;5.565
2006;2.005;-5.961;3.892;725.219;-0.1221;0.0816;-0.0018;3.174;-1.977
2007;2.006;-2.338;2.853;742.49;-0.037;0.0729;0.0043;4.873;2.268
2008;2.007;-2.381;-6.555;738.605;-0.0469;-0.1298;0.0002;3.091;1.262
2009;2.008;-10.058;0.191;734.081;-0.2014;0.0239;0.0072;0.468;0.978
2010;2.009;-7.202;2.775;752.038;-0.1356;0.0674;0.0136;3.324;0.186
2011;2.01;-8.981;-2.565;734.225;-0.1884;-0.0472;-0.0018;-1.632;4.503
2012;2.011;-4.287;1.281;753.089;-0.084;0.0285;-0.0014;8.112;-2.756
2013;2.012;-9.043;2.805;731.412;-0.188;0.0629;0.0049;-6.605;-1.081
2014;2.013;-9.252;1.574;726.682;-0.1756;0.0456;0.0008;1.562;5.815
2015;2.014;-9.587;2.404;736.416;-0.1776;0.0317;-0.0015;-0.578;1.78
2016;2.015;-8.77;-4.239;730.633;-0.1892;-0.0838;-0.0001;-2.1;1.656
2017;2.016;-6.642;2.606;739.045;-0.1332;0.0384;0.0086;-2.982;-5.712
2018;2.017;-1.504;-1.541;737.795;-0.029;-0.0226;-0.0001;-5.417;-4.662
2019;2.018;-9.445;-0.644;748.354;-0.1896;-0.0167;0.0002;-2.639;-1.194
2020;2.019;-5.557;1.453;741.606;-0.1004;0.0203;-0.0007;-3.279;-2.126
2021;2.02;-11.66;1.956;750.178;-0.2365;0.0383;-0.0049;-3.097;1.15
2022;2.021;-6.641;0.244;756.774;-0.1274;0.0047;0.0028;-4.216;-1.356
2023;2.022;-11.164;-0.061;733.609;-0.2328;0.0062;0.0046;5.097;1.346
2024;2.023;-12.145;-0.581;756.47;-0.2535;-0.007;-0.0058;0.439;0.144
2025;2.024;-12.708;-1.785;748.031;-0.2489;-0.0412;-0.0003;2.294;-2.076
2026;2.025;-8.148;-0.124;743.163;-0.1751;-0.0073;-0.0039;1.18;-3.427
2027;2.026;-6.884;-1.864;763.093;-0.1364;-0.0485;-0.0048;-6.884;5.402
2028;2.027;-8.547;1.348;753.545;-0.1826;0.0275;0.0007;1.454;-4.006
2029;2.028;-8.454;-0.059;740.966;-0.1744;-0.0157;0.0051;0.596;-0.036
2030;2.029;-5.848;-0.645;752.722;-0.1055;0.003;0.0061;0.36;6.544
2031;2.03;-11.489;-1.626;736.147;-0.2346;-0.0342;-0.0111;-1.963;1.478
2032;2.031;-5.851;0.596;765.367;-0.0985;-0.0034;0.0057;-2.662;2.138
2033;2.032;-14.568;0.764;765.884;-0.3053;0.0123;-0.0038;-11.297;2.978
2034;2.033;-9.27;-1.69;740.818;-0.1849;-0.016;0.0036;-4.549;0.162
2035;2.034;-9.103;-3.662;753.155;-0.1803;-0.0635;-0.0045;-4.114;3.069
2036;2.035;-12.92;-2.243;746.643;-0.2526;-0.0351;-0.0032;2.517;-0.651
2037;2.036;-8.375;3.156;772.602;-0.148;0.0674;-0.0101;1.247;0.039
2038;2.037;-10.164;-0.405;769.715;-0.1862;-0.0229;0.0048;5.227;0.181
2039;2.038;-7.712;-1.948;754.357;-0.1668;-0.0409;-0.0004;-0.301;-6.957
2040;2.039;-10.339;-0.049;766.8;-0.1927;-0.015;-0.0024;-3.802;3.923
2041;2.04;-11.685;-0.937;740.681;-0.2384;-0.0193;0.0005;-3.643;11.506
2042;2.041;-8.106;-1.445;743.496;-0.163;-0.0343;0.0021;-1.255;-2.689
2043;2.042;-10.307;-2.004;745.18;-0.218;-0.0273;-0.0037;1.371;-10.48
2044;2.043;-8.336;-6.088;735.512;-0.1654;-0.0981;-0.0103;0.909;1.824
2045;2.044;-10.076;-1.665;761.026;-0.198;-0.0372;-0.0013;-0.21;-8.752
2046;2.045;-7.227;0.1;744.334;-0.1532;-0.0079;-0.0027;-2.139;-1.039
2047;2.046;-9.106;-4.115;744.952;-0.1768;-0.0667;-0.0042;6.194;5.024
2048;2.047;-11.771;-2.843;761.723;-0.2336;-0.0542;-0.0024;3.43;2.21
2049;2.048;-10.281;0.169;746.947;-0.2125;0.0066;0.001;-5.584;6.127
2050;2.049;-13.242;-0.812;753.942;-0.2758;0.0029;0.0065;10.901;4.692
2051;2.05;-5.899;-2.491;754.934;-0.1202;-0.0441;0.0061;6.239;6.503
2052;2.051;-5.462;-3.062;760.816;-0.1049;-0.0679;-0.0063;-4.142;2.283
2053;2.052;-9.978;-3.636;740.207;-0.1911;-0.0779;-0.0007;5.205;-2.331
2054;2.053;-13.762;2.176;744.031;-0.2801;0.0482;-0.0026;3.722;4.502
2055;2.054;-8.307;-6.836;745.381;-0.173;-0.1295;-0.0031;1.904;-2.086
2056;2.055;-9.234;-4.588;744.785;-0.1734;-0.1015;-0.003;-1.813;-0.221
2057;2.056;-11.855;-2.927;740.106;-0.2454;-0.0386;-0.0015;-5.682;-2.378
2058;2.057;-8.489;-4.818;748.588;-0.1705;-0.1087;0.0001;1.578;4.473
2059;2.058;-10.732;-3.27;740.168;-0.2098;-0.0839;0.0055;7.766;9.901
2060;2.059;-12.539;-2.853;753.281;-0.2421;-0.0563;-0.0053;-6.673;0.824
2061;2.06;-6.003;-3.682;731.719;-0.1322;-0.1007;-0.0027;-2.016;1.701
2062;2.061;-8.497;-4.561;749.653;-0.1839;-0.0955;-0.0009;-4.017;5.116
2063;2.062;-9.858;-0.536;729.472;-0.2099;0.006;-0.0047;0.197;4.053
2064;2.063;-9.161;-1.383;746.173;-0.1913;-0.0283;0.0039;-5.938;-4.291
2065;2.064;-7.458;-4.567;749.975;-0.1514;-0.1062;0.0047;-1.877;-0.3
2066;2.065;-10.616;-0.097;723.985;-0.2001;-0.0052;0.0036;-10.02;1.69
2067;2.066;-9.585;-3.683;735.836;-0.1868;-0.078;-0.0011;3.471;6.414
2068;2.067;-5.679;-2.806;727.342;-0.0994;-0.0419;0.0116;-4.856;8.706
2069;2.068;-8.315;-2.247;747.751;-0.1655;-0.0423;0.0011;-6.745;2.092
2070;2.069;-8.666;-3.939;740.837;-0.1811;-0.0881;0.0066;-4.611;11.431
2071;2.07;-13.043;-2.243;744.884;-0.2745;-0.0368;-0.0045;-3.997;7.507
2072;2.071;-11.413;-1.598;739.823;-0.2218;-0.0282;0.0061;4.267;3.758
2073;2.072;-9.452;-3.231;740.108;-0.1817;-0.0678;0.0055;-4.932;3.105
2074;2.073;-9.94;-2.62;737.651;-0.2056;-0.0388;0.0029;-4.987;-1.412
2075;2.074;-8.363;-2.955;723.461;-0.1741;-0.0518;0.0026;3.843;-5.414
2076;2.075;-2.41;-6.91;729.121;-0.0512;-0.1461;0.0042;-6.228;0.638
2077;2.076;-12.889;0.214;740.903;-0.2588;0.0136;0.0041;2.586;7.773
2078;2.077;-9.229;-6.148;744.247;-0.1764;-0.121;0.0021;-1.362;6.768
2079;2.078;-8.856;-3.867;726.847;-0.1767;-0.0699;-0.0063;-2.221;-5.752
2080;2.079;-12.256;-6.727;736.463;-0.2414;-0.1265;-0.0056;-4.884;10.16
2081;2.08;-9.757;-1.174;738.926;-0.1867;-0.0112;0.001;5.203;4.308
2082;2.081;-14.931;-4.376;718.048;-0.2935;-0.0919;0.0071;-8.023;-4.728
2083;2.082;-17.75;-7.26;722.535;-0.3452;-0.1329;0.0003;-1.304;-0.601
2084;2.083;-13.516;-1.657;722.88;-0.2637;-0.0519;-0.005;5.137;-5.194
2085;2.084;-5.504;-1.986;744.221;-0.1087;-0.0458;0.0048;-2.573;-8.036
2086;2.085;-10.603;-3.522;737.062;-0.2139;-0.0804;0.0022;-2.263;-3.18
2087;2.086;-12.413;-7.055;724.605;-0.2442;-0.1468;0.0028;2.407;0.096
2088;2.087;-10.576;-2.16;730.127;-0.2163;-0.0526;0.0029;-4.236;-12.232
2089;2.088;-12.724;-1.794;733.901;-0.24;-0.0404;0.0064;-3.772;-7.866
2090;2.089;-7.847;-6.948;739.631;-0.1586;-0.1246;0.0002;-9.387;-10.22
2091;2.09;-12.892;-7.727;731.395;-0.2728;-0.1644;-0.0011;4.437;4.139
2092;2.091;-12.617;-4.77;750.144;-0.2336;-0.0974;-0.0027;-4.433;-5.842
2093;2.092;-12.426;-4.042;728.391;-0.2563;-0.0756;-0.0059;7.029;-2.373
2094;2.093;-9.826;-3.354;737.564;-0.1955;-0.0705;-0.0011;-10.565;-5.181
2095;2.094;-9.91;-3.646;729.035;-0.19;-0.0782;0.0038;-3.48;-2.941
2096;2.095;-8.397;-6.738;724.869;-0.1661;-0.1263;0.0043;6.606;4.392
2097;2.096;-13.643;-3.939;731.134;-0.2642;-0.0818;-0.0016;-3.358;3.738
2098;2.097;-11.096;-6.931;732.418;-0.244;-0.1367;-0.0002;-3.083;0.752
2099;2.098;-9.964;-8.629;736.225;-0.2094;-0.174;0.0018;8.304;7.132
2100;2.099;-13.586;-3.296;733.448;-0.2832;-0.056;-0.0038;-2.161;3.802
2101;2.1;-8.173;-3.678;748.483;-0.1491;-0.0797;-0.0044;-4.885;5.403
2102;2.101;-9.873;-3.685;731.446;-0.1994;-0.0568;-0.0003;-5.761;-3.637
2103;2.102;-11.606;-5.661;741.387;-0.2406;-0.1188;-0.0058;-0.976;-4.716
2104;2.103;-10.868;-8.106;730.83;-0.2129;-0.1735;-0.0017;-1.05;-5.724
2105;2.104;-8.785;-5.009;728.152;-0.1886;-0.106;0.0002;-3.297;7.602
2106;2.105;-9.2;-5.271;735.816;-0.1786;-0.0995;0.0092;-3.164;-2.398
2107;2.106;-5.288;-6.844;736.227;-0.1005;-0.1367;-0.0046;-3.007;-0.026
2108;2.107;-9.49;-4.526;733.162;-0.1966;-0.0819;0.0052;8.812;-1.495
2109;2.108;-12.818;-9.063;745.844;-0.2469;-0.193;0.0016;0.261;-1.526
2110;2.109;-7.705;-7.728;729.338;-0.1651;-0.1632;0.0018;3.054;4.068
2111;2.11;-11.93;-7.816;754.695;-0.2418;-0.1694;0.0026;-4.277;-9.623
2112;2.111;-10.454;-6.075;748.786;-0.2349;-0.132;0.002;7.478;4.808
2113;2.112;-11.465;-5.55;743.135;-0.2315;-0.1024;0.0086;5.201;0.567
2114;2.113;-15.579;-8.823;737.868;-0.3171;-0.1676;0.0004;-2.269;-5.553
2115;2.114;-15.803;-5.86;740.332;-0.3176;-0.1234;0.0079;-0.899;1.061
2116;2.115;-6.745;-3.814;741.928;-0.1426;-0.0867;0.0009;-3.867;7.439
2117;2.116;-10.98;-7.001;747.509;-0.2141;-0.1426;-0.0005;4.554;-7.117
2118;2.117;-13.343;-8.275;747.384;-0.2645;-0.1609;0.0017;3.104;-6.168
2119;2.118;-8.873;-7.699;753.11;-0.1735;-0.1537;0.0049;-2.18;-0.432
2120;2.119;-8.23;-4.654;744.768;-0.1591;-0.0694;0.0084;-1.835;3.863
2121;2.12;-7.181;-3.799;752.566;-0.1452;-0.0895;0.0036;-4.545;-6.538
2122;2.121;-10.802;-3.32;744.498;-0.2127;-0.0604;0.0011;2.595;-7.464
2123;2.122;-13.392;-9.768;748.993;-0.2623;-0.2063;0.0042;0.069;2.317
2124;2.123;-11.244;-3.996;766.571;-0.2292;-0.0679;-0.0048;-4.261;0.094
2125;2.124;-16.283;-7.513;751.672;-0.339;-0.1563;0.0099;9.05;5.578
2126;2.125;-10.688;-4.998;762.044;-0.2023;-0.1012;-0.0007;0.449;-4.031
2127;2.126;-14.362;-7.546;767.412;-0.2837;-0.144;0.0074;0.434;1.158
2128;2.127;-13.297;-10.53;743.193;-0.2583;-0.2128;0.0043;7.948;-0.27
2129;2.128;-12.809;-8.492;760.661;-0.2426;-0.1696;-0.005;2.497;3.813
2130;2.129;-16.558;-8.557;770.051;-0.3363;-0.1579;-0.0024;-3.189;1.446
2131;2.13;-7.705;-9.277;778.011;-0.1477;-0.2009;-0.0065;2.518;-0.239
2132;2.131;-11.091;-3.944;764.587;-0.2257;-0.0833;-0.0009;2.512;9.758
2133;2.132;-10.575;-4.48;767.867;-0.1952;-0.101;-0.0012;-0.403;0.269
2134;2.133;-12.436;-4.895;768.038;-0.237;-0.0832;0.0053;2.242;-0.61
2135;2.134;-13.429;-6.129;762.66;-0.2672;-0.112;-0.0035;5.968;-0.801
2136;2.135;-12.236;-9.978;774.728;-0.2246;-0.1959;0.0042;-8.35;5.24
2137;2.136;-12.739;-5.982;767.245;-0.2441;-0.1096;0.0032;-2.085;0.341
2138;2.137;-7.261;-12.277;754.449;-0.1445;-0.2482;0.0014;0.433;5.601
2139;2.138;-12.5;-12.115;778.643;-0.2381;-0.2406;0.0017;-1.99;3.584
2140;2.139;-12.907;-1.853;771.279;-0.2762;-0.0317;0.0026;3.846;-7.883
2141;2.14;-6.714;-7.004;781.777;-0.139;-0.1518;0.0082;-3.953;-3.773
2142;2.141;-7.838;-11.927;775.601;-0.1443;-0.2379;-0.007;-3.369;-1.188
2143;2.142;-12.803;-3.53;782.987;-0.2573;-0.078;-0.0011;-4.926;5.919
2144;2.143;-12.65;-6.162;772.042;-0.2457;-0.1394;0.0043;3.939;-4.454
2145;2.144;-17.947;-4.963;758.104;-0.3695;-0.117;-0.0074;0.804;11.961
2146;2.145;-7.747;-10.727;781.174;-0.1538;-0.2124;-0.0015;-1.883;9.188
2147;2.146;-14.1;-7.284;760.347;-0.2851;-0.1599;0.005;1.703;-4.198
2148;2.147;-7.7;-9.825;778.563;-0.151;-0.1877;-0.0043;-5.011;-7.86
2149;2.148;-9.195;-9.491;781.117;-0.1923;-0.1894;-0.0034;6.273;-6.3
2150;2.149;-10.06;-10.369;772.73;-0.2034;-0.1988;-0.0081;8.519;-2.632
2151;2.15;-12.381;-9.311;789.349;-0.2195;-0.2044;0.0069;-1.226;-3.61
2152;2.151;-8.601;-8.429;773.435;-0.1633;-0.1496;0.0068;4.136;8.597
2153;2.152;-10.439;-8.844;774.535;-0.2172;-0.1841;-0.0019;-4.348;0.983
2154;2.153;-14.346;-5.388;790.16;-0.2903;-0.1121;-0.0005;-4.538;-12.499
2155;2.154;-8.863;-9.992;783.118;-0.1778;-0.2102;-0.0072;-2.235;2.884
2156;2.155;-10.507;-6.229;787.248;-0.1935;-0.1292;-0.0039;1.897;-0.993
2157;2.156;-10.74;-4.559;770.186;-0.2283;-0.0826;-0.003;7.814;6.728
2158;2.157;-10.889;-12.496;765.268;-0.219;-0.26;0.0;-6.865;-10.525
2159;2.158;-11.602;-8.131;782.083;-0.2302;-0.1679;-0.0094;-3.383;-10.206
2160;2.159;-14.564;-9.186;784.757;-0.3021;-0.1877;-0.0093;6.114;-1.326
2161;2.16;-10.169;-12.005;781.777;-0.2043;-0.2571;0.0078;1.507;1.103
2162;2.161;-13.549;-10.015;785.7;-0.2749;-0.2078;0.0044;-5.781;-4.238
2163;2.162;-11.982;-8.339;790.217;-0.256;-0.161;-0.0005;-0.007;5.815
2164;2.163;-10.626;-4.653;779.782;-0.2103;-0.0796;0.0027;4.86;1.785
2165;2.164;-10.738;-9.784;784.224;-0.2128;-0.2077;0.0116;11.17;0.463
2166;2.165;-14.444;-9.193;768.022;-0.2955;-0.1786;0.0052;-3.016;0.519
2167;2.166;-14.366;-11.281;785.506;-0.2882;-0.2177;0.0008;0.064;3.419
2168;2.167;-14.985;-10.062;779.324;-0.3037;-0.2197;0.001;1.657;0.714
2169;2.168;-14.344;-11.355;775.426;-0.286;-0.2175;0.0063;0.951;4.211
2170;2.169;-14.66;-14.299;774.701;-0.2909;-0.2958;0.001;-3.334;-0.032
2171;2.17;-9.756;-7.565;787.29;-0.1949;-0.165;-0.0019;1.417;2.033
2172;2.171;-9.38;-6.999;764.334;-0.1867;-0.1349;0.001;-5.055;-4.877
2173;2.172;-13.681;-10.935;770.699;-0.2723;-0.2102;0.0033;-8.188;-3.339
2174;2.173;-13.671;-5.008;775.894;-0.2823;-0.1047;-0.0011;3.996;-1.062
2175;2.174;-15.985;-8.702;762.487;-0.3049;-0.1616;0.0042;-7.833;4.327
2176;2.175;-9.919;-7.091;769.391;-0.1999;-0.1345;-0.0031;4.447;6.826
2177;2.176;-11.946;-7.768;754.929;-0.2346;-0.1503;-0.0019;2.515;-1.801
2178;2.177;-8.53;-7.457;773.911;-0.1679;-0.1513;0.0023;-1.056;0.02
2179;2.178;-12.604;-6.318;772.644;-0.2429;-0.1287;-0.0007;2.09;-10.433
2180;2.179;-11.268;-6.195;784.44;-0.2198;-0.1091;-0.0019;-3.774;-1.794
2181;2.18;-8.554;-5.265;756.474;-0.1804;-0.1214;0.0029;-2.735;-3.906
2182;2.181;-10.863;-5.219;765.34;-0.2093;-0.1033;0.0066;-0.145;-3.283
2183;2.182;-16.139;-7.402;763.333;-0.3265;-0.1441;0.0002;2.563;-4.776
2184;2.183;-14.284;-7.032;776.389;-0.2875;-0.1567;0.0009;-7.678;1.07
2185;2.184;-13.02;-9.496;759.015;-0.2541;-0.1961;-0.0061;2.258;-2.915
2186;2.185;-10.953;-4.998;768.093;-0.2016;-0.1051;0.0181;9.816;8.404
2187;2.186;-15.118;-7.995;743.007;-0.3026;-0.1541;-0.0099;6.304;2.589
2188;2.187;-12.901;-8.302;766.869;-0.2629;-0.1704;-0.0047;-2.861;5.715
2189;2.188;-14.398;-10.234;752.814;-0.2838;-0.2114;-0.0062;1.825;-3.47
2190;2.189;-12.864;-11.249;752.786;-0.24;-0.2382;-0.0051;-10.007;2.329
2191;2.19;-15.807;-10.153;764.206;-0.3155;-0.2289;0.0036;-10.284;2.415
2192;2.191;-13.549;-12.136;753.251;-0.2646;-0.2421;-0.0103;4.322;-2.506
2193;2.192;-12.784;-7.774;752.635;-0.2618;-0.1548;-0.0072;2.279;-1.109
2194;2.193;-12.542;-6.743;750.559;-0.2468;-0.1213;0.0059;4.687;-7.572
2195;2.194;-12.897;-10.189;754.391;-0.2611;-0.1851;-0.0061;-0.27;2.121
2196;2.195;-15.067;-10.963;757.233;-0.3045;-0.2102;-0.002;-6.008;-3.478
2197;2.196;-13.768;-11.772;749.431;-0.2744;-0.2605;0.0012;-0.389;9.069
2198;2.197;-12.213;-8.077;743.626;-0.2388;-0.1372;0.0027;-2.576;10.866
2199;2.198;-12.541;-9.979;740.664;-0.2615;-0.1909;0.0015;9.356;-2.261
2200;2.199;-14.348;-8.481;747.123;-0.2798;-0.1615;0.0026;3.968;6.522
2201;2.2;-11.452;-8.354;747.523;-0.2517;-0.1844;0.0003;2.802;4.947
2202;2.201;-15.936;-8.641;754.522;-0.3275;-0.182;-0.0016;6.265;1.514
2203;2.202;-8.654;-9.98;747.595;-0.1714;-0.202;0.0023;6.508;1.443
2204;2.203;-17.235;-10.151;728.029;-0.3322;-0.1991;0.0028;1.668;7.231
2205;2.204;-11.946;-5.108;748.522;-0.2484;-0.0941;0.0044;8.202;2.996
2206;2.205;-12.947;-6.822;717.014;-0.2592;-0.1355;0.0066;1.426;-2.191
2207;2.206;-18.896;-8.866;741.921;-0.3737;-0.1807;-0.0033;3.59;-7.548
2208;2.207;-10.565;-9.349;744.985;-0.2051;-0.1941;-0.0031;-3.005;0.739
2209;2.208;-13.543;-9.912;739.28;-0.2977;-0.1946;0.0001;3.018;-2.372
2210;2.209;-10.257;-10.057;736.058;-0.2099;-0.1917;0.0058;2.047;1.397
2211;2.21;-11.84;-8.74;741.705;-0.2306;-0.1759;-0.0001;-2.185;7.59
2212;2.211;-10.289;-9.105;747.267;-0.2116;-0.1971;-0.0052;2.474;-0.169
2213;2.212;-9.87;-7.794;737.046;-0.1772;-0.1568;0.0085;2.81;-8.776
2214;2.213;-10.545;-8.41;735.643;-0.2003;-0.149;0.0001;5.871;-2.418
2215;2.214;-11.745;-9.821;731.292;-0.2095;-0.17;0.0088;0.011;-1.555
2216;2.215;-8.683;-9.771;729.53;-0.1696;-0.1914;-0.0029;-4.608;-9.28
2217;2.216;-13.11;-5.019;730.184;-0.2474;-0.0912;0.0064;5.254;1.362
2218;2.217;-14.218;-11.946;752.764;-0.3001;-0.2407;-0.003;2.487;12.474
2219;2.218;-13.348;-6.601;732.061;-0.2687;-0.1075;0.0054;8.213;-3.679
2220;2.219;-9.613;-11.231;740.199;-0.1943;-0.2245;0.0074;3.149;0.325
2221;2.22;-15.188;-8.795;741.055;-0.2997;-0.1779;-0.0045;1.547;-5.437
2222;2.221;-10.453;-5.98;738.188;-0.2058;-0.1103;0.0097;-1.767;-1.229
2223;2.222;-14.488;-12.744;731.299;-0.2773;-0.2708;0.005;-0.11;1.536
2224;2.223;-15.842;-9.445;740.902;-0.3201;-0.1712;-0.0037;2.915;-3.579
2225;2.224;-11.439;-9.16;739.307;-0.2336;-0.197;-0.0053;3.731;-6.183
2226;2.225;-10.112;-11.418;733.073;-0.1944;-0.2341;0.0065;6.159;-0.19
2227;2.226;-9.686;-8.361;744.712;-0.2114;-0.1636;-0.0056;-0.32;10.435
2228;2.227;-10.293;-10.943;743.949;-0.1922;-0.2149;-0.0081;0.407;-0.292
2229;2.228;-11.839;-7.53;732.0;-0.2326;-0.1423;0.0087;-14.139;-1.726
2230;2.229;-11.339;-7.863;746.472;-0.2464;-0.1468;0.0016;-2.499;1.461
2231;2.23;-10.523;-10.096;746.167;-0.212;-0.1853;-0.0005;9.195;-0.595
2232;2.231;-14.371;-8.432;747.751;-0.2971;-0.1685;0.0029;6.259;9.394
2233;2.232;-12.483;-8.277;730.522;-0.2585;-0.1527;0.0006;3.124;3.028
2234;2.233;-8.806;-10.134;717.846;-0.1757;-0.2129;0.014;0.529;-8.922
2235;2.234;-10.32;-8.103;746.309;-0.2141;-0.1352;-0.0067;3.68;-1.696
2236;2.235;-10.528;-10.24;741.484;-0.2003;-0.2198;0.0001;-8.598;10.364
2237;2.236;-10.516;-10.954;728.931;-0.2062;-0.2109;-0.004;-0.434;-9.406
2238;2.237;-8.56;-7.85;725.043;-0.1767;-0.1473;-0.0014;-0.904;0.827
2239;2.238;-7.08;-8.097;737.854;-0.1318;-0.1525;-0.0089;-2.109;-2.69
2240;2.239;-11.347;-7.926;726.254;-0.2221;-0.1668;0.0007;-4.312;-1.863
2241;2.24;-8.071;-4.323;742.732;-0.1679;-0.0992;-0.0068;-4.909;1.438
2242;2.241;-11.083;-8.968;751.13;-0.2153;-0.1835;0.003;3.197;5.057
2243;2.242;-17.138;-10.037;742.689;-0.3444;-0.192;-0.0045;-2.976;2.501
2244;2.243;-14.008;-9.649;743.253;-0.2688;-0.1948;-0.0037;2.917;-8.051
2245;2.244;-10.778;-4.93;737.673;-0.2177;-0.0924;0.0087;3.339;1.339
2246;2.245;-14.791;-11.08;735.991;-0.282;-0.2134;-0.0045;-0.545;-2.752
2247;2.246;-10.643;-8.607;746.838;-0.2184;-0.1901;-0.0018;1.312;5.271
2248;2.247;-12.952;-6.908;751.411;-0.2583;-0.1409;-0.0065;-5.775;0.442
2249;2.248;-12.986;-7.667;741.175;-0.2486;-0.1606;-0.0026;0.059;8.54
2250;2.249;-12.679;-11.087;744.77;-0.2567;-0.2298;-0.0002;7.312;12.736
2251;2.25;-9.822;-10.708;747.112;-0.1915;-0.2078;-0.0001;4.748;3.875
2252;2.251;-10.297;-8.389;744.875;-0.2002;-0.1612;-0.0061;4.221;-0.665
2253;2.252;-9.732;-10.032;751.099;-0.1842;-0.2134;-0.0008;-7.115;0.998
2254;2.253;-7.24;-8.854;740.652;-0.1436;-0.1852;-0.0015;8.985;-1.342
2255;2.254;-8.747;-9.93;754.775;-0.1627;-0.1905;0.0075;-6.371;-9.837
2256;2.255;-10.365;-11.28;755.505;-0.2091;-0.2299;-0.0003;-0.524;-4.394
2257;2.256;-12.247;-10.861;753.799;-0.2403;-0.2037;-0.0003;-0.787;-0.995
2258;2.257;-9.354;-12.163;733.573;-0.2008;-0.2268;0.0009;-0.798;-2.198
2259;2.258;-7.144;-15.359;754.149;-0.1305;-0.3202;0.0035;4.763;-0.318
2260;2.259;-10.418;-7.713;747.049;-0.2221;-0.1449;0.003;5.641;1.002
2261;2.26;-13.859;-5.645;756.066;-0.2706;-0.1108;0.0047;1.428;-3.713
2262;2.261;-13.838;-6.427;758.385;-0.2867;-0.1335;-0.0053;-2.352;-1.196
2263;2.262;-11.885;-5.983;745.097;-0.2476;-0.1088;-0.0087;-0.33;3.783
2264;2.263;-13.019;-9.965;767.904;-0.267;-0.2104;-0.0016;1.03;-4.877
2265;2.264;-11.128;-8.847;761.013;-0.2342;-0.1638;-0.0056;-7.088;-2.095
2266;2.265;-14.964;-6.31;766.524;-0.2845;-0.1248;-0.0009;2.223;-1.97
2267;2.266;-16.232;-9.267;763.216;-0.3316;-0.1784;-0.0043;-2.839;-9.753
2268;2.267;-9.752;-8.819;763.074;-0.1972;-0.1754;0.0019;4.242;-9.104
2269;2.268;-11.766;-11.52;761.445;-0.2271;-0.2205;-0.0041;5.531;0.033
2270;2.269;-9.833;-4.251;751.829;-0.201;-0.084;-0.0086;-6.365;-10.781
2271;2.27;-16.362;-11.418;762.052;-0.3376;-0.2063;-0.0071;2.202;-3.38
2272;2.271;-11.479;-8.479;764.108;-0.2253;-0.1673;-0.0058;0.806;-0.827
2273;2.272;-13.372;-6.047;756.894;-0.2807;-0.1294;0.0039;-5.64;1.539
2274;2.273;-10.796;-9.921;770.694;-0.2141;-0.1948;0.0042;3.946;-0.326
2275;2.274;-12.217;-12.337;768.361;-0.2282;-0.2668;0.0036;-1.391;1.546
2276;2.275;-10.528;-10.325;760.232;-0.1931;-0.2144;-0.0014;-12.144;6.926
2277;2.276;-9.876;-9.866;756.383;-0.2035;-0.2028;-0.0006;-3.274;0.514
2278;2.277;-11.38;-7.518;766.133;-0.2207;-0.1416;-0.0058;4.165;9.753
2279;2.278;-8.088;-6.097;777.09;-0.1569;-0.125;-0.006;-8.422;0.613
2280;2.279;-11.413;-9.714;771.215;-0.2301;-0.2117;-0.0008;-4.507;0.528
2281;2.28;-12.735;-8.186;749.408;-0.2478;-0.1556;0.0059;-10.253;7.63
2282;2.281;-10.51;-10.297;751.49;-0.2197;-0.2069;0.0002;0.311;-0.269
2283;2.282;-10.429;-10.021;754.454;-0.2108;-0.1943;0.0017;10.078;-0.551
2284;2.283;-8.256;-6.916;765.954;-0.1671;-0.1386;0.0001;2.401;2.164
2285;2.284;-13.629;-5.575;765.795;-0.2679;-0.1069;0.0082;-0.722;3.521
2286;2.285;-13.514;-8.507;751.59;-0.2681;-0.166;0.0007;-4.374;-4.155
2287;2.286;-11.351;-7.913;758.386;-0.2239;-0.1602;-0.0034;3.798;-4.494
2288;2.287;-10.898;-7.208;749.721;-0.2301;-0.1353;-0.0128;5.451;-2.948
2289;2.288;-7.595;-7.849;747.24;-0.1401;-0.1613;-0.0043;-4.447;0.353
2290;2.289;-11.978;-10.354;755.625;-0.237;-0.1985;-0.0058;4.545;-6.158
2291;2.29;-12.074;-6.978;751.588;-0.2467;-0.1307;0.0036;5.002;5.811
2292;2.291;-11.996;-7.109;752.342;-0.2377;-0.1506;0.003;1.138;-0.947
2293;2.292;-12.3;-8.208;768.754;-0.2546;-0.1686;-0.0017;0.979;-4.227
2294;2.293;-7.022;-10.094;733.941;-0.1195;-0.2023;-0.0042;0.118;-0.027
2295;2.294;-8.348;-7.399;752.947;-0.178;-0.1491;0.0021;6.074;-7.006
2296;2.295;-11.007;-5.105;749.62;-0.2377;-0.1157;0.0012;-1.662;5.638
2297;2.296;-10.179;-6.38;752.647;-0.2121;-0.1079;0.0044;-4.18;-0.931
2298;2.297;-11.997;-7.329;756.121;-0.2334;-0.1492;-0.0015;-0.354;5.688
2299;2.298;-12.594;-12.402;756.661;-0.2549;-0.2471;-0.0081;2.194;-0.443
2300;2.299;-9.498;-9.226;744.247;-0.1853;-0.1849;0.0039;2.779;3.024
2301;2.3;-8.873;-8.861;750.77;-0.1659;-0.1718;0.0085;-4.231;2.533
2302;2.301;-9.918;-5.152;737.887;-0.2006;-0.112;0.0016;-1.483;-2.304
2303;2.302;-8.524;-6.97;741.024;-0.1707;-0.1375;-0.0014;-5.126;4.237
2304;2.303;-7.881;-5.683;733.857;-0.1596;-0.1192;0.0029;10.313;-0.099
2305;2.304;-12.257;-7.003;743.659;-0.2463;-0.144;0.0004;4.67;2.612
2306;2.305;-10.68;-8.948;739.778;-0.2138;-0.1923;-0.004;0.87;8.911
2307;2.306;-9.747;-6.678;729.443;-0.1899;-0.1237;-0.0088;-2.53;-3.226
2308;2.307;-10.229;-13.024;739.645;-0.2044;-0.2604;-0.006;-0.715;-5.789
2309;2.308;-14.334;-7.455;739.642;-0.2877;-0.1532;-0.0007;2.763;7.887
2310;2.309;-14.65;-8.968;736.087;-0.2981;-0.1782;0.0016;-5.447;0.394
2311;2.31;-12.277;-5.105;724.061;-0.2352;-0.0885;-0.0005;-3.684;-7.34
2312;2.311;-12.861;-9.678;741.656;-0.2556;-0.206;-0.0027;3.04;7.164
2313;2.312;-8.407;-7.105;740.12;-0.1895;-0.1466;0.0039;0.364;-7.883
2314;2.313;-8.254;-7.679;739.849;-0.1567;-0.1415;-0.0008;0.714;0.182
2315;2.314;-8.426;-6.219;729.467;-0.178;-0.1171;-0.0055;1.237;-13.634
2316;2.315;-9.702;-6.938;725.514;-0.207;-0.1611;0.0005;-2.038;-0.129
2317;2.316;-8.685;-6.545;711.195;-0.1712;-0.1214;0.0087;-2.722;15.593
2318;2.317;-5.918;-9.435;723.737;-0.1214;-0.1891;-0.0041;-2.448;6.035
2319;2.318;-7.026;-4.911;717.373;-0.1523;-0.1079;0.0003;-1.527;-2.851
2320;2.319;-11.585;-6.964;734.112;-0.2528;-0.1281;0.0017;2.454;2.98
2321;2.32;-10.815;-6.067;711.775;-0.1979;-0.1297;0.0006;7.291;-0.336
2322;2.321;-7.696;-7.13;729.071;-0.1618;-0.143;0.0001;-7.302;-7.323
2323;2.322;-8.572;-6.056;696.73;-0.1685;-0.1249;-0.0061;8.78;2.075
2324;2.323;-10.116;-5.638;718.106;-0.1998;-0.1196;0.0059;-1.948;5.679
2325;2.324;-13.136;-8.698;704.017;-0.2659;-0.1717;-0.0078;1.583;-3.26
2326;2.325;-8.005;-7.075;711.187;-0.1573;-0.1357;0.0072;-0.092;-9.216
2327;2.326;-4.509;-6.226;711.764;-0.0957;-0.1375;-0.0018;6.778;-3.076
2328;2.327;-9.735;-4.713;701.538;-0.2173;-0.0767;-0.0022;5.392;3.419
2329;2.328;-8.856;-6.855;701.9;-0.1724;-0.134;-0.0069;4.41;0.944
2330;2.329;-9.648;-7.314;704.034;-0.1958;-0.1463;-0.0026;0.301;1.677
2331;2.33;-9.301;-5.066;698.859;-0.2015;-0.0967;0.0031;-8.137;-0.457
2332;2.331;-7.253;-1.709;710.375;-0.1466;-0.0396;-0.0004;1.751;6.486
2333;2.332;-11.301;-6.53;699.422;-0.2246;-0.1284;0.0015;2.513;5.431
2334;2.333;-10.255;-8.585;701.909;-0.192;-0.1551;-0.0036;5.604;-1.258
2335;2.334;-7.99;-10.026;694.219;-0.1464;-0.2062;0.0119;-0.093;3.593
2336;2.335;-9.804;-6.339;700.394;-0.1989;-0.1205;0.0059;1.0;8.771
2337;2.336;-8.719;-8.099;698.908;-0.164;-0.1718;-0.0017;3.049;-3.613
2338;2.337;-5.547;-5.582;707.096;-0.1186;-0.1321;0.0019;-0.845;-0.392
2339;2.338;-4.442;-4.758;712.565;-0.0823;-0.0931;0.0034;-10.632;17.884
2340;2.339;-6.549;-5.645;693.254;-0.1425;-0.1188;-0.002;2.128;-1.504
2341;2.34;-6.712;-8.206;699.543;-0.1266;-0.1853;-0.0071;3.832;-2.224
2342;2.341;-9.446;-7.223;695.678;-0.1874;-0.1318;0.0049;4.345;3.183
2343;2.342;-5.71;-4.336;695.16;-0.1088;-0.0804;-0.0025;-6.228;3.218
2344;2.343;-9.071;-6.019;702.447;-0.1713;-0.1284;0.0025;0.985;-1.285
2345;2.344;-8.733;-4.049;699.979;-0.1792;-0.0659;-0.002;-7.981;10.046
2346;2.345;-7.301;-4.388;695.113;-0.1233;-0.0977;0.0083;3.239;1.539
2347;2.346;-7.986;-4.433;683.892;-0.1527;-0.0912;-0.0031;-2.285;-7.063
2348;2.347;-11.573;-6.957;693.501;-0.2255;-0.1502;0.0091;-5.009;-1.235
2349;2.348;-4.883;-5.629;710.855;-0.091;-0.1212;0.0018;-3.986;6.124
2350;2.349;-8.244;-4.486;696.25;-0.1678;-0.086;-0.0104;-8.653;-2.077
2351;2.35;-10.747;-4.181;697.889;-0.2159;-0.0693;0.0041;-4.714;4.128
2352;2.351;-10.894;-8.096;683.933;-0.2146;-0.16;-0.0036;-12.263;-0.951
2353;2.352;-4.818;-6.381;690.458;-0.0824;-0.1279;0.0035;-1.899;-0.574
2354;2.353;-8.199;-5.243;676.954;-0.1692;-0.0992;-0.0008;6.792;-1.187
2355;2.354;-7.777;-5.303;693.648;-0.1538;-0.1014;-0.0007;4.113;-7.688
2356;2.355;-5.762;-6.557;695.802;-0.1251;-0.1283;-0.0059;-0.735;0.045
2357;2.356;-6.228;-3.451;701.339;-0.1508;-0.0841;0.0088;-9.066;-5.344
2358;2.357;-5.063;-4.379;699.971;-0.1175;-0.0949;0.0022;-4.293;6.021
2359;2.358;-7.28;-9.616;702.985;-0.1714;-0.1889;0.0001;-0.245;-9.868
2360;2.359;-5.432;-7.131;707.955;-0.1063;-0.1341;-0.0054;2.179;2.984
2361;2.36;-6.692;-3.114;700.467;-0.1372;-0.0661;-0.0025;-4.323;2.133
2362;2.361;-10.96;-5.247;702.826;-0.2332;-0.0967;-0.0031;-0.915;-0.542
2363;2.362;-5.721;-4.403;686.85;-0.1183;-0.0779;0.0003;-2.607;9.661
2364;2.363;-3.419;-2.328;694.951;-0.0877;-0.0617;-0.0055;6.936;1.809
2365;2.364;-8.443;-7.349;704.578;-0.1886;-0.1513;0.0073;-4.861;-0.093
2366;2.365;-2.712;-5.602;696.519;-0.0558;-0.1311;-0.0054;4.884;3.229
2367;2.366;-8.098;-4.639;689.439;-0.1565;-0.0969;-0.0076;9.636;3.527
2368;2.367;-3.217;-5.879;706.723;-0.0696;-0.1236;0.0032;-3.908;4.449
2369;2.368;-11.108;-1.08;690.759;-0.2243;-0.0253;-0.0108;10.026;-10.862
2370;2.369;-7.372;-0.255;700.406;-0.1544;-0.0089;-0.0103;-1.871;-1.664
2371;2.37;-10.146;-1.954;713.654;-0.2013;-0.0607;0.003;10.004;2.657
2372;2.371;-12.743;-0.629;698.325;-0.2335;-0.0045;-0.0021;-1.234;-5.489
2373;2.372;-6.774;-3.178;702.742;-0.1402;-0.0595;0.0029;-0.881;0.299
2374;2.373;-5.504;-4.697;693.621;-0.1049;-0.0944;-0.0009;0.54;6.684
2375;2.374;-9.507;-2.09;722.321;-0.1701;-0.0411;-0.0002;0.251;-5.524
2376;2.375;-2.803;-3.237;701.889;-0.0615;-0.048;-0.0027;6.05;-4.26
2377;2.376;-2.398;-0.231;692.364;-0.0439;-0.0234;-0.0015;-5.031;2.892
2378;2.377;-2.803;-4.884;694.788;-0.0489;-0.0929;-0.0032;-9.73;6.943
2379;2.378;-4.821;-1.767;703.88;-0.1058;-0.0397;0.0068;4.186;-3.392
2380;2.379;-9.236;-1.534;716.187;-0.2064;-0.0269;-0.0006;-1.789;-6.063
2381;2.38;-8.097;-1.664;707.076;-0.1637;-0.0326;-0.0045;-6.238;5.284
2382;2.381;-8.464;-7.328;700.241;-0.1575;-0.1729;0.0042;5.508;0.529
2383;2.382;-10.852;-3.623;697.626;-0.2143;-0.0767;-0.0031;-2.013;5.595
2384;2.383;-6.195;-5.648;719.974;-0.1266;-0.1231;0.0023;-8.663;12.258
2385;2.384;-4.387;-4.097;702.536;-0.087;-0.0759;0.0035;2.117;9.652
2386;2.385;-7.457;-5.945;705.441;-0.1687;-0.1112;-0.0033;1.97;-6.646
2387;2.386;-6.66;-4.979;707.346;-0.1102;-0.0964;-0.0014;7.215;2.283
2388;2.387;-5.937;-1.455;707.099;-0.1292;-0.0244;0.001;0.513;-1.251
2389;2.388;-9.022;-4.166;711.978;-0.1892;-0.0861;-0.0039;-0.688;7.055
2390;2.389;-6.354;-3.774;711.274;-0.1257;-0.0592;0.0076;12.68;0.401
2391;2.39;-3.173;-3.247;709.373;-0.0554;-0.0531;0.0047;-5.843;-3.836
2392;2.391;-1.826;-5.611;723.448;-0.0204;-0.1025;0.004;9.147;-4.158
2393;2.392;-2.753;-1.563;718.153;-0.0564;-0.007;0.011;-1.806;2.444
2394;2.393;-10.604;-6.105;704.022;-0.2142;-0.1214;0.0004;9.235;7.02
2395;2.394;-5.188;0.108;715.554;-0.099;-0.0073;0.0084;1.532;-9.614
2396;2.395;-8.021;-0.485;717.808;-0.1464;-0.0063;0.0022;-0.354;-7.93
2397;2.396;-3.674;-5.931;726.093;-0.0748;-0.1068;0.0071;-0.204;-0.058
2398;2.397;-4.174;-2.476;696.423;-0.0769;-0.0439;-0.0032;-5.061;2.578
2399;2.398;-4.703;-3.745;717.632;-0.0906;-0.0851;-0.0029;1.465;-3.487
2400;2.399;-9.88;-6.375;714.309;-0.2163;-0.1178;0.0068;5.699;0.259
2401;2.4;-6.498;-1.029;704.906;-0.1352;-0.0337;-0.0019;6.578;-0.141
2402;2.401;-5.568;-1.028;716.815;-0.1271;-0.0364;-0.0027;-4.916;-8.057
2403;2.402;-8.368;-4.801;719.435;-0.1614;-0.0851;-0.0002;3.176;-8.153
2404;2.403;-4.127;-2.115;716.08;-0.0781;-0.0411;0.0003;4.213;-2.644
2405;2.404;-6.071;0.781;719.543;-0.1196;0.0089;0.006;2.136;-5.978
2406;2.405;-5.482;-1.694;712.745;-0.1086;-0.0499;-0.0011;4.21;3.561
2407;2.406;-8.275;-1.086;711.175;-0.1608;-0.0145;0.0029;0.745;-5.13
2408;2.407;-3.708;-1.216;718.451;-0.077;-0.0512;-0.0004;2.425;10.511
2409;2.408;-4.182;-1.503;715.403;-0.0955;-0.0281;0.0045;-6.924;-1.587
2410;2.409;-2.712;-1.79;696.597;-0.0705;-0.0436;0.0024;-4.936;-1.234
2411;2.41;-7.629;-1.105;709.696;-0.1398;-0.0117;-0.0004;-2.867;-0.744
2412;2.411;-8.965;-7.96;719.174;-0.1901;-0.1694;0.0031;1.966;1.702
2413;2.412;-4.737;1.611;710.841;-0.1109;0.0327;-0.0121;9.544;8.071
2414;2.413;-3.512;-0.534;711.697;-0.0738;-0.0115;0.0023;-1.688;-7.23
2415;2.414;-7.907;4.299;702.931;-0.1338;0.0894;0.0027;-4.327;1.44
2416;2.415;-2.519;-1.206;712.261;-0.0417;-0.0226;-0.007;-0.699;1.068
2417;2.416;-4.893;-7.09;718.71;-0.0907;-0.1352;0.0014;-6.658;2.024
2418;2.417;-5.413;-4.735;712.7;-0.1169;-0.0923;0.0079;-6.765;0.968
2419;2.418;-2.145;-1.656;697.867;-0.037;-0.03;-0.0064;6.188;-8.167
2420;2.419;-4.857;-1.464;716.187;-0.1077;-0.0127;-0.0133;1.334;-2.933
2421;2.42;-5.508;-3.435;699.762;-0.1104;-0.0664;0.0035;-1.996;3.995
2422;2.421;-0.996;0.215;711.194;-0.003;0.0061;0.0026;12.192;4.539
2423;2.422;0.338;0.982;712.379;0.0019;0.0357;0.0105;0.326;8.674
2424;2.423;-4.252;0.857;707.814;-0.0932;0.022;0.0074;-0.325;4.307
2425;2.424;-1.913;3.051;693.926;-0.0331;0.052;-0.0014;0.372;-6.459
2426;2.425;-8.612;-1.947;687.73;-0.1721;-0.0446;0.0061;-2.3;-0.088
2427;2.426;-5.215;1.547;697.619;-0.1206;0.0309;-0.0031;2.356;-5.919
2428;2.427;1.337;2.202;688.7;0.0266;0.0537;0.007;8.596;0.953
2429;2.428;-0.644;3.237;700.6;-0.0191;0.0576;-0.0068;1.318;-6.535
2430;2.429;-3.843;-0.188;725.568;-0.0718;-0.0147;0.0008;-5.065;2.342
2431;2.43;-6.409;-1.627;693.569;-0.1341;-0.0137;-0.0006;4.774;-5.371
2432;2.431;-3.965;0.223;705.206;-0.0736;0.0066;-0.0019;4.763;-7.197
2433;2.432;-2.008;1.522;699.616;-0.0302;0.0493;0.0087;1.398;11.174
2434;2.433;-5.259;0.648;678.536;-0.1025;0.0178;0.0066;1.697;4.048
2435;2.434;-3.488;-0.534;692.897;-0.061;-0.0076;0.0003;1.262;3.1
2436;2.435;-7.432;0.473;676.669;-0.1308;0.0113;0.0055;1.28;-0.112
2437;2.436;-4.738;0.863;697.879;-0.1109;0.02;0.0024;-2.748;-4.555
2438;2.437;-3.6;0.961;679.053;-0.0747;0.0268;0.0026;6.654;9.084
2439;2.438;-0.901;-2.007;682.899;0.0048;-0.0403;0.0053;0.801;-1.763
2440;2.439;-3.864;0.927;683.96;-0.0843;0.0223;0.0081;0.588;-2.138
2441;2.44;-0.458;3.286;684.802;-0.023;0.0586;0.0004;2.317;-0.044
2442;2.441;-4.53;-2.626;685.786;-0.0921;-0.0683;-0.0028;10.096;-5.725
2443;2.442;-3.485;-6.002;682.147;-0.0592;-0.1176;0.0114;-1.576;5.289
2444;2.443;-2.956;-1.013;676.034;-0.0643;-0.0155;-0.0058;7.908;10.592
2445;2.444;-2.251;2.099;669.92;-0.0387;0.0304;-0.003;-0.979;-11.159
2446;2.445;-5.557;2.901;672.949;-0.1017;0.0627;0.0056;-0.559;5.947
2447;2.446;-4.102;-0.716;661.841;-0.0858;-0.0143;0.0026;0.567;1.427
2448;2.447;-4.539;-0.608;677.529;-0.0892;0.0084;-0.0061;1.618;-3.286
2449;2.448;-4.333;-0.109;664.807;-0.0786;-0.0125;0.0142;6.578;-5.463
2450;2.449;-0.155;3.761;663.961;-0.0138;0.0749;-0.0045;8.723;-1.346
2451;2.45;-0.978;-1.269;667.017;-0.0143;-0.0247;0.0074;0.981;-4.113
2452;2.451;-3.213;3.467;675.992;-0.0495;0.0685;0.0122;-0.806;0.302
2453;2.452;-5.209;-0.633;666.801;-0.1016;-0.0115;0.006;-4.969;7.414
2454;2.453;-6.555;-0.693;679.392;-0.1426;-0.0091;0.0024;2.584;0.145
2455;2.454;-3.18;-2.653;653.937;-0.0622;-0.0486;0.0055;-3.465;-3.136
2456;2.455;-0.539;1.41;667.637;0.0004;0.0283;0.0034;0.072;-4.261
2457;2.456;-0.043;2.887;663.079;0.0035;0.0501;0.0019;0.218;-2.901
2458;2.457;-1.607;4.227;668.877;-0.0314;0.079;-0.0004;-0.377;7.588
2459;2.458;-7.377;0.495;661.161;-0.1667;0.0125;-0.0;8.182;-4.545
2460;2.459;-2.128;0.157;658.994;-0.0352;0.0048;-0.0023;6.864;-4.64
2461;2.46;-2.969;0.963;684.425;-0.0547;0.0162;0.0013;-1.262;11.492
2462;2.461;-2.054;2.33;663.853;-0.0505;0.048;0.0055;-1.01;1.18
2463;2.462;-3.766;-0.295;650.481;-0.0819;0.0011;0.0052;-4.887;-1.131
2464;2.463;2.908;2.076;655.441;0.0574;0.0557;0.0083;-4.666;-3.406
2465;2.464;-4.101;-1.274;658.2;-0.0717;-0.0294;0.0001;8.321;-1.019
2466;2.465;0.258;0.483;653.331;0.0285;0.0162;-0.0;3.908;8.963
2467;2.466;-1.362;3.771;664.76;-0.0347;0.0798;0.0052;-11.711;-0.088
2468;2.467;0.964;0.229;654.536;0.0108;0.0013;-0.0075;-2.404;1.895
2469;2.468;-7.186;2.029;674.257;-0.1468;0.0412;0.0006;1.227;6.249
2470;2.469;-3.477;-2.324;657.149;-0.0574;-0.0475;-0.0028;-0.923;6.976
2471;2.47;1.332;1.185;663.358;0.0137;0.0447;0.0019;-3.08;-0.377
2472;2.471;2.904;3.569;660.875;0.0524;0.0752;0.0045;6.111;-7.952
2473;2.472;-5.74;1.361;659.052;-0.1175;0.036;0.0024;-4.982;9.092
2474;2.473;-4.71;1.203;658.985;-0.0867;0.015;-0.0018;-6.165;8.364
2475;2.474;-0.315;3.6;654.044;-0.0173;0.0696;0.0046;-3.997;-6.052
2476;2.475;0.493;3.362;663.504;0.0238;0.0568;-0.0039;0.509;-4.127
2477;2.476;-4.371;3.298;668.944;-0.0871;0.0551;0.01;3.429;-3.195
2478;2.477;1.275;0.101;655.729;0.0166;0.0015;0.0053;2.579;1.629
2479;2.478;-1.425;4.431;667.328;-0.0212;0.0786;0.0011;0.723;-5.25
2480;2.479;-6.83;-0.104;654.836;-0.1555;-0.0098;0.0002;-2.446;6.472
2481;2.48;0.103;7.075;662.942;0.0117;0.1392;0.0002;4.544;2.116
2482;2.481;-4.516;-0.043;672.076;-0.086;-0.006;-0.0077;-0.5;-6.755
2483;2.482;-6.34;0.444;651.112;-0.1227;0.0226;0.0035;-5.556;-1.872
2484;2.483;-3.781;4.043;677.911;-0.0802;0.0874;-0.0019;-1.532;-11.028
2485;2.484;-1.074;1.29;661.193;-0.0255;0.0179;0.0049;-1.965;2.31
2486;2.485;-1.822;1.686;683.273;-0.0184;0.0245;0.0014;-9.235;-0.063
2487;2.486;-2.846;3.184;672.139;-0.0702;0.0506;-0.003;5.81;10.415
2488;2.487;2.773;1.866;669.952;0.0526;0.0466;-0.0034;-1.803;-1.158
2489;2.488;-2.467;4.587;657.099;-0.0545;0.0767;-0.0012;-5.744;-2.867
2490;2.489;2.743;2.195;653.041;0.0658;0.0522;-0.0059;-1.998;-1.609
2491;2.49;2.749;0.009;678.675;0.0285;0.0061;0.0102;-5.804;8.169
2492;2.491;1.4;0.446;670.358;0.0188;0.0097;-0.0039;-2.376;4.966
2493;2.492;3.215;5.21;685.225;0.0644;0.1119;-0.0036;-4.05;2.228
2494;2.493;-0.905;1.771;675.441;-0.0072;0.0503;-0.0008;-0.17;2.11
2495;2.494;-1.483;4.359;671.828;-0.0451;0.077;0.0006;-3.845;-3.563
2496;2.495;-1.273;-0.036;669.566;-0.0187;-0.0031;0.0045;4.737;4.525
2497;2.496;2.397;7.278;687.555;0.0506;0.1512;-0.0038;5.208;-1.86
2498;2.497;2.065;3.683;682.973;0.0424;0.0771;0.0001;2.581;-1.853
2499;2.498;1.438;8.231;674.931;0.0369;0.1687;0.0001;-3.132;-5.053
2500;2.499;-1.288;3.949;678.415;-0.0358;0.08;-0.0019;-7.632;-2.72
2501;2.5;3.014;3.587;684.503;0.0725;0.0727;-0.0045;1.07;2.555
2502;2.501;0.928;7.743;664.857;0.0342;0.1443;0.0036;-7.015;-2.301
2503;2.502;1.577;4.185;697.389;0.0366;0.0917;-0.0083;6.294;-4.949
2504;2.503;1.188;6.268;685.517;0.0297;0.1239;0.0032;-0.619;10.595
2505;2.504;-3.055;2.935;695.615;-0.0506;0.0555;0.0001;2.802;-4.457
2506;2.505;-0.54;4.34;679.245;-0.0138;0.0823;0.0026;7.775;-4.175
2507;2.506;-2.45;5.158;672.15;-0.0601;0.1107;0.0031;0.326;6.605
2508;2.507;-2.024;2.505;667.781;-0.0507;0.06;-0.0037;-9.232;-5.662
2509;2.508;2.258;1.548;680.593;0.043;0.0236;0.0054;-0.854;1.226
2510;2.509;2.296;1.473;686.57;0.0629;0.0398;-0.0015;5.751;-8.172
2511;2.51;0.386;4.416;691.952;0.0088;0.0787;-0.0081;-3.815;-4.374
2512;2.511;0.205;2.616;698.237;0.0026;0.0401;-0.0042;0.414;0.092
2513;2.512;3.484;4.257;693.51;0.074;0.0762;0.003;-3.99;-8.11
2514;2.513;3.579;3.065;706.005;0.0924;0.053;0.0013;3.023;5.941
2515;2.514;3.807;4.411;705.989;0.083;0.0953;0.0002;-2.632;-5.293
2516;2.515;-0.326;7.245;690.653;-0.0174;0.139;0.0007;-7.028;8.545
2517;2.516;2.786;1.045;711.551;0.0545;0.0324;-0.0051;-3.692;0.584
2518;2.517;5.369;6.289;693.077;0.1125;0.1273;-0.0122;0.127;4.729
2519;2.518;-0.493;8.183;699.722;-0.0276;0.1772;0.0058;0.076;2.655
2520;2.519;1.943;10.476;703.584;0.0413;0.2248;0.0075;-6.586;-1.798
2521;2.52;4.245;6.242;698.679;0.0796;0.1253;0.0072;11.061;1.901
2522;2.521;-1.574;6.28;694.226;-0.0231;0.1307;-0.0048;3.454;-1.738
2523;2.522;8.91;5.575;689.335;0.1894;0.1042;0.0095;-6.639;3.175
2524;2.523;0.981;6.124;708.217;0.0125;0.1337;-0.0021;-10.961;0.788
2525;2.524;2.981;7.917;692.975;0.065;0.1558;-0.0017;13.103;-3.786
2526;2.525;-1.482;4.603;702.688;-0.0409;0.0864;0.0004;1.063;-2.88
2527;2.526;-0.784;6.64;696.979;-0.0055;0.1327;-0.0027;4.35;6.961
2528;2.527;-1.809;5.147;709.759;-0.0356;0.1073;-0.0145;-5.702;-2.577
2529;2.528;1.738;6.425;702.793;0.0244;0.132;0.0009;-4.968;-9.698
2530;2.529;-2.491;8.271;691.867;-0.05;0.1687;-0.0043;3.971;-0.534
2531;2.53;-0.486;1.24;701.291;-0.0101;0.022;-0.0061;6.111;5.494
2532;2.531;-0.014;4.06;678.641;0.001;0.0865;0.0043;-5.783;6.059
2533;2.532;3.784;3.37;709.921;0.0745;0.0573;-0.0077;6.433;3.122
2534;2.533;4.499;7.303;719.606;0.0983;0.168;0.0042;3.651;-2.984
2535;2.534;2.472;4.301;704.053;0.0646;0.0925;-0.0;-1.003;6.748
2536;2.535;4.991;6.694;700.513;0.0806;0.1341;-0.0055;5.204;7.165
2537;2.536;5.391;3.362;709.636;0.1052;0.0603;-0.002;-4.048;3.265
2538;2.537;3.18;4.681;692.985;0.049;0.1089;0.0033;4.964;-1.47
2539;2.538;4.019;5.163;696.282;0.0738;0.1186;0.003;-5.123;6.321
2540;2.539;3.367;3.139;706.694;0.0695;0.044;-0.0026;-7.837;0.496
2541;2.54;3.94;4.538;692.269;0.0824;0.0889;0.002;1.44;-4.876
2542;2.541;3.89;7.189;680.391;0.0759;0.1488;0.0035;5.123;0.006
2543;2.542;5.152;7.378;708.475;0.0942;0.141;0.004;-4.241;-1.315
2544;2.543;3.916;3.5;695.443;0.0756;0.0646;0.0003;2.484;10.693
2545;2.544;3.447;5.991;690.748;0.0575;0.1307;-0.005;-0.722;8.865
2546;2.545;4.255;4.749;710.055;0.0751;0.0978;-0.0035;-0.179;0.067
2547;2.546;4.914;4.374;697.865;0.0975;0.0904;0.0126;-0.045;14.99
2548;2.547;5.412;5.805;707.838;0.1055;0.0958;0.0056;-0.387;-12.964
2549;2.548;2.872;4.912;699.676;0.071;0.1027;-0.0021;-2.299;-4.49
2550;2.549;4.175;7.604;692.901;0.0788;0.1575;-0.0031;0.169;0.634
2551;2.55;1.866;7.74;710.8;0.0381;0.1393;-0.0025;0.909;-3.466
2552;2.551;4.754;6.973;674.648;0.0761;0.1309;0.009;-2.588;-0.741
2553;2.552;1.513;5.454;704.996;0.02;0.1011;0.0012;1.468;-7.893
2554;2.553;8.285;5.618;693.946;0.1608;0.099;-0.0119;-2.643;9.33
2555;2.554;1.906;11.599;703.659;0.044;0.2291;-0.006;4.765;-4.407
2556;2.555;0.486;7.845;686.86;0.0245;0.1608;-0.0013;-11.779;0.54
2557;2.556;2.875;6.62;686.157;0.0516;0.1403;-0.0002;4.044;2.584
2558;2.557;1.046;4.954;689.625;0.0179;0.1004;-0.0019;2.226;5.331
2559;2.558;5.401;7.181;705.143;0.115;0.1548;0.0037;0.91;5.534
2560;2.559;5.253;8.984;697.438;0.0942;0.1884;0.0011;3.343;7.909
2561;2.56;0.27;7.098;684.327;0.0239;0.1344;0.002;-5.867;4.276
2562;2.561;0.546;8.352;680.569;0.0327;0.1663;-0.0061;-3.95;0.454
2563;2.562;7.351;7.512;699.009;0.1416;0.1378;0.005;-3.4;-4.387
2564;2.563;3.781;9.988;695.211;0.0892;0.1986;0.0016;5.105;10.623
2565;2.564;1.846;5.102;682.676;0.0466;0.113;-0.0016;-0.92;2.758
2566;2.565;8.976;11.51;683.648;0.1782;0.2338;0.0053;-5.6;6.023
2567;2.566;0.994;7.983;696.118;0.0236;0.1579;0.0015;2.647;-0.16
2568;2.567;4.06;10.037;664.94;0.0968;0.2075;-0.0052;10.876;0.9
2569;2.568;4.027;8.04;689.216;0.0788;0.1525;0.0048;11.259;-5.44
2570;2.569;3.187;7.368;672.853;0.0592;0.1347;0.002;2.861;-1.816
2571;2.57;0.657;6.372;683.19;0.0239;0.1093;-0.0022;-2.579;-1.679
2572;2.571;2.877;7.743;688.759;0.0456;0.15;-0.0036;2.647;-6.848
2573;2.572;5.996;9.365;664.822;0.1046;0.2004;0.0041;1.78;0.895
2574;2.573;5.76;5.807;690.518;0.1247;0.1138;0.0056;-3.335;6.514
2575;2.574;6.009;8.26;694.86;0.1266;0.1804;0.0032;-7.781;2.184
2576;2.575;4.274;7.469;670.37;0.0834;0.1205;-0.0055;-3.847;7.507
2577;2.576;6.19;7.624;674.472;0.1359;0.1557;-0.0048;-5.691;-3.575
2578;2.577;5.111;9.809;676.425;0.1226;0.1894;0.0005;0.588;-6.592
2579;2.578;6.772;6.356;682.628;0.1354;0.1215;0.0037;-4.434;-5.797
2580;2.579;5.264;8.93;684.299;0.1088;0.1622;0.0026;7.862;-1.236
2581;2.58;1.161;6.614;674.913;0.025;0.1366;-0.0018;4.403;4.629
2582;2.581;0.438;2.953;678.861;0.007;0.0616;0.0073;-1.2;0.412
2583;2.582;6.561;7.698;673.054;0.1161;0.1656;0.0068;-1.916;-3.023
2584;2.583;8.621;10.442;679.746;0.1858;0.2059;-0.0028;0.982;3.754
2585;2.584;5.779;11.148;663.835;0.1175;0.2397;0.0024;5.621;7.964
2586;2.585;5.614;2.127;676.901;0.1104;0.0472;-0.0014;5.733;-2.812
2587;2.586;6.65;6.351;686.305;0.1464;0.1241;0.0057;-0.381;-1.773
2588;2.587;4.123;12.716;679.916;0.0948;0.2642;0.0;4.462;-0.422
2589;2.588;8.913;8.35;682.108;0.178;0.174;-0.003;3.848;-1.586
2590;2.589;3.2;7.002;669.745;0.0583;0.1474;0.0066;-5.008;-7.126
2591;2.59;10.602;7.82;668.963;0.2283;0.1661;0.002;1.812;2.327
2592;2.591;5.869;6.922;676.436;0.1207;0.1278;-0.0126;-0.391;-6.444
2593;2.592;8.666;8.089;668.76;0.1718;0.1489;0.0003;8.019;8.364
2594;2.593;8.411;6.132;662.795;0.1546;0.1124;-0.0045;-1.493;-2.905
2595;2.594;0.681;8.288;682.684;0.0144;0.1784;-0.0044;6.732;-0.526
2596;2.595;13.256;5.11;676.945;0.2518;0.0901;-0.0122;6.026;2.097
2597;2.596;6.634;8.622;669.548;0.1305;0.193;-0.0021;-4.884;-1.294
2598;2.597;8.585;10.302;679.882;0.1531;0.2117;-0.0053;-1.794;3.463
2599;2.598;4.13;9.172;690.07;0.0853;0.183;0.0015;7.011;-12.489
2600;2.599;3.854;10.588;675.229;0.0869;0.2277;-0.005;-5.056;-0.359
2601;2.6;8.369;7.086;675.244;0.1611;0.1369;0.0021;-8.339;4.151
2602;2.601;3.392;10.049;688.302;0.0794;0.2144;-0.0048;-2.994;7.691
2603;2.602;4.052;7.979;664.387;0.0788;0.142;-0.0008;-3.672;-2.041
2604;2.603;3.114;6.2;679.635;0.0646;0.1094;0.0062;2.285;5.187
2605;2.604;4.137;7.919;676.463;0.0842;0.1608;-0.0019;7.405;-3.659
2606;2.605;6.97;6.993;666.761;0.1333;0.1565;0.006;-1.403;-0.718
2607;2.606;8.608;7.629;689.008;0.173;0.1545;0.0028;2.685;3.044
2608;2.607;2.538;7.894;680.775;0.0296;0.1614;0.0147;-5.21;-0.141
2609;2.608;4.518;9.064;689.043;0.0802;0.1617;-0.0063;0.533;-7.091
2610;2.609;4.888;7.601;690.754;0.0903;0.1665;-0.0033;2.564;-0.613
2611;2.61;5.902;5.599;689.251;0.1202;0.1055;0.0036;6.377;-6.479
2612;2.611;5.325;5.964;680.659;0.1006;0.134;0.0003;9.519;3.945
2613;2.612;7.022;9.299;686.62;0.127;0.1827;-0.0008;-4.578;-3.28
2614;2.613;11.127;12.687;688.137;0.2271;0.258;-0.0001;1.163;-0.802
2615;2.614;9.236;9.545;695.624;0.1862;0.1784;0.0032;1.039;4.375
2616;2.615;4.506;6.236;691.412;0.091;0.1286;-0.0003;-1.144;5.712
2617;2.616;4.229;9.185;697.648;0.0795;0.1818;0.003;-8.048;-5.412
2618;2.617;8.703;8.755;689.535;0.1748;0.1832;-0.0042;5.27;2.134
2619;2.618;7.31;11.993;702.053;0.1429;0.2406;0.0021;1.5;-4.825
2620;2.619;5.165;5.152;692.912;0.1013;0.1175;0.0105;9.02;1.226
2621;2.62;4.852;10.101;685.07;0.0943;0.1952;-0.0018;3.6;-1.066
2622;2.621;5.641;7.51;697.281;0.1232;0.139;-0.0041;-6.307;-10.698
2623;2.622;3.211;4.144;700.708;0.0718;0.0936;-0.003;-1.787;0.999
2624;2.623;0.658;8.903;702.649;-0.0011;0.1889;-0.0051;3.804;3.081
2625;2.624;6.389;11.482;689.561;0.1369;0.2449;0.0051;3.395;-2.134
2626;2.625;1.396;8.901;708.898;0.0172;0.1894;-0.0005;-3.799;1.582
2627;2.626;8.355;12.358;707.477;0.1455;0.2318;0.004;3.245;-5.556
2628;2.627;7.77;7.832;706.883;0.1496;0.1592;-0.0048;-8.156;-8.003
2629;2.628;7.792;9.422;715.289;0.1488;0.1938;-0.0042;-1.303;-1.419
2630;2.629;9.75;8.593;710.566;0.1932;0.183;-0.0046;-3.127;-6.26
2631;2.63;8.317;13.385;700.798;0.154;0.2652;-0.0046;3.372;-8.175
2632;2.631;4.296;5.512;701.295;0.0666;0.0997;-0.0052;2.106;3.688
2633;2.632;3.626;8.872;720.795;0.0723;0.1769;0.0028;2.582;4.254
2634;2.633;7.081;8.84;699.628;0.1379;0.1775;-0.001;-0.544;-1.316
2635;2.634;10.704;9.439;725.936;0.2163;0.1967;0.0009;-1.642;2.295
2636;2.635;9.009;9.427;708.401;0.1665;0.1899;0.0087;7.08;-2.981
2637;2.636;3.962;8.063;712.192;0.0721;0.1524;0.0017;-1.666;-10.229
2638;2.637;6.507;9.346;726.02;0.1248;0.1932;0.0026;2.612;3.307
2639;2.638;4.838;8.832;715.557;0.0872;0.1831;0.0062;0.604;1.985
2640;2.639;8.88;10.354;711.746;0.1557;0.1869;0.0065;3.049;8.448
2641;2.64;10.716;8.764;719.803;0.2022;0.1735;0.0039;1.129;11.902
2642;2.641;9.735;6.512;717.993;0.1996;0.1299;-0.0088;1.541;-3.782
2643;2.642;7.27;9.449;728.82;0.1364;0.1973;0.0001;-0.589;-2.36
2644;2.643;12.142;7.008;718.251;0.2558;0.1252;-0.002;-2.73;-2.388
2645;2.644;8.254;8.291;724.807;0.1576;0.1561;0.0012;-1.515;-5.035
2646;2.645;14.005;8.55;722.174;0.29;0.185;0.0006;-3.606;-11.127
2647;2.646;7.317;11.297;718.53;0.1385;0.2475;0.0059;5.83;5.616
2648;2.647;5.942;11.938;723.496;0.119;0.2288;-0.0018;1.705;-2.455
2649;2.648;11.595;7.661;742.238;0.2371;0.1524;0.0029;0.489;1.799
2650;2.649;7.271;9.428;730.921;0.1365;0.1812;0.0032;7.523;-2.557
2651;2.65;6.246;7.282;722.345;0.1126;0.1486;0.011;-5.782;1.056
2652;2.651;7.568;7.634;726.056;0.1369;0.1613;0.001;-1.893;-7.047
2653;2.652;9.066;4.67;737.411;0.1797;0.1046;0.0097;-2.102;5.997
2654;2.653;7.579;7.665;738.662;0.147;0.1396;0.0074;3.81;-2.869
2655;2.654;12.898;12.733;735.345;0.2611;0.2615;-0.0034;-3.089;-2.79
2656;2.655;6.268;5.43;731.448;0.1159;0.1072;0.0039;-1.633;1.731
2657;2.656;7.599;10.564;737.768;0.1543;0.2052;-0.0019;-3.85;11.064
2658;2.657;5.5;6.395;731.924;0.0999;0.1237;0.0007;0.05;-4.064
2659;2.658;3.133;5.687;744.777;0.065;0.1277;-0.0069;-2.758;1.866
2660;2.659;7.999;12.78;738.468;0.1467;0.2331;0.0029;-4.911;-3.395
2661;2.66;7.311;11.58;740.724;0.1329;0.2355;-0.0046;3.559;-0.291
2662;2.661;9.225;8.897;744.368;0.1918;0.1837;0.0055;5.014;-6.97
2663;2.662;11.629;7.847;735.989;0.2259;0.1355;0.0016;1.954;-0.186
2664;2.663;7.974;7.42;739.943;0.1649;0.1507;0.0071;-7.927;-5.829
2665;2.664;12.446;8.067;733.394;0.2413;0.1519;-0.0074;-9.235;-3.329
2666;2.665;8.309;10.321;753.725;0.1738;0.209;0.01;-2.534;3.043
2667;2.666;9.414;9.064;740.625;0.1761;0.1706;-0.0016;-3.728;-0.741
2668;2.667;9.549;10.652;736.064;0.1887;0.2065;0.007;0.614;-2.774
2669;2.668;13.765;9.869;747.638;0.2845;0.2014;0.0034;-2.667;-2.372
2670;2.669;8.568;7.663;733.776;0.1612;0.1475;-0.0027;1.802;-3.973
2671;2.67;5.855;7.866;740.68;0.0952;0.1515;-0.0033;-5.115;-2.438
2672;2.671;3.601;7.663;735.727;0.0609;0.1525;0.002;2.165;-2.354
2673;2.672;8.891;6.415;734.736;0.1918;0.1235;-0.0019;2.791;-6.491
2674;2.673;12.554;6.727;740.098;0.2484;0.1431;0.0042;-2.872;-2.416
2675;2.674;14.772;7.981;734.684;0.2853;0.1693;-0.0071;-6.676;6.35
2676;2.675;8.553;8.64;720.937;0.1683;0.1637;-0.009;3.015;0.09
2677;2.676;10.175;4.08;730.884;0.1951;0.078;0.0055;1.159;5.708
2678;2.677;16.016;8.657;724.741;0.3175;0.174;-0.0017;0.42;-4.054
2679;2.678;7.618;10.889;731.386;0.1368;0.2217;-0.0046;-7.365;-6.705
2680;2.679;9.118;7.979;732.221;0.1918;0.1492;0.0037;0.682;1.126
2681;2.68;7.486;12.648;732.613;0.1391;0.2488;-0.0006;-2.252;-1.761
2682;2.681;11.267;12.401;746.221;0.2384;0.2286;-0.0037;5.949;1.519
2683;2.682;5.93;9.8;727.572;0.1217;0.1984;0.0008;-4.362;7.637
2684;2.683;6.321;6.256;733.96;0.1278;0.1337;0.0023;-3.556;-2.729
2685;2.684;8.157;12.07;724.581;0.1648;0.2437;0.0078;1.871;1.579
2686;2.685;12.515;5.717;730.399;0.2617;0.1218;-0.0037;-7.458;2.61
2687;2.686;10.106;11.357;723.869;0.203;0.2264;-0.0065;-12.389;-6.982
2688;2.687;10.341;5.04;727.126;0.2125;0.1032;0.0041;-1.093;6.584
2689;2.688;8.069;7.127;716.869;0.1644;0.1404;-0.0062;1.453;2.585
2690;2.689;16.601;7.656;714.72;0.3356;0.1471;0.0057;-1.323;6.09
2691;2.69;12.636;5.755;732.574;0.2484;0.1157;-0.0006;3.022;-3.575
2692;2.691;13.855;7.846;722.097;0.2907;0.1653;-0.0002;0.173;9.647
2693;2.692;7.808;10.096;741.875;0.1687;0.2166;-0.0012;4.209;-8.164
2694;2.693;7.611;6.354;724.034;0.1514;0.1308;-0.0027;0.537;-4.516
2695;2.694;6.621;7.995;715.229;0.1467;0.1544;0.0074;-6.552;1.081
2696;2.695;14.529;9.554;718.79;0.3069;0.1768;-0.0032;3.157;3.521
2697;2.696;5.92;10.732;743.659;0.1028;0.2115;0.0045;5.03;6.745
2698;2.697;16.183;8.44;718.395;0.3263;0.1653;0.0029;-8.744;-4.899
2699;2.698;3.846;7.708;736.614;0.0812;0.1615;-0.0032;-3.655;3.455
2700;2.699;8.592;9.099;712.524;0.166;0.1657;-0.0065;2.617;-8.894
2701;2.7;9.133;6.42;719.636;0.1891;0.1359;0.005;-1.443;7.293
2702;2.701;10.259;8.105;710.893;0.1817;0.1687;-0.0062;5.563;12.384
2703;2.702;13.998;5.414;720.98;0.2791;0.095;-0.0003;-4.043;3.023
2704;2.703;12.386;8.802;723.521;0.2654;0.1939;0.005;6.444;2.56
2705;2.704;9.742;6.043;737.064;0.1851;0.1125;-0.0041;7.822;4.345
2706;2.705;6.958;6.575;737.076;0.1454;0.1275;0.0079;0.382;-2.307
2707;2.706;9.641;11.246;723.221;0.1789;0.2337;0.0032;-8.788;-0.723
2708;2.707;7.864;3.662;712.031;0.1669;0.0753;0.004;1.319;-2.827
2709;2.708;7.017;7.182;720.8;0.1486;0.1285;-0.0096;-3.808;-2.568
2710;2.709;11.996;7.573;717.589;0.2583;0.1572;0.0016;-1.228;3.964
2711;2.71;6.785;8.381;722.605;0.1461;0.1458;-0.009;-1.17;-3.853
2712;2.711;15.778;5.702;717.223;0.3115;0.0942;0.0034;-6.178;-0.088
2713;2.712;10.394;7.607;696.201;0.2146;0.17;0.0003;0.297;9.449
2714;2.713;13.676;4.292;717.212;0.2732;0.099;-0.0055;-2.794;-2.433
2715;2.714;12.998;6.487;707.519;0.262;0.1257;-0.0054;6.507;7.872
2716;2.715;12.163;2.231;713.308;0.2427;0.0435;0.0016;-2.175;0.986
2717;2.716;11.562;5.711;712.992;0.2311;0.1158;0.0043;-1.881;-2.459
2718;2.717;11.968;8.159;713.872;0.2443;0.1601;0.0044;-2.83;-4.474
2719;2.718;12.396;4.882;717.546;0.2396;0.1274;0.0003;-6.633;-0.206
2720;2.719;10.742;5.955;714.053;0.2087;0.093;-0.0032;-1.995;6.827
2721;2.72;14.013;9.732;718.241;0.298;0.1852;-0.0001;-0.62;0.547
2722;2.721;11.439;4.642;727.545;0.2357;0.0701;-0.0038;-3.597;1.291
2723;2.722;9.807;5.08;717.847;0.2003;0.1018;-0.0006;0.584;1.878
2724;2.723;9.431;8.512;727.623;0.1671;0.1904;0.0034;1.592;0.926
2725;2.724;11.272;6.564;727.422;0.2166;0.1333;-0.0073;2.441;-1.963
2726;2.725;11.279;8.887;732.793;0.2077;0.1723;0.002;-2.9;4.548
2727;2.726;15.772;6.278;737.793;0.3199;0.1318;-0.0068;4.222;-7.718
2728;2.727;10.039;4.479;729.912;0.2077;0.1085;0.0047;4.029;-2.316
2729;2.728;11.277;10.086;722.557;0.2288;0.2026;0.0062;-2.323;-2.305
2730;2.729;10.798;8.203;725.601;0.2296;0.1815;0.0018;-2.859;7.868
2731;2.73;12.168;8.051;717.751;0.2461;0.1417;-0.0004;-2.482;-0.994
2732;2.731;14.744;9.34;724.059;0.2949;0.1927;0.0066;-10.315;-4.126
2733;2.732;8.675;4.271;735.657;0.1713;0.1034;-0.0039;3.568;-4.051
2734;2.733;10.802;8.879;741.525;0.2057;0.1862;-0.0071;-1.966;-12.564
2735;2.734;14.042;12.041;736.858;0.2879;0.2512;-0.0003;-6.507;4.03
2736;2.735;8.969;4.955;730.411;0.1861;0.0948;-0.0047;-5.481;-3.771
2737;2.736;9.715;10.014;737.342;0.2062;0.2052;-0.0024;-3.364;-3.383
2738;2.737;9.431;7.299;723.167;0.1859;0.1464;0.0075;-0.565;-8.643
2739;2.738;14.383;9.771;749.993;0.2904;0.2048;0.0015;8.688;-2.42
2740;2.739;10.016;8.54;732.716;0.2117;0.1691;0.0012;2.193;5.267
2741;2.74;11.064;7.078;734.673;0.2245;0.1445;-0.0039;-2.233;0.131
2742;2.741;10.757;13.192;731.491;0.2179;0.2694;0.0004;-0.489;0.816
2743;2.742;11.432;9.388;731.025;0.2398;0.2085;0.0062;-0.866;-5.845
2744;2.743;9.891;6.702;751.586;0.1968;0.1516;0.0041;-11.66;9.33
2745;2.744;8.475;4.166;752.272;0.1546;0.0854;-0.0012;1.341;-8.393
2746;2.745;13.02;5.805;736.48;0.2612;0.1143;0.0023;0.483;-3.147
2747;2.746;10.841;9.32;747.934;0.2311;0.1782;-0.004;-2.656;-6.859
2748;2.747;9.481;10.296;757.216;0.1874;0.216;0.0116;-6.048;-3.119
2749;2.748;11.292;5.372;729.231;0.2342;0.1256;0.0099;-8.415;-3.021
2750;2.749;12.08;5.404;730.058;0.2453;0.0791;-0.0022;0.669;-3.868
2751;2.75;7.304;3.739;753.754;0.14;0.0668;-0.0014;-3.752;14.365
2752;2.751;11.847;7.296;749.473;0.2472;0.1449;-0.0029;12.325;-12.28
2753;2.752;13.635;2.775;761.548;0.2797;0.0708;-0.0047;3.677;-5.996
2754;2.753;15.73;8.67;763.47;0.3004;0.1909;-0.0065;0.603;-5.093
2755;2.754;9.678;6.88;745.574;0.2026;0.1317;-0.0005;-9.749;0.905
2756;2.755;11.548;7.812;753.808;0.2307;0.1507;0.006;-12.424;-2.794
2757;2.756;15.002;6.164;757.712;0.2767;0.1265;0.0045;4.987;-4.406
2758;2.757;13.175;2.089;749.425;0.2567;0.0387;-0.0018;-5.54;2.529
2759;2.758;12.352;6.377;765.038;0.248;0.1345;-0.0028;-1.088;1.398
2760;2.759;15.242;4.524;765.13;0.3084;0.0934;0.0037;0.255;1.036
2761;2.76;10.907;5.64;761.154;0.2231;0.1247;0.0058;4.678;8.053
2762;2.761;8.115;8.21;763.489;0.1625;0.1683;-0.0075;-3.633;-5.709
2763;2.762;11.674;7.995;755.894;0.2234;0.1735;0.0007;-2.707;-13.781
2764;2.763;15.329;4.876;773.875;0.3148;0.0957;0.0016;5.5;4.15
2765;2.764;15.878;3.752;776.307;0.3193;0.0655;0.0008;-1.257;9.959
2766;2.765;13.868;6.253;779.229;0.2707;0.1186;-0.0042;7.83;-8.209
2767;2.766;11.585;3.109;767.611;0.2288;0.0684;-0.0016;-4.159;-2.625
2768;2.767;12.182;4.457;762.844;0.2432;0.063;-0.0033;1.255;5.61
2769;2.768;12.352;6.482;772.214;0.2447;0.1371;0.0102;-0.509;6.073
2770;2.769;9.344;7.34;773.096;0.1646;0.1449;-0.0079;4.31;0.828
2771;2.77;8.519;4.298;772.573;0.166;0.0739;-0.0067;3.565;2.216
2772;2.771;11.157;4.74;750.187;0.224;0.08;0.0137;-1.834;3.118
2773;2.772;7.751;7.225;775.369;0.1449;0.1565;0.0035;3.24;1.624
2774;2.773;14.328;5.772;776.144;0.2911;0.0979;0.0097;1.227;5.937
2775;2.774;16.127;8.556;781.907;0.3231;0.1768;-0.0041;-1.692;0.667
2776;2.775;12.185;2.352;753.426;0.2493;0.0304;-0.0081;3.85;-4.377
2777;2.776;8.941;5.196;784.181;0.1727;0.1033;0.0025;-2.662;3.845
2778;2.777;12.347;4.393;763.877;0.2312;0.0833;-0.0027;-13.049;-5.97
2779;2.778;13.131;2.494;777.481;0.2374;0.0378;-0.0047;4.732;0.307
2780;2.779;10.219;6.736;777.241;0.203;0.1359;0.0075;-0.538;5.994
2781;2.78;10.938;2.158;781.328;0.2123;0.038;0.0037;5.598;-4.017
2782;2.781;10.95;6.505;775.309;0.2035;0.1054;-0.002;-9.008;4.014
2783;2.782;13.557;4.472;778.578;0.269;0.108;0.0005;3.517;-3.394
2784;2.783;7.123;4.793;778.18;0.132;0.0979;-0.0083;2.562;11.852
2785;2.784;15.96;6.11;788.001;0.3212;0.116;0.0079;6.191;-3.276
2786;2.785;12.745;4.137;767.179;0.2508;0.0719;0.0;5.376;-2.036
2787;2.786;10.145;5.892;771.642;0.1967;0.1105;0.0006;-6.289;-2.453
2788;2.787;13.099;4.31;772.251;0.2685;0.0856;0.0016;-2.764;-2.148
2789;2.788;10.893;4.412;783.02;0.2256;0.0766;-0.0031;9.453;7.488
2790;2.789;9.951;3.694;775.252;0.2014;0.0771;-0.0031;6.994;4.016
2791;2.79;14.728;5.375;764.509;0.3014;0.106;0.0002;-1.627;-1.303
2792;2.791;12.623;2.566;760.734;0.2598;0.0445;0.0011;0.065;3.294
2793;2.792;9.088;5.868;768.121;0.1765;0.1134;-0.0011;4.114;6.185
2794;2.793;12.359;6.91;751.533;0.2497;0.1388;-0.0028;4.43;-1.069
2795;2.794;14.74;4.402;772.313;0.286;0.0924;0.0007;4.41;-4.931
2796;2.795;11.2;2.041;771.754;0.2191;0.0466;-0.0011;-2.606;-0.207
2797;2.796;8.857;6.126;772.83;0.1884;0.1282;0.0019;-2.615;0.624
2798;2.797;15.436;1.695;783.387;0.3114;0.0347;-0.0075;2.064;3.495
2799;2.798;7.183;3.708;765.303;0.1432;0.0666;0.0045;3.119;-12.191
2800;2.799;13.159;3.533;768.125;0.282;0.0743;-0.0003;-0.221;3.864
2801;2.8;12.193;4.871;774.98;0.2516;0.1073;0.0043;-4.51;-3.659
2802;2.801;10.162;0.91;762.867;0.2035;0.0379;-0.0056;0.643;7.04
2803;2.802;9.379;0.306;764.169;0.1895;0.0146;-0.0061;-2.476;-1.066
2804;2.803;11.514;-1.188;765.937;0.2414;-0.0401;0.0016;4.6;-0.62
2805;2.804;14.751;0.062;770.2;0.3006;-0.014;-0.0054;0.468;1.8
2806;2.805;11.09;5.468;782.567;0.2113;0.0972;-0.0011;-3.609;-3.495
2807;2.806;8.7;0.508;765.731;0.202;0.0144;-0.0026;1.312;-3.276
2808;2.807;12.782;0.695;760.968;0.2469;0.0079;-0.0066;-0.586;-12.738
2809;2.808;11.667;5.43;762.332;0.2362;0.0974;0.0028;0.811;-1.124
2810;2.809;13.332;1.987;762.748;0.2544;0.0346;-0.0002;4.559;4.639
2811;2.81;14.749;7.126;752.357;0.2928;0.1445;0.0014;-16.733;2.387
2812;2.811;12.983;1.428;770.58;0.2659;0.0075;-0.0045;3.663;0.022
2813;2.812;7.449;8.077;765.542;0.1625;0.1601;0.0039;6.475;7.522
2814;2.813;11.49;1.006;766.68;0.2282;0.0129;-0.0171;13.8;2.237
2815;2.814;14.836;3.177;754.516;0.2961;0.0521;-0.0016;-1.647;6.787
2816;2.815;13.81;-1.911;758.354;0.282;-0.0347;0.0004;1.706;-4.102
2817;2.816;11.253;3.103;756.78;0.2224;0.0728;-0.0022;-5.48;4.372
2818;2.817;9.431;2.508;750.524;0.1601;0.0477;0.003;-0.381;3.477
2819;2.818;13.687;1.655;759.651;0.2886;0.0343;0.0065;-6.13;0.403
2820;2.819;11.75;-0.664;747.405;0.2472;0.0052;-0.0064;-4.14;3.396
2821;2.82;17.213;-1.045;766.431;0.3416;-0.0263;-0.0056;2.218;0.62
2822;2.821;11.492;2.243;757.586;0.2381;0.0437;0.0026;-1.447;0.529
2823;2.822;13.907;-2.287;753.455;0.2653;-0.0475;0.0085;5.224;5.95
2824;2.823;11.597;3.564;765.881;0.231;0.0679;0.0021;-4.055;-7.201
2825;2.824;10.404;-0.024;738.27;0.2117;-0.0121;0.0045;-11.813;4.083
2826;2.825;12.826;2.816;744.267;0.2645;0.0442;-0.0008;9.537;6.431
2827;2.826;9.923;3.344;758.112;0.2035;0.0833;0.0047;2.885;-2.245
2828;2.827;14.641;-2.532;736.572;0.3166;-0.0438;0.0003;-1.897;0.736
2829;2.828;13.45;1.54;755.655;0.2677;0.0252;-0.0011;-6.204;0.194
2830;2.829;12.597;2.656;751.086;0.2519;0.0369;-0.0036;-0.243;1.033
2831;2.83;13.496;6.128;759.393;0.2812;0.1286;0.0058;1.959;5.783
2832;2.831;9.6;-1.048;752.457;0.1874;-0.0177;0.0018;-3.068;5.91
2833;2.832;9.619;0.515;743.111;0.183;0.0016;0.003;9.906;-0.678
2834;2.833;10.193;2.689;753.637;0.1995;0.0552;-0.0027;2.269;-5.845
2835;2.834;15.496;4.865;733.876;0.3064;0.0968;0.0036;9.074;-0.224
2836;2.835;8.359;3.485;739.702;0.1746;0.0826;0.0056;7.416;-2.027
2837;2.836;11.989;0.53;750.655;0.2503;-0.0103;0.0023;0.497;1.272
2838;2.837;13.426;-0.495;741.729;0.2418;0.0102;-0.0023;8.829;-1.102
2839;2.838;9.763;2.229;722.843;0.1912;0.0287;-0.0082;5.646;0.258
2840;2.839;11.575;3.675;751.086;0.2359;0.0589;-0.0011;-2.394;2.485
2841;2.84;10.692;1.559;738.476;0.2092;0.0405;-0.0024;-1.923;-0.308
2842;2.841;14.673;4.733;743.669;0.3058;0.1021;-0.0051;-1.724;-3.418
2843;2.842;11.622;-2.027;754.304;0.2297;-0.0391;0.0019;-1.364;-1.48
2844;2.843;9.065;2.267;742.538;0.1878;0.0744;0.0043;7.638;-7.125
2845;2.844;9.359;2.003;750.599;0.1749;0.0623;0.0017;1.83;4.17
2846;2.845;12.059;2.608;742.016;0.2251;0.0567;-0.0027;5.385;6.841
2847;2.846;7.159;-3.49;728.541;0.1443;-0.0787;-0.006;-3.149;0.841
2848;2.847;6.646;-0.14;748.426;0.1416;0.015;0.0019;-3.997;2.435
2849;2.848;14.718;-2.082;743.322;0.296;-0.047;-0.0033;-4.242;-4.561
2850;2.849;15.079;5.091;749.296;0.288;0.0873;-0.0037;-9.117;-2.702
2851;2.85;11.509;1.54;739.075;0.2331;0.0298;0.0133;0.416;4.835
2852;2.851;13.032;0.175;737.131;0.263;0.0048;0.0042;-3.391;-0.477
2853;2.852;13.219;0.021;748.473;0.2681;-0.0154;0.0021;-2.816;1.945
2854;2.853;9.081;0.155;721.681;0.1676;0.0129;0.0094;-7.756;5.716
2855;2.854;14.406;-0.494;759.49;0.3061;-0.0076;0.0064;0.959;-3.506
2856;2.855;13.396;-5.135;732.518;0.2546;-0.0871;-0.0058;-2.585;3.463
2857;2.856;11.756;-1.953;748.208;0.2303;-0.0597;-0.0047;-16.016;4.372
2858;2.857;12.838;0.866;748.02;0.2558;0.0229;0.0037;0.087;5.377
2859;2.858;11.315;4.033;748.912;0.2216;0.0832;0.0065;1.861;-12.495
2860;2.859;16.592;-2.866;763.673;0.3263;-0.0472;0.0066;-2.151;-8.037
2861;2.86;16.898;-1.812;741.411;0.3371;-0.033;0.0038;3.968;-0.086
2862;2.861;8.721;-4.517;754.576;0.1716;-0.0829;-0.0009;2.559;-5.884
2863;2.862;10.693;-1.495;749.501;0.1902;-0.035;0.0028;-3.281;-5.225
2864;2.863;11.077;-1.811;751.187;0.2341;-0.0423;-0.0053;4.018;0.058
2865;2.864;7.897;1.508;759.605;0.1572;0.036;-0.0079;-4.116;-7.817
2866;2.865;11.144;0.75;747.025;0.2294;0.0231;0.0081;5.935;6.513
2867;2.866;12.909;-0.833;745.221;0.259;-0.0143;-0.0041;-7.324;6.379
2868;2.867;6.819;-2.795;744.81;0.1408;-0.0486;0.0015;4.123;-5.13
2869;2.868;10.628;-1.39;749.754;0.2109;-0.0244;-0.009;-5.262;1.979
2870;2.869;13.221;-1.212;740.542;0.2787;-0.0263;-0.0021;-0.82;0.468
2871;2.87;9.999;-2.321;740.961;0.2167;-0.0461;-0.0018;-1.238;-0.831
2872;2.871;13.677;-2.931;755.659;0.2427;-0.0483;0.0169;1.841;-6.744
2873;2.872;11.868;-3.312;759.314;0.242;-0.0692;-0.0165;6.381;1.441
2874;2.873;15.857;3.415;755.814;0.317;0.0646;0.0056;9.536;0.216
2875;2.874;6.766;-0.284;754.509;0.1475;0.008;-0.0067;-2.64;-7.688
2876;2.875;12.256;0.128;747.942;0.2406;-0.0085;0.006;5.329;7.743
2877;2.876;13.262;-1.754;759.952;0.2557;-0.0437;0.0072;2.012;5.649
2878;2.877;12.104;0.8;758.88;0.2534;0.0399;0.0025;-1.771;-0.861
2879;2.878;12.868;-6.165;772.839;0.2572;-0.1148;0.0021;0.686;7.823
2880;2.879;10.44;-1.659;766.026;0.2038;-0.048;-0.0004;-1.415;-2.047
2881;2.88;16.733;-2.329;754.396;0.3275;-0.0575;0.0038;1.574;-1.376
2882;2.881;15.838;-3.213;754.085;0.3129;-0.0604;-0.0012;2.834;-0.546
2883;2.882;10.901;0.085;762.519;0.2235;0.0178;-0.0001;-4.037;-14.51
2884;2.883;11.414;-1.499;773.012;0.2261;-0.0035;-0.0088;8.289;4.841
2885;2.884;6.741;-0.671;755.211;0.1395;-0.0233;0.0058;-4.138;-3.015
2886;2.885;8.919;-2.382;771.284;0.2116;-0.0473;0.0075;-0.611;3.361
2887;2.886;15.184;-3.298;754.474;0.321;-0.071;-0.0016;-6.467;0.087
2888;2.887;8.919;-4.293;752.5;0.1645;-0.0834;0.0016;-1.561;-6.949
2889;2.888;12.226;-4.261;763.835;0.2417;-0.0707;0.0019;4.561;4.828
2890;2.889;8.771;-2.843;759.326;0.1809;-0.0619;-0.0005;-3.964;1.847
2891;2.89;13.862;-0.806;756.219;0.2721;-0.0232;-0.0019;-3.707;-4.953
2892;2.891;9.812;-2.274;772.879;0.2074;-0.0451;-0.0062;3.597;1.698
2893;2.892;12.053;-4.951;752.995;0.2353;-0.1041;-0.0021;5.924;-1.875
2894;2.893;12.285;-4.475;765.866;0.2604;-0.0897;0.0078;1.482;-3.868
2895;2.894;15.079;-2.048;773.211;0.2988;-0.044;-0.0011;-7.043;4.598
2896;2.895;13.874;-1.933;779.252;0.2751;-0.0119;-0.0019;-2.167;-3.798
2897;2.896;7.04;-4.616;768.465;0.1364;-0.0956;0.0026;2.446;-6.251
2898;2.897;11.43;-3.537;761.811;0.2345;-0.0843;-0.0013;8.279;4.772
2899;2.898;10.246;0.342;775.038;0.2016;0.0012;0.0016;-3.455;6.363
2900;2.899;9.631;0.4;762.66;0.1882;-0.0016;-0.0024;9.854;0.881
2901;2.9;9.746;-8.342;788.784;0.1842;-0.1789;0.0022;1.702;1.85
2902;2.901;10.408;-1.258;767.838;0.1874;-0.0204;0.0056;-8.708;8.959
2903;2.902;10.8;-8.02;780.192;0.2184;-0.1715;0.0045;1.55;0.641
2904;2.903;7.645;-5.749;788.209;0.1443;-0.1252;0.0052;-7.717;-7.524
2905;2.904;10.796;-3.469;777.957;0.209;-0.0707;0.0006;-12.08;0.99
2906;2.905;9.356;-3.037;781.897;0.1915;-0.0539;-0.0025;4.935;-9.696
2907;2.906;11.203;-1.381;764.312;0.2286;-0.0328;-0.0031;-0.153;8.827
2908;2.907;9.343;-5.37;778.666;0.1926;-0.0962;-0.0069;1.667;3.501
2909;2.908;11.655;-3.351;772.284;0.2261;-0.0601;-0.0007;2.396;1.661
2910;2.909;11.529;-3.308;780.011;0.2171;-0.0588;-0.0023;-6.395;-2.625
2911;2.91;10.634;-4.538;759.47;0.2073;-0.0824;-0.0055;2.599;-2.72
2912;2.911;9.223;-5.3;765.166;0.2057;-0.1032;-0.0023;-4.401;8.588
2913;2.912;14.695;-4.121;772.333;0.3038;-0.0765;-0.0032;-3.93;1.189
2914;2.913;14.655;-0.809;775.015;0.2883;-0.0181;-0.0037;2.843;-1.906
2915;2.914;7.272;-1.419;758.812;0.156;-0.049;-0.0035;12.176;8.074
2916;2.915;9.52;-2.662;758.931;0.1919;-0.0498;-0.0057;6.378;-1.741
2917;2.916;7.48;-5.151;761.541;0.1425;-0.1013;-0.0017;-0.497;4.612
2918;2.917;14.644;-2.15;770.128;0.2813;-0.0529;-0.0023;0.209;-6.498
2919;2.918;10.069;-2.075;760.484;0.2019;-0.0362;0.0011;3.061;1.507
2920;2.919;11.266;-4.901;762.736;0.224;-0.0948;-0.0018;-0.409;1.621
2921;2.92;10.242;-4.485;779.692;0.212;-0.0864;-0.0045;-8.664;-5.175
2922;2.921;8.54;-6.564;770.408;0.157;-0.1278;-0.0013;0.751;2.824
2923;2.922;11.352;-3.901;757.782;0.2221;-0.0682;-0.0028;8.291;2.38
2924;2.923;10.702;-5.645;744.256;0.2186;-0.113;-0.0029;0.478;2.641
2925;2.924;12.16;-5.974;780.271;0.2559;-0.1281;-0.0054;-1.528;-5.974
2926;2.925;7.173;-3.49;749.202;0.1523;-0.071;-0.0107;-3.495;2.715
2927;2.926;12.057;-6.522;752.395;0.2428;-0.1154;0.0011;10.159;-0.824
2928;2.927;9.998;-5.908;752.092;0.2069;-0.1053;0.002;-4.381;-0.018
2929;2.928;9.876;-4.75;752.097;0.2126;-0.0929;-0.0023;4.386;-7.664
2930;2.929;13.617;-8.246;757.533;0.2709;-0.1818;-0.0002;-2.111;-1.875
2931;2.93;8.796;-6.856;776.661;0.1914;-0.138;-0.0075;-1.653;2.228
2932;2.931;9.6;-5.612;744.358;0.1982;-0.1206;-0.0011;10.029;-3.219
2933;2.932;9.966;-5.16;749.894;0.2245;-0.0981;0.0021;2.331;-4.475
2934;2.933;10.214;-5.613;742.024;0.2243;-0.1192;-0.0068;-7.011;-6.078
2935;2.934;7.929;-6.334;760.643;0.1623;-0.1207;-0.0061;9.563;-5.558
2936;2.935;9.31;-5.508;749.71;0.171;-0.1148;-0.0004;-4.559;3.311
2937;2.936;11.075;-4.693;752.401;0.2209;-0.1119;0.0041;3.508;-6.955
2938;2.937;11.549;-3.329;744.236;0.2213;-0.0589;-0.0062;-2.22;11.548
2939;2.938;13.205;-5.733;752.527;0.2638;-0.1094;0.002;-0.252;-0.108
2940;2.939;8.657;-7.272;735.392;0.1681;-0.1403;0.0072;-5.789;5.522
2941;2.94;9.635;-6.112;742.469;0.176;-0.1069;-0.005;7.074;5.349
2942;2.941;9.018;-5.652;751.509;0.1899;-0.1129;0.0028;-5.335;-0.691
2943;2.942;10.056;-4.704;736.001;0.2149;-0.0883;-0.0032;2.268;4.571
2944;2.943;3.462;-2.258;730.09;0.069;-0.0498;0.004;-4.999;12.622
2945;2.944;13.07;-5.554;726.142;0.2598;-0.1085;0.009;-1.797;-0.134
2946;2.945;10.641;-7.567;728.309;0.2161;-0.1482;-0.0013;-10.988;0.039
2947;2.946;7.566;-3.07;746.422;0.138;-0.0548;-0.0025;8.593;9.625
2948;2.947;7.049;-0.506;733.171;0.1429;-0.0069;0.001;-2.395;5.38
2949;2.948;7.954;-4.476;718.003;0.1644;-0.0976;0.0089;-3.522;3.675
2950;2.949;5.516;-5.849;721.86;0.1173;-0.1255;-0.006;-1.895;6.056
2951;2.95;11.05;-7.147;727.127;0.2417;-0.1366;-0.0058;6.015;-8.374
2952;2.951;12.137;-2.9;731.863;0.2379;-0.0564;-0.0019;1.941;3.037
2953;2.952;10.622;-6.685;723.237;0.2031;-0.1335;-0.0018;-0.776;-1.057
2954;2.953;13.284;-8.385;713.23;0.2837;-0.1416;-0.0024;7.539;-0.176
2955;2.954;5.584;-6.292;714.943;0.1301;-0.1143;0.0004;2.524;-1.365
2956;2.955;7.802;-3.241;718.911;0.1491;-0.0605;0.0018;3.69;8.231
2957;2.956;9.586;-3.614;709.325;0.202;-0.0781;0.0023;0.512;3.221
2958;2.957;9.008;-6.86;728.677;0.1785;-0.1452;0.001;0.288;11.032
2959;2.958;9.147;-7.819;733.806;0.186;-0.1555;0.0053;-0.319;4.347
2960;2.959;9.299;-3.066;723.39;0.1985;-0.0789;-0.0017;-2.84;1.957
2961;2.96;8.093;-6.851;717.055;0.162;-0.1363;0.0047;9.378;0.348
2962;2.961;7.314;-5.163;705.616;0.1409;-0.1099;-0.004;-3.641;-3.562
2963;2.962;11.229;-7.787;722.51;0.2174;-0.1639;0.0003;-4.51;1.206
2964;2.963;6.082;-7.975;710.01;0.1301;-0.1619;0.0021;2.544;0.722
2965;2.964;7.359;-3.832;703.522;0.17;-0.0749;-0.0026;-0.094;5.565
2966;2.965;9.033;-6.366;725.175;0.166;-0.1355;0.0;-0.042;0.71
2967;2.966;8.039;-7.169;718.254;0.1675;-0.1477;-0.0025;-6.057;-3.036
2968;2.967;6.085;-9.518;719.202;0.1155;-0.1843;-0.0025;8.129;-5.335
2969;2.968;13.829;-7.432;708.851;0.2839;-0.1687;-0.0061;-0.729;-1.666
2970;2.969;14.134;-8.483;708.379;0.2834;-0.1741;0.003;7.952;-9.079
2971;2.97;7.734;-6.004;724.94;0.1362;-0.1367;0.0076;7.958;2.579
2972;2.971;6.205;-9.667;703.932;0.1296;-0.206;0.0112;6.938;7.06
2973;2.972;5.89;-5.886;696.408;0.1218;-0.1284;0.005;-13.88;-6.329
2974;2.973;8.665;-4.348;727.149;0.1733;-0.0713;-0.0022;-2.454;6.052
2975;2.974;10.462;-7.476;721.483;0.2257;-0.1446;0.0017;0.541;3.608
2976;2.975;12.091;-6.412;718.321;0.2492;-0.1357;0.0052;6.047;-1.45
2977;2.976;10.261;-11.293;706.572;0.1845;-0.2224;-0.0063;3.403;-4.258
2978;2.977;0.849;-7.123;708.447;0.0165;-0.1342;0.0044;2.002;3.929
2979;2.978;5.846;-5.572;707.844;0.1338;-0.1154;0.0023;-8.612;-13.914
2980;2.979;7.072;-7.375;710.324;0.1338;-0.1349;0.0021;0.958;-0.018
2981;2.98;9.606;-8.592;710.1;0.1925;-0.1745;-0.0054;0.653;-2.171
2982;2.981;8.409;-9.212;715.602;0.1498;-0.1744;0.0064;-3.501;0.998
2983;2.982;13.105;-6.789;707.491;0.2676;-0.1199;0.0019;-8.897;-2.735
2984;2.983;8.026;-10.251;711.238;0.1685;-0.2143;-0.0055;-8.662;1.5
2985;2.984;9.24;-8.092;710.116;0.2031;-0.1626;-0.0011;3.144;4.929
2986;2.985;9.15;-8.044;716.969;0.2015;-0.1673;0.0014;-1.717;7.748
2987;2.986;8.91;-8.715;708.174;0.1682;-0.1635;0.005;0.762;-0.136
2988;2.987;10.186;-13.013;704.714;0.197;-0.2739;0.0016;-5.551;-4.584
2989;2.988;5.18;-5.866;717.615;0.1023;-0.1262;0.0028;-5.946;0.523
2990;2.989;5.093;-8.465;716.723;0.1068;-0.1811;0.0071;4.562;0.329
2991;2.99;3.163;-7.208;715.441;0.0569;-0.1487;-0.0009;-0.618;-6.061
2992;2.991;8.348;-4.963;722.577;0.169;-0.1059;-0.0021;6.168;0.51
2993;2.992;6.241;-9.191;703.872;0.1384;-0.1734;-0.003;-3.375;3.49
2994;2.993;5.577;-7.281;719.19;0.1155;-0.143;-0.0096;-3.486;-3.16
2995;2.994;7.469;-7.258;715.898;0.1528;-0.1329;0.0065;-1.524;8.48
2996;2.995;8.78;-10.522;704.369;0.1645;-0.2106;0.0018;-3.117;-0.917
2997;2.996;8.202;-2.332;719.406;0.17;-0.0391;0.0026;5.141;0.424
2998;2.997;6.512;-9.083;722.17;0.1285;-0.1798;0.0026;0.313;9.302
2999;2.998;4.415;-6.774;717.327;0.0816;-0.1505;0.0098;7.347;2.416
3000;2.999;6.056;-7.159;723.057;0.1325;-0.1535;0.0023;7.863;-0.277
3001;3.0;8.05;-7.436;720.812;0.1465;-0.1524;-0.0027;3.21;2.855
3002;3.001;9.246;-12.162;712.929;0.201;-0.2503;0.0049;5.077;0.738
3003;3.002;9.712;-9.458;726.481;0.1895;-0.1759;-0.0001;-4.824;8.018
3004;3.003;6.585;-10.659;743.182;0.143;-0.2167;-0.0047;-2.864;-4.805
3005;3.004;8.45;-13.321;704.204;0.1605;-0.2727;-0.0039;0.665;-0.975
3006;3.005;5.348;-10.52;710.66;0.1024;-0.2112;0.0048;-1.338;1.651
3007;3.006;5.38;-6.232;723.808;0.0967;-0.1074;-0.0039;-0.507;-12.647
3008;3.007;5.311;-9.799;716.012;0.1054;-0.2066;-0.0045;-11.816;1.649
3009;3.008;6.205;-4.61;734.818;0.116;-0.0937;0.0016;-1.668;0.343
3010;3.009;7.81;-9.597;720.272;0.1365;-0.1795;-0.0047;-0.92;3.89
3011;3.01;7.812;-9.605;739.041;0.1493;-0.1872;0.0053;3.326;-0.91
3012;3.011;6.917;-7.13;728.41;0.1504;-0.1348;0.0079;-9.636;5.837
3013;3.012;8.774;-5.986;730.813;0.1897;-0.1139;0.0084;1.84;5.033
3014;3.013;9.204;-5.451;724.051;0.1781;-0.1244;0.0033;-2.081;-3.316
3015;3.014;3.99;-11.35;725.532;0.0571;-0.2229;-0.0023;-0.036;-2.57
3016;3.015;1.68;-9.7;734.548;0.0426;-0.1822;0.0131;3.79;7.381
3017;3.016;8.647;-8.06;714.4;0.1589;-0.1723;0.0083;-5.345;-3.996
3018;3.017;5.176;-6.493;732.882;0.0933;-0.1188;0.0132;6.124;5.289
3019;3.018;9.623;-9.889;725.48;0.1905;-0.194;-0.0028;0.074;-2.127
3020;3.019;10.138;-9.361;712.491;0.2004;-0.178;0.0048;-0.457;0.455
3021;3.02;5.424;-11.256;738.871;0.111;-0.2174;0.0045;-0.573;-3.588
3022;3.021;8.936;-5.277;734.976;0.1717;-0.1211;0.0005;-11.705;0.731
3023;3.022;5.012;-5.603;718.739;0.1006;-0.1138;-0.0097;-4.124;9.543
3024;3.023;5.934;-13.746;729.586;0.1229;-0.279;-0.0032;-3.231;6.879
3025;3.024;8.596;-7.828;737.435;0.163;-0.1495;-0.004;5.946;-10.201
3026;3.025;1.12;-9.322;722.735;0.0186;-0.1915;0.0001;-6.837;2.899
3027;3.026;7.354;-8.503;724.073;0.1518;-0.1497;0.0062;-3.109;0.348
3028;3.027;4.326;-11.488;724.556;0.0651;-0.2193;0.0119;6.769;-4.024
3029;3.028;5.861;-8.483;726.831;0.1401;-0.1817;-0.0022;-4.123;-4.005
3030;3.029;7.063;-5.233;725.777;0.1453;-0.123;-0.0031;-3.587;-6.437
3031;3.03;3.646;-11.369;724.267;0.0765;-0.2341;-0.0052;5.575;6.461
3032;3.031;5.363;-8.725;728.083;0.1288;-0.1725;-0.0026;0.972;-9.712
3033;3.032;2.104;-6.315;723.325;0.0322;-0.1221;0.0004;2.771;6.657
3034;3.033;6.217;-9.817;733.66;0.1134;-0.2;-0.0065;-1.273;3.977
3035;3.034;5.984;-8.394;730.244;0.1209;-0.1743;-0.004;-3.704;-5.06
3036;3.035;2.327;-10.381;749.078;0.058;-0.2089;-0.0027;-4.532;-6.16
3037;3.036;10.992;-4.786;717.821;0.2085;-0.0808;0.0048;5.432;-0.255
3038;3.037;4.513;-6.362;712.323;0.0832;-0.1315;0.0066;-6.026;-3.496
3039;3.038;6.949;-11.054;724.338;0.1381;-0.24;0.0045;0.657;5.284
3040;3.039;3.738;-7.357;738.346;0.0685;-0.1419;-0.0023;6.3;1.586
3041;3.04;6.876;-9.836;728.681;0.1464;-0.1854;0.0013;-6.225;-4.566
3042;3.041;8.093;-9.734;715.839;0.1603;-0.1886;-0.0109;-1.338;-1.438
3043;3.042;0.383;-10.923;736.937;0.0105;-0.2115;-0.0039;-0.631;-1.836
3044;3.043;4.356;-8.523;721.633;0.0778;-0.1692;0.0075;-2.378;2.718
3045;3.044;6.968;-8.686;721.89;0.1529;-0.1751;0.002;-2.302;10.733
3046;3.045;2.254;-8.317;718.41;0.0548;-0.1625;-0.0039;3.014;-0.244
3047;3.046;5.417;-11.079;718.522;0.1015;-0.2246;0.0014;0.511;-1.519
3048;3.047;3.742;-10.856;716.83;0.0564;-0.2201;0.0077;7.029;-7.868
3049;3.048;4.384;-5.536;711.528;0.0765;-0.1086;0.002;-10.311;3.611
3050;3.049;6.087;-7.705;705.952;0.1273;-0.1423;-0.0049;-5.242;1.408
3051;3.05;1.645;-9.03;692.492;0.0346;-0.1823;0.0066;2.677;10.122
3052;3.051;5.244;-8.115;726.994;0.103;-0.166;0.0082;-19.754;0.334
3053;3.052;4.316;-8.269;714.907;0.0815;-0.1531;0.0021;2.018;-11.316
3054;3.053;5.803;-6.764;714.691;0.1227;-0.1221;0.0027;1.494;5.635
3055;3.054;0.309;-6.793;713.185;0.007;-0.1391;0.0007;-8.626;-1.569
3056;3.055;1.862;-10.07;704.149;0.0372;-0.2061;0.0019;-3.844;0.012
3057;3.056;3.535;-12.944;712.478;0.0671;-0.2571;-0.0013;-1.835;-2.014
3058;3.057;3.512;-10.578;700.149;0.0631;-0.2033;0.0075;3.701;-0.174
3059;3.058;5.341;-6.723;696.918;0.0938;-0.1249;-0.0002;3.773;5.973
3060;3.059;4.567;-9.096;705.64;0.0896;-0.1832;-0.0032;-6.705;0.752
3061;3.06;7.09;-7.745;699.75;0.1412;-0.1557;-0.0089;-3.086;-3.653
3062;3.061;1.499;-8.732;701.475;0.0394;-0.182;0.004;-7.943;8.227
3063;3.062;4.492;-10.122;701.831;0.0806;-0.1854;-0.0025;2.647;-4.724
3064;3.063;4.036;-8.813;700.932;0.0722;-0.181;0.0088;-3.362;5.71
3065;3.064;-0.317;-7.529;707.857;-0.0073;-0.1598;-0.002;-11.32;9.143
3066;3.065;5.288;-10.954;694.23;0.0905;-0.2034;0.0022;1.491;5.321
3067;3.066;4.69;-10.822;698.272;0.1033;-0.236;0.0102;-2.89;3.836
3068;3.067;9.348;-7.736;699.327;0.1865;-0.1551;-0.0056;2.548;6.057
3069;3.068;-0.864;-13.461;708.072;-0.0021;-0.2712;-0.002;-3.797;3.669
3070;3.069;2.317;-9.562;681.541;0.0539;-0.1845;0.0019;-2.47;0.895
3071;3.07;4.36;-12.912;691.251;0.0973;-0.2629;0.0044;0.826;-2.935
3072;3.071;4.232;-6.95;677.715;0.081;-0.1319;-0.0059;3.668;-1.605
3073;3.072;-0.264;-10.833;692.482;-0.0063;-0.2159;-0.01;-10.331;0.449
3074;3.073;3.705;-8.534;679.661;0.0872;-0.1666;0.0006;1.535;-2.554
3075;3.074;5.452;-6.404;693.926;0.1344;-0.1324;-0.0075;7.192;-4.692
3076;3.075;0.477;-7.021;675.322;0.0179;-0.1444;-0.0018;0.191;-0.934
3077;3.076;2.198;-9.4;676.932;0.0223;-0.1884;0.0049;5.977;6.303
3078;3.077;2.135;-10.215;696.269;0.0414;-0.199;0.0018;0.676;8.019
3079;3.078;1.65;-6.079;682.222;0.0362;-0.1219;0.0058;0.287;-3.778
3080;3.079;0.916;-6.029;682.289;0.0237;-0.1073;0.0008;-0.193;-4.897
3081;3.08;3.815;-9.987;692.153;0.084;-0.2182;-0.0091;5.986;-9.845
3082;3.081;1.991;-7.897;684.076;0.0186;-0.1578;-0.0034;1.13;-9.701
3083;3.082;7.542;-6.609;683.964;0.156;-0.1339;-0.007;6.86;-2.184
3084;3.083;-0.183;-2.147;684.963;-0.0077;-0.0416;-0.0068;-0.202;7.791
3085;3.084;-1.484;-5.857;675.461;-0.0306;-0.1243;-0.0028;-3.955;-0.76
3086;3.085;5.107;-7.907;681.478;0.0922;-0.1607;-0.0061;-5.171;0.576
3087;3.086;5.236;-5.947;649.107;0.1065;-0.1245;0.0008;5.354;7.229
3088;3.087;3.022;-7.146;674.097;0.06;-0.1464;-0.0002;-2.131;-1.676
3089;3.088;3.977;-5.918;662.914;0.0676;-0.1355;0.0074;-0.51;-3.548
3090;3.089;0.486;-7.769;661.121;0.0003;-0.1584;-0.0036;-2.506;-4.136
3091;3.09;3.102;-11.288;671.664;0.0622;-0.2216;-0.009;9.032;1.255
3092;3.091;4.442;-7.687;659.318;0.0904;-0.1458;-0.0008;4.638;-3.797
3093;3.092;2.892;-9.361;663.0;0.0666;-0.191;0.0087;-2.746;9.016
3094;3.093;3.96;-7.749;668.794;0.0683;-0.157;0.0051;-5.976;0.063
3095;3.094;2.323;-10.876;661.995;0.0574;-0.2343;0.0048;5.029;-1.634
3096;3.095;0.799;-10.207;659.126;0.033;-0.1963;0.0034;-1.587;-3.143
3097;3.096;-2.055;-6.023;653.022;-0.027;-0.1234;-0.0084;-0.104;5.592
3098;3.097;-0.147;-5.649;671.236;0.0037;-0.1268;-0.0001;-12.161;8.066
3099;3.098;2.502;-8.556;671.812;0.0532;-0.1759;0.0016;-2.213;-1.234
3100;3.099;-2.496;-8.861;667.295;-0.0481;-0.1815;0.0037;6.062;-5.772
3101;3.1;6.004;-8.715;677.243;0.1175;-0.1788;0.0013;-0.053;-5.639
3102;3.101;1.091;-11.816;671.601;0.019;-0.2324;-0.0017;-0.193;2.313
3103;3.102;0.318;-9.276;673.082;0.0055;-0.1944;-0.0028;-2.328;-5.427
3104;3.103;7.189;-8.234;673.709;0.1489;-0.1583;-0.0034;-0.574;-3.599
3105;3.104;1.014;-8.444;677.352;0.026;-0.1588;0.0081;2.297;1.158
3106;3.105;-0.655;-12.922;677.229;-0.0146;-0.2611;0.0016;5.874;1.104
3107;3.106;4.598;-8.497;667.876;0.1084;-0.1707;0.0025;10.448;-3.855
3108;3.107;-2.063;-9.756;673.914;-0.0495;-0.2115;0.0014;-2.783;-1.559
3109;3.108;-1.364;-6.812;670.157;-0.0143;-0.1394;0.0013;2.75;-8.366
3110;3.109;0.878;-6.628;681.048;0.0192;-0.1243;-0.0;-3.246;-1.76
3111;3.11;-1.659;-5.578;672.325;-0.0168;-0.1146;0.0038;1.53;-0.148
3112;3.111;2.743;-14.004;670.157;0.0387;-0.2808;0.0068;-1.407;-4.925
3113;3.112;-1.65;-5.546;679.119;-0.0363;-0.0946;-0.0021;-2.341;3.9
3114;3.113;4.039;-10.55;685.493;0.0855;-0.2238;0.0012;-2.567;-3.281
3115;3.114;-3.448;-6.695;687.544;-0.0432;-0.1511;0.0029;3.816;0.086
3116;3.115;-0.163;-11.953;692.894;-0.0163;-0.2243;0.0016;0.028;2.299
3117;3.116;0.123;-7.908;656.376;0.0051;-0.162;0.0021;0.867;7.036
3118;3.117;0.645;-7.342;674.272;0.0279;-0.1584;0.0065;-10.864;-6.205
3119;3.118;3.42;-7.092;671.683;0.0682;-0.1386;-0.0027;-0.226;0.287
3120;3.119;-3.225;-7.604;682.663;-0.0561;-0.1509;-0.0024;-3.689;5.807
3121;3.12;-2.227;-6.528;676.539;-0.0533;-0.128;0.0077;6.303;-0.178
3122;3.121;0.918;-10.875;695.283;0.0156;-0.2214;-0.0051;6.943;-1.819
3123;3.122;0.637;-8.424;682.08;-0.0041;-0.1852;-0.003;8.4;-8.021
3124;3.123;-3.878;-9.414;673.586;-0.069;-0.1824;0.0046;1.704;-3.873
3125;3.124;4.249;-8.162;675.329;0.0759;-0.1649;0.0051;-2.088;-1.443
3126;3.125;-3.095;-9.904;685.748;-0.0549;-0.1947;0.0035;-0.422;4.033
3127;3.126;-2.028;-7.89;672.669;-0.0314;-0.1528;-0.0011;-0.667;4.722
3128;3.127;1.051;-6.176;672.694;0.0403;-0.13;-0.0004;-0.166;5.594
3129;3.128;0.054;-6.776;685.315;-0.0034;-0.1434;-0.0012;1.753;4.475
3130;3.129;-0.849;-12.365;690.384;-0.0119;-0.2352;0.0001;-4.853;-5.942
3131;3.13;0.01;-7.949;685.156;0.0028;-0.1593;-0.0033;3.591;8.11
3132;3.131;-0.878;-8.601;698.208;-0.0268;-0.1619;-0.0013;-3.504;-3.921
3133;3.132;-0.302;-8.824;698.719;-0.0227;-0.1832;0.0024;-1.012;-2.708
3134;3.133;0.665;-4.665;680.562;0.0304;-0.0769;0.0017;0.147;-3.641
3135;3.134;-1.185;-7.863;699.915;-0.0176;-0.1455;0.0033;-5.205;2.618
3136;3.135;-0.534;-6.489;710.315;-0.0089;-0.1302;0.0059;3.357;-3.949
3137;3.136;-1.386;-12.426;686.56;-0.0333;-0.2488;0.0089;1.479;-0.679
3138;3.137;-5.626;-9.981;673.858;-0.1205;-0.194;-0.0047;1.256;-11.791
3139;3.138;0.205;-4.838;692.135;-0.0086;-0.111;0.0042;-6.209;0.55
3140;3.139;6.785;-9.061;699.061;0.1339;-0.1696;0.007;-1.28;6.294
3141;3.14;-0.049;-7.494;702.81;0.0251;-0.1541;-0.0164;-0.14;-1.058
3142;3.141;2.934;-6.32;691.397;0.0705;-0.1428;0.002;5.687;4.827
3143;3.142;-4.218;-7.013;712.672;-0.0749;-0.1432;-0.0079;-12.575;2.397
3144;3.143;4.458;-6.635;701.38;0.0999;-0.135;-0.0021;-5.801;1.904
3145;3.144;-2.015;-9.187;699.445;-0.0429;-0.191;-0.0069;-0.73;4.605
3146;3.145;0.759;-3.922;701.674;0.0304;-0.076;0.0019;0.633;0.593
3147;3.146;0.774;-2.635;699.504;0.0226;-0.0604;0.0028;0.849;-5.066
3148;3.147;-0.533;-7.593;699.192;-0.0005;-0.1658;0.0048;4.715;0.166
3149;3.148;0.31;-6.247;693.039;0.0095;-0.1384;0.004;6.696;4.046
3150;3.149;-2.282;-8.252;704.122;-0.0512;-0.1527;0.0028;-5.145;-3.374
3151;3.15;-3.534;-6.956;689.079;-0.0674;-0.1293;0.0091;2.583;0.089
3152;3.151;3.041;-8.188;702.452;0.0603;-0.1584;-0.0043;0.977;2.812
3153;3.152;-2.151;-9.012;697.049;-0.0465;-0.1914;-0.0009;7.237;-0.617
3154;3.153;1.734;-9.69;701.284;0.0133;-0.1927;-0.0091;6.663;-1.185
3155;3.154;-0.551;-5.575;687.855;-0.0091;-0.1246;0.0025;8.673;-5.135
3156;3.155;-4.809;-5.326;707.19;-0.1078;-0.1138;-0.0065;-2.61;1.408
3157;3.156;-0.287;-6.802;695.496;-0.0165;-0.1381;-0.0114;-1.72;5.085
3158;3.157;-2.814;-9.232;704.767;-0.0642;-0.1768;-0.007;4.191;0.402
3159;3.158;-2.967;-7.494;703.038;-0.0523;-0.1505;0.0104;-2.887;-5.34
3160;3.159;1.549;-5.79;680.165;0.0276;-0.1058;0.0011;5.559;0.724
3161;3.16;-2.664;-6.454;680.854;-0.0576;-0.1237;-0.0002;-0.329;-6.474
3162;3.161;-1.879;-5.519;713.193;-0.0464;-0.1299;-0.0042;5.169;3.315
3163;3.162;-4.059;-6.307;707.149;-0.0778;-0.1443;-0.0023;2.147;-6.286
3164;3.163;-3.825;-7.326;709.534;-0.084;-0.1336;-0.0057;-6.68;5.671
3165;3.164;-1.403;-7.313;706.703;-0.0431;-0.1378;0.0015;-7.651;6.452
3166;3.165;-0.469;-5.032;706.326;-0.0205;-0.0945;0.0049;0.561;-0.674
3167;3.166;-0.052;-7.868;696.251;-0.022;-0.152;0.007;-2.253;3.184
3168;3.167;-0.554;-3.049;708.228;-0.0154;-0.0589;0.0078;11.288;-3.426
3169;3.168;0.138;-5.845;715.315;-0.0112;-0.1267;-0.0001;-0.259;-6.453
3170;3.169;-7.036;-6.764;702.255;-0.1582;-0.1369;0.0006;-5.636;-8.511
3171;3.17;-4.749;-7.068;686.787;-0.0838;-0.1417;-0.0062;1.084;0.667
3172;3.171;0.166;-4.62;686.923;0.019;-0.094;0.0057;0.062;1.858
3173;3.172;-3.453;-6.195;676.455;-0.0802;-0.1199;0.0031;2.743;1.174
3174;3.173;-7.233;-8.31;697.907;-0.1633;-0.1566;0.0034;10.181;-7.254
3175;3.174;2.335;-4.334;690.641;0.0364;-0.094;-0.0092;-0.579;3.752
3176;3.175;-1.539;-6.319;689.861;-0.037;-0.1126;0.0084;4.099;-4.369
3177;3.176;0.281;-4.344;689.498;-0.0026;-0.0875;0.002;-3.825;-0.718
3178;3.177;-2.521;-2.26;682.177;-0.056;-0.0654;0.0016;2.287;-4.176
3179;3.178;-5.028;-7.938;691.559;-0.0985;-0.1666;0.0011;1.048;5.237
3180;3.179;-3.513;-10.067;693.191;-0.0705;-0.2167;-0.0005;0.842;-0.548
3181;3.18;-4.266;-7.465;688.118;-0.088;-0.1372;0.0022;8.964;7.509
3182;3.181;-3.179;-3.558;684.712;-0.0739;-0.0744;0.0103;-4.755;2.556
3183;3.182;0.076;-9.968;696.051;-0.0021;-0.2185;0.0029;-0.333;4.0
3184;3.183;-3.392;-6.698;675.899;-0.0678;-0.12;-0.0098;6.835;3.798
3185;3.184;-5.644;-5.344;677.462;-0.1186;-0.0993;-0.0169;-1.173;0.386
3186;3.185;-6.262;-1.769;691.497;-0.1184;-0.0487;0.0043;4.053;-3.685
3187;3.186;-4.729;-3.275;680.413;-0.0959;-0.0707;0.0026;5.247;4.646
3188;3.187;-3.039;-6.267;683.063;-0.0707;-0.1203;-0.0039;0.74;4.901
3189;3.188;-3.967;-4.586;666.348;-0.0735;-0.0935;0.0028;1.239;-4.9
3190;3.189;-8.111;-5.037;676.034;-0.1822;-0.0926;0.0011;1.104;-7.119
3191;3.19;-3.092;-4.619;679.019;-0.0742;-0.0757;0.0074;-3.545;8.36
3192;3.191;-9.08;-6.602;671.978;-0.1978;-0.1266;-0.0055;8.383;-1.513
3193;3.192;-4.043;-7.272;675.141;-0.0808;-0.1467;0.0024;-3.523;-9.757
3194;3.193;-4.593;-3.907;682.915;-0.0991;-0.0763;0.0011;9.008;-4.372
3195;3.194;-5.43;-6.493;654.252;-0.1208;-0.1305;0.0106;-4.408;-3.665
3196;3.195;-5.722;-1.763;685.679;-0.1204;-0.0408;-0.0065;1.634;0.519
3197;3.196;-6.803;-6.188;679.286;-0.1202;-0.1236;-0.0076;8.234;-9.702
3198;3.197;-7.355;-3.384;670.955;-0.1351;-0.0681;-0.0014;-14.612;0.026
3199;3.198;0.516;-3.224;669.996;-0.0094;-0.0713;0.0048;-3.259;-0.107
3200;3.199;-5.07;-4.823;666.393;-0.1037;-0.0844;-0.0034;-3.34;12.457
3201;3.2;-4.379;-4.603;661.718;-0.0696;-0.0883;0.0007;-0.116;3.386
3202;3.201;-7.55;-5.227;669.16;-0.1408;-0.1086;0.0013;-3.293;9.989
3203;3.202;-7.746;-4.987;661.894;-0.1581;-0.0875;0.0027;0.299;-0.945
3204;3.203;-7.013;-3.785;671.278;-0.1387;-0.0704;-0.0043;-0.02;-3.487
3205;3.204;-5.464;-7.084;658.067;-0.1058;-0.1299;0.0069;3.417;-2.18
3206;3.205;-5.084;-7.566;673.404;-0.1044;-0.1714;0.0122;5.719;-1.303
3207;3.206;-4.842;-4.605;670.015;-0.1213;-0.1016;-0.0049;2.801;-2.733
3208;3.207;-3.696;-4.104;656.846;-0.0919;-0.0908;0.0014;0.956;-2.495
3209;3.208;-4.642;-2.505;663.36;-0.0914;-0.0491;0.0078;1.308;2.483
3210;3.209;-6.863;-4.774;643.508;-0.1229;-0.0854;-0.008;7.651;8.166
3211;3.21;-4.647;-1.1;673.876;-0.0978;-0.0175;0.0048;2.699;3.416
3212;3.211;-6.361;-4.596;660.777;-0.1292;-0.0992;0.0073;-0.016;-11.463
3213;3.212;-2.499;-6.364;668.811;-0.051;-0.1155;-0.0008;-1.746;-3.591
3214;3.213;-6.986;-5.487;650.356;-0.1541;-0.1135;-0.001;-1.236;-14.645
3215;3.214;-4.911;-5.302;667.909;-0.0948;-0.118;0.0018;0.743;0.993
3216;3.215;-5.795;-5.873;669.306;-0.1133;-0.121;0.0007;-1.947;-0.556
3217;3.216;-8.339;-4.882;678.462;-0.1892;-0.1079;0.005;-0.339;5.342
3218;3.217;-5.431;-3.837;658.824;-0.1075;-0.1003;0.0039;-0.668;-8.005
3219;3.218;-7.57;-4.38;665.288;-0.1247;-0.0819;0.0025;6.535;-1.248
3220;3.219;-7.229;-3.001;654.838;-0.1488;-0.043;0.0027;3.275;1.88
3221;3.22;-2.416;0.226;656.94;-0.0435;0.0052;-0.0005;-1.439;-2.851
3222;3.221;-4.781;-3.762;664.734;-0.1067;-0.0857;0.0031;-8.728;6.453
3223;3.222;-2.316;-5.401;670.191;-0.036;-0.0984;0.0026;-2.67;1.356
3224;3.223;-1.536;-4.524;660.268;-0.0229;-0.1083;-0.0096;-0.898;-4.567
3225;3.224;-6.683;-1.619;683.63;-0.1421;-0.0503;-0.0013;4.586;-2.219
3226;3.225;-4.307;-6.626;673.358;-0.0927;-0.1424;-0.0019;-3.051;-0.133
3227;3.226;-7.205;-1.965;658.087;-0.1509;-0.0506;-0.0002;0.68;2.624
3228;3.227;-9.411;-2.619;665.069;-0.1965;-0.0689;-0.0031;9.146;-0.172
3229;3.228;-8.02;-6.443;674.764;-0.1526;-0.1387;0.0046;-0.291;2.931
3230;3.229;-10.146;-1.476;667.166;-0.1958;-0.032;0.0022;-2.907;1.245
3231;3.23;-2.792;-0.189;683.717;-0.0477;0.0034;0.0092;4.064;1.47
3232;3.231;-6.931;-1.632;684.075;-0.1348;-0.0411;-0.0022;-1.862;-0.097
3233;3.232;-5.53;2.671;681.397;-0.1151;0.0514;0.0025;-8.368;2.407
3234;3.233;-3.084;-4.357;674.695;-0.0559;-0.0808;-0.0047;0.73;-8.37
3235;3.234;-3.621;-1.529;676.057;-0.0678;-0.0336;0.0035;1.727;2.12
3236;3.235;-5.736;-3.584;682.241;-0.1124;-0.0669;-0.0016;-6.968;2.193
3237;3.236;-3.932;-3.031;685.065;-0.0864;-0.0677;0.0104;10.17;4.467
3238;3.237;-9.423;0.652;670.464;-0.2074;0.0153;-0.0014;-4.582;9.306
3239;3.238;-11.578;1.648;672.94;-0.2168;0.0377;0.0022;10.456;-2.537
3240;3.239;-11.008;-5.379;668.982;-0.235;-0.1184;-0.0046;-5.621;1.821
3241;3.24;-7.94;-3.292;677.296;-0.1691;-0.0483;0.0018;-7.661;3.598
3242;3.241;-5.651;-4.432;676.008;-0.1052;-0.098;-0.0027;0.718;10.391
3243;3.242;-6.291;-3.66;681.946;-0.1227;-0.0578;0.0007;-1.338;5.963
3244;3.243;-4.409;-1.621;689.892;-0.1001;-0.0469;-0.0021;5.592;1.228
3245;3.244;-5.195;-0.506;680.099;-0.0965;-0.0093;-0.0034;-2.138;2.417
3246;3.245;-5.207;1.913;688.863;-0.0931;0.0333;0.0008;-1.521;-0.534
3247;3.246;-8.914;0.042;687.551;-0.1836;0.0027;0.0125;-3.264;2.558
3248;3.247;-10.937;-2.768;696.429;-0.2153;-0.0488;-0.0057;3.862;4.039
3249;3.248;-9.95;-0.649;685.098;-0.1918;-0.0176;0.0005;-7.029;-1.029
3250;3.249;-10.622;-1.657;679.421;-0.2069;-0.026;0.0048;4.103;4.313
3251;3.25;-3.81;-2.051;689.426;-0.0778;-0.0339;0.0;1.907;1.624
3252;3.251;-7.421;-2.771;675.25;-0.1695;-0.0424;0.0019;-2.892;-4.519
3253;3.252;-7.546;0.555;692.013;-0.1631;0.0323;-0.0034;-3.005;-2.975
3254;3.253;-10.122;1.958;688.24;-0.2083;0.0167;0.0057;1.767;-9.599
3255;3.254;-10.639;-2.679;699.534;-0.2014;-0.0598;0.0018;4.872;-2.68
3256;3.255;-9.572;-1.734;705.166;-0.1909;-0.0311;-0.0029;-2.395;1.957
3257;3.256;-6.496;1.419;701.031;-0.1167;0.0296;-0.0111;3.71;6.836
3258;3.257;-7.623;-1.225;700.908;-0.1469;-0.0343;0.006;1.435;2.859
3259;3.258;-4.07;0.25;695.609;-0.1035;0.016;-0.0025;3.37;-1.78
3260;3.259;-5.637;1.161;711.056;-0.1254;0.0367;-0.0017;1.252;2.158
3261;3.26;-8.119;-0.272;705.237;-0.1638;-0.0056;0.0009;3.665;5.177
3262;3.261;-9.976;-4.336;704.816;-0.1933;-0.0978;0.0104;-0.065;-7.929
3263;3.262;-6.568;-2.221;707.886;-0.1383;-0.0514;0.0032;1.246;-1.067
3264;3.263;-8.628;2.289;706.128;-0.1756;0.0548;-0.0031;9.967;-2.867
3265;3.264;-12.577;-1.034;697.825;-0.2427;-0.023;-0.0038;-3.598;-4.833
3266;3.265;-7.144;-1.813;708.882;-0.1205;-0.0411;0.0023;3.886;-3.505
3267;3.266;-9.203;2.934;717.942;-0.1847;0.0595;-0.0028;1.86;4.078
3268;3.267;-3.997;-1.231;716.158;-0.0807;-0.0124;0.0033;8.519;-6.612
3269;3.268;-10.366;-3.386;698.028;-0.2079;-0.0802;0.0006;2.999;0.789
3270;3.269;-8.818;0.957;711.087;-0.1865;0.0273;-0.0068;-2.776;-4.296
3271;3.27;-5.674;0.382;709.42;-0.096;-0.0042;-0.0029;-6.245;-2.532
3272;3.271;-7.817;2.779;705.583;-0.1821;0.0758;-0.0071;2.4;-1.802
3273;3.272;-7.506;1.256;725.107;-0.1499;0.0246;-0.0052;7.0;1.522
3274;3.273;-8.379;-0.573;707.395;-0.1779;-0.0109;-0.0007;-8.528;-2.673
3275;3.274;-5.64;2.629;716.165;-0.1112;0.0515;-0.0101;2.662;-0.399
3276;3.275;-10.345;0.616;730.993;-0.1954;0.0089;-0.0017;-1.841;-0.614
3277;3.276;-6.004;1.051;711.483;-0.1317;0.0158;0.004;-0.491;-0.045
3278;3.277;-7.583;-1.238;737.921;-0.1522;-0.0171;0.005;5.134;3.156
3279;3.278;-8.887;-0.341;706.615;-0.1839;-0.0067;-0.0109;5.763;-1.55
3280;3.279;-12.411;1.059;709.072;-0.2559;0.0281;-0.0006;2.201;6.759
3281;3.28;-4.872;-2.242;731.261;-0.1031;-0.0503;0.0006;3.553;1.367
3282;3.281;-8.572;6.964;722.332;-0.1736;0.1317;-0.0003;2.589;9.421
3283;3.282;-6.887;5.31;719.045;-0.1363;0.0984;-0.0023;1.872;-3.102
3284;3.283;-5.92;3.671;727.614;-0.1123;0.0851;0.0005;2.42;4.299
3285;3.284;-4.874;1.945;713.644;-0.1016;0.0274;0.0024;4.527;3.781
3286;3.285;-5.007;-1.976;724.164;-0.0875;-0.026;-0.0021;4.447;-1.401
3287;3.286;-10.16;0.685;721.434;-0.2178;0.014;-0.0;0.548;-6.865
3288;3.287;-9.346;-3.311;721.753;-0.1909;-0.0629;-0.0075;-7.336;3.679
3289;3.288;-11.785;2.184;718.801;-0.2219;0.0594;0.0067;-3.153;0.422
3290;3.289;-11.802;0.658;724.796;-0.2509;0.0132;-0.0001;-3.529;-3.56
3291;3.29;-7.754;1.718;710.458;-0.175;0.0541;0.0117;-3.666;-0.625
3292;3.291;-8.108;1.932;727.526;-0.1947;0.0458;0.0026;-0.201;4.007
3293;3.292;-3.966;0.281;722.963;-0.0799;0.0156;-0.0022;-5.536;-2.208
3294;3.293;-7.575;1.71;721.083;-0.1685;0.0349;-0.0017;-0.427;5.396
3295;3.294;-10.417;-1.856;717.514;-0.2057;-0.0122;-0.0018;-1.957;-7.681
3296;3.295;-5.135;0.272;720.484;-0.1121;0.009;0.0045;4.933;0.748
3297;3.296;-6.551;0.441;727.482;-0.1289;0.0149;-0.0013;5.805;6.324
3298;3.297;-8.934;5.576;728.419;-0.1876;0.1105;-0.0013;-1.511;8.695
3299;3.298;-10.559;4.189;716.683;-0.2076;0.0952;0.0006;-6.917;2.155
3300;3.299;-5.875;2.161;717.911;-0.1084;0.0607;-0.0054;-0.572;-4.57
3301;3.3;-8.01;0.701;730.094;-0.1636;0.0025;0.0026;1.931;8.11
3302;3.301;-9.852;3.869;715.667;-0.2091;0.0778;0.0024;-4.539;-0.962
3303;3.302;-18.397;3.306;719.201;-0.3673;0.0737;-0.0135;-3.827;-0.974
3304;3.303;-8.105;5.462;721.79;-0.1631;0.1108;0.0005;-3.977;-1.263
3305;3.304;-11.38;1.376;696.947;-0.2354;0.0321;-0.0062;4.372;0.428
3306;3.305;-7.461;-0.132;710.847;-0.1512;0.0042;0.0066;-11.368;-6.671
3307;3.306;-13.041;0.918;730.009;-0.2567;0.0211;-0.0125;-1.001;-4.276
3308;3.307;-9.772;3.901;715.265;-0.1998;0.0793;-0.01;0.688;-0.27
3309;3.308;-11.287;2.489;711.573;-0.2198;0.0661;-0.0018;-8.148;4.344
3310;3.309;-7.684;2.17;718.531;-0.1631;0.0459;-0.0006;-2.968;-10.081
3311;3.31;-6.312;4.631;717.4;-0.114;0.1041;0.003;2.883;3.074
3312;3.311;-11.806;0.449;703.961;-0.2364;0.01;0.0018;2.845;-3.22
3313;3.312;-7.592;6.007;707.288;-0.1624;0.1114;0.0009;-2.981;5.168
3314;3.313;-11.858;2.685;717.939;-0.2388;0.0456;-0.0114;-4.21;-4.042
3315;3.314;-11.421;4.461;705.973;-0.2318;0.086;-0.0031;3.936;-0.481
3316;3.315;-8.464;2.535;719.763;-0.1881;0.0551;0.0022;-1.331;3.601
3317;3.316;-8.374;-2.13;689.2;-0.1746;-0.0149;-0.0091;4.488;4.469
3318;3.317;-10.134;1.231;712.509;-0.2007;0.0266;0.0041;-5.027;2.966
3319;3.318;-8.924;3.353;724.327;-0.1855;0.0464;0.0007;-6.113;-9.747
3320;3.319;-10.905;3.199;707.712;-0.2017;0.0777;0.0058;0.873;1.905
3321;3.32;-9.508;1.823;702.1;-0.1843;0.0424;-0.0112;3.408;7.824
3322;3.321;-13.036;1.879;702.251;-0.259;0.0412;-0.0;7.067;-8.13
3323;3.322;-12.103;2.977;709.589;-0.2567;0.0718;0.0032;4.683;-1.381
3324;3.323;-3.589;-0.138;705.156;-0.0901;-0.0035;-0.0002;-3.331;3.72
3325;3.324;-4.238;6.438;710.508;-0.0982;0.1257;0.0043;-4.385;-0.592
3326;3.325;-8.621;-0.827;705.311;-0.1705;-0.0335;0.0041;-13.87;-1.12
3327;3.326;-10.936;5.457;693.929;-0.2216;0.0996;0.0052;-1.339;-2.54
3328;3.327;-14.174;4.701;705.857;-0.2715;0.0955;0.0016;4.105;-2.376
3329;3.328;-9.653;5.414;692.359;-0.193;0.1137;-0.0015;-3.019;-10.638
3330;3.329;-10.514;2.483;707.838;-0.2266;0.0461;0.0066;13.904;-2.846
3331;3.33;-11.079;5.272;705.506;-0.2378;0.1024;-0.0062;-3.364;10.116
3332;3.331;-8.948;8.944;692.838;-0.1853;0.1835;0.0019;1.11;3.42
3333;3.332;-7.585;6.813;713.214;-0.1461;0.1306;0.0063;0.483;3.594
3334;3.333;-11.373;6.668;704.834;-0.2205;0.1196;0.005;3.341;-6.261
3335;3.334;-10.934;4.357;700.112;-0.2228;0.0728;-0.0018;-4.504;-6.058
3336;3.335;-12.339;5.028;705.183;-0.2347;0.0905;0.0039;0.492;-1.523
3337;3.336;-14.382;1.946;704.139;-0.305;0.0392;-0.0082;-2.372;-0.968
3338;3.337;-11.444;3.844;686.118;-0.2344;0.0775;0.0048;4.901;-0.356
3339;3.338;-5.833;4.246;708.927;-0.1265;0.082;-0.0027;-1.534;-5.083
3340;3.339;-9.972;5.121;702.037;-0.2153;0.0838;0.0048;-8.791;-1.51
3341;3.34;-13.567;5.036;713.583;-0.2693;0.1066;0.0051;-11.006;2.706
3342;3.341;-16.497;5.033;703.844;-0.317;0.1113;-0.0004;-1.175;-3.806
3343;3.342;-9.653;2.491;704.204;-0.2066;0.0716;-0.0027;0.471;6.295
3344;3.343;-8.926;2.762;709.934;-0.1901;0.0746;-0.0035;-4.509;-6.927
3345;3.344;-13.054;5.377;710.974;-0.2437;0.0965;0.0018;9.16;4.054
3346;3.345;-7.732;6.749;684.762;-0.1426;0.1289;-0.0062;5.995;2.36
3347;3.346;-9.147;4.163;697.021;-0.1992;0.0932;0.0079;-1.442;0.548
3348;3.347;-12.321;5.281;706.044;-0.2434;0.1019;-0.001;-2.749;-3.723
3349;3.348;-12.806;4.882;712.148;-0.2576;0.0891;-0.0024;4.702;0.708
3350;3.349;-6.541;6.032;697.595;-0.1351;0.114;0.0011;-1.168;4.123
3351;3.35;-11.548;2.379;713.996;-0.2243;0.0675;-0.0052;6.35;7.316
3352;3.351;-13.119;7.287;705.411;-0.2649;0.1481;0.0016;3.556;7.272
3353;3.352;-11.393;2.367;704.397;-0.2221;0.0319;0.006;1.847;0.612
3354;3.353;-11.871;4.405;721.444;-0.2485;0.091;-0.0083;1.22;1.514
3355;3.354;-14.806;8.588;723.96;-0.2948;0.1664;-0.001;1.253;-10.958
3356;3.355;-12.624;8.564;698.174;-0.227;0.1804;0.0055;-3.354;-7.06
3357;3.356;-14.278;4.524;710.884;-0.2652;0.0941;-0.0077;9.403;2.839
3358;3.357;-8.341;5.753;715.983;-0.1587;0.104;0.008;7.5;-5.329
3359;3.358;-8.863;4.744;715.473;-0.1836;0.1003;0.0052;-3.282;-2.714
3360;3.359;-9.177;8.216;718.527;-0.1895;0.1739;-0.0019;-8.666;-10.905
3361;3.36;-13.2;1.619;721.798;-0.2628;0.0421;-0.0013;2.049;12.015
3362;3.361;-9.805;5.783;713.09;-0.1845;0.1351;-0.0077;-3.985;7.658
3363;3.362;-6.933;4.571;720.884;-0.1416;0.0937;-0.0012;-3.654;-5.94
3364;3.363;-16.474;7.855;735.471;-0.3417;0.1675;0.0015;-0.778;1.435
3365;3.364;-11.227;7.99;725.861;-0.2303;0.16;0.0046;1.49;-8.241
3366;3.365;-9.229;8.55;719.441;-0.1807;0.1744;0.0003;-1.114;-6.391
3367;3.366;-15.693;7.481;712.853;-0.3158;0.1522;0.0067;-0.419;-9.187
3368;3.367;-11.03;8.652;719.544;-0.2215;0.1744;-0.0052;1.374;3.248
3369;3.368;-10.579;5.869;730.182;-0.2072;0.1109;-0.005;-0.358;5.814
3370;3.369;-13.114;4.336;733.013;-0.2563;0.0771;0.0065;0.998;4.741
3371;3.37;-12.493;7.039;745.859;-0.2568;0.1493;0.0006;6.684;-1.404
3372;3.371;-11.94;8.167;738.764;-0.2364;0.148;0.0093;-2.298;-8.29
3373;3.372;-11.457;0.024;726.463;-0.2352;-0.0049;-0.0041;5.345;2.125
3374;3.373;-10.456;5.186;731.933;-0.2208;0.1119;-0.0092;1.688;-2.603
3375;3.374;-17.791;5.611;731.38;-0.3492;0.0966;0.0047;-1.345;2.219
3376;3.375;-14.705;7.277;738.29;-0.3019;0.1535;-0.0105;4.26;-5.804
3377;3.376;-15.683;7.937;748.736;-0.3084;0.1569;-0.0019;-7.053;-4.266
3378;3.377;-11.488;5.392;730.092;-0.2314;0.1018;0.0038;-12.786;5.26
3379;3.378;-9.093;3.833;747.326;-0.187;0.0665;0.0041;1.195;-2.988
3380;3.379;-10.746;6.407;744.733;-0.2027;0.1265;-0.0039;1.706;1.177
3381;3.38;-13.759;5.24;748.344;-0.2875;0.1151;0.0063;-10.899;-0.081
3382;3.381;-14.89;7.388;732.059;-0.2867;0.1492;-0.0051;-3.719;1.254
3383;3.382;-11.984;5.317;729.729;-0.2297;0.117;-0.0019;9.527;-3.755
3384;3.383;-12.101;3.685;747.633;-0.2478;0.0576;-0.0023;-4.323;-1.426
3385;3.384;-11.743;4.05;748.046;-0.2268;0.0595;-0.0092;-7.951;-7.887
3386;3.385;-4.475;8.746;760.705;-0.0867;0.1553;0.0043;1.143;-0.512
3387;3.386;-8.224;6.113;754.231;-0.1603;0.122;0.0017;3.166;-6.168
3388;3.387;-13.665;6.464;754.839;-0.2755;0.1236;-0.0018;1.807;7.62
3389;3.388;-10.345;4.922;755.714;-0.2082;0.0986;-0.0005;-1.294;0.196
3390;3.389;-9.778;7.099;755.115;-0.1893;0.1374;-0.0013;7.059;6.889
3391;3.39;-12.605;8.221;741.881;-0.236;0.1773;0.0049;6.292;3.863
3392;3.391;-13.011;8.38;749.544;-0.248;0.176;-0.0042;1.33;0.398
3393;3.392;-11.095;9.764;756.331;-0.2244;0.1878;0.0068;3.347;-4.052
3394;3.393;-12.376;7.783;753.645;-0.2305;0.1407;-0.0017;10.373;-4.551
3395;3.394;-8.607;8.072;763.881;-0.1584;0.1688;0.0025;-0.868;-5.6
3396;3.395;-10.384;6.09;753.168;-0.2026;0.1214;-0.0135;12.662;-2.887
3397;3.396;-16.694;8.904;761.486;-0.3248;0.1781;-0.004;2.545;0.828
3398;3.397;-7.672;8.601;756.247;-0.1521;0.1582;0.0031;-6.615;0.252
3399;3.398;-7.557;8.631;767.162;-0.1524;0.1578;0.0012;0.98;-6.748
3400;3.399;-5.563;8.422;762.881;-0.112;0.1655;0.0029;2.254;5.195
3401;3.4;-9.831;5.885;758.775;-0.2055;0.1282;0.0012;-0.474;-0.262
3402;3.401;-13.97;6.106;762.666;-0.2813;0.1322;-0.0015;-1.962;0.803
3403;3.402;-11.79;7.665;768.1;-0.2313;0.1633;0.0029;-3.7;-5.229
3404;3.403;-8.377;8.079;761.563;-0.1603;0.1387;-0.001;3.043;7.271
3405;3.404;-9.71;9.439;751.294;-0.191;0.1855;-0.0011;-13.434;-6.123
3406;3.405;-9.448;8.117;762.433;-0.2058;0.1555;0.0087;3.361;1.038
3407;3.406;-12.04;9.152;769.094;-0.2405;0.1844;0.0043;3.239;5.531
3408;3.407;-10.281;7.087;762.789;-0.2129;0.1402;0.0055;-5.208;-0.435
3409;3.408;-10.001;6.973;765.419;-0.1954;0.1415;-0.0037;-3.532;-0.77
3410;3.409;-14.016;3.955;780.095;-0.2706;0.068;0.0148;2.285;-0.079
3411;3.41;-14.016;7.709;768.813;-0.2912;0.1559;0.0019;2.155;8.983
3412;3.411;-10.68;7.924;773.536;-0.2092;0.175;-0.0104;1.184;-1.236
3413;3.412;-11.487;6.452;774.32;-0.2377;0.1304;0.0019;-4.957;1.331
3414;3.413;-9.378;11.193;762.12;-0.1904;0.229;-0.0017;-2.791;8.585
3415;3.414;-10.47;6.584;761.708;-0.1911;0.1502;0.0035;-4.189;-11.049
3416;3.415;-16.102;5.749;764.704;-0.3343;0.1112;0.0052;8.291;0.179
3417;3.416;-13.586;8.938;765.632;-0.2773;0.1915;-0.0001;-8.119;-5.024
3418;3.417;-9.811;7.565;757.023;-0.1883;0.1656;-0.0005;6.448;2.151
3419;3.418;-11.477;9.22;761.85;-0.2124;0.1952;-0.0103;-3.536;8.32
3420;3.419;-11.753;7.425;768.435;-0.2464;0.1405;0.0034;-1.399;-2.048
3421;3.42;-6.95;14.42;768.546;-0.1632;0.2928;0.0075;5.636;-2.082
3422;3.421;-13.468;9.357;753.267;-0.2698;0.1767;0.0036;-4.639;5.016
3423;3.422;-10.187;7.106;768.188;-0.2189;0.1661;-0.0054;-3.813;-0.036
3424;3.423;-14.918;8.539;773.062;-0.2937;0.1617;-0.0101;-2.722;-7.096
3425;3.424;-13.94;4.896;762.834;-0.2868;0.0933;0.003;-0.61;0.693
3426;3.425;-17.201;6.647;761.373;-0.345;0.1348;-0.0007;-3.72;-10.862
3427;3.426;-12.806;7.828;778.593;-0.2794;0.1376;-0.003;-0.785;1.056
3428;3.427;-15.083;8.783;758.376;-0.3073;0.1822;0.0068;8.941;0.606
3429;3.428;-9.838;8.098;751.227;-0.1757;0.1602;-0.0011;-2.712;-4.387
3430;3.429;-11.833;7.987;752.413;-0.2489;0.1715;0.0071;0.622;1.265
3431;3.43;-14.009;12.342;770.142;-0.2667;0.2456;0.0008;-2.92;2.181
3432;3.431;-8.708;7.661;766.451;-0.1729;0.1568;-0.0001;0.803;-5.381
3433;3.432;-10.49;5.081;749.923;-0.2371;0.1037;0.0073;2.785;6.536
3434;3.433;-15.038;6.843;758.602;-0.2903;0.1296;-0.0054;1.732;14.012
3435;3.434;-12.484;5.699;748.876;-0.2566;0.1298;0.005;2.433;2.787
3436;3.435;-9.599;4.822;751.826;-0.2059;0.0813;-0.0034;10.481;6.918
3437;3.436;-12.514;11.634;765.731;-0.2536;0.2207;0.0043;0.353;6.097
3438;3.437;-9.647;10.179;747.311;-0.1931;0.2109;-0.0062;2.366;-2.996
3439;3.438;-10.294;12.667;758.287;-0.1955;0.2348;0.0033;2.683;8.756
3440;3.439;-16.82;10.465;746.88;-0.3309;0.2219;-0.0076;5.89;-2.747
3441;3.44;-7.445;7.539;750.328;-0.1471;0.1546;-0.0002;-1.159;-8.997
3442;3.441;-16.114;7.213;755.856;-0.3326;0.1477;0.0109;-3.172;-0.352
3443;3.442;-13.128;10.332;744.285;-0.273;0.1894;0.0019;0.448;-2.287
3444;3.443;-11.943;10.088;742.311;-0.2338;0.2075;-0.0063;-1.295;-11.469
3445;3.444;-13.16;10.051;752.651;-0.2594;0.1963;0.0035;-1.201;1.608
3446;3.445;-9.796;11.592;757.005;-0.1881;0.2161;-0.004;-1.583;1.875
3447;3.446;-6.835;8.135;740.314;-0.1249;0.1595;-0.0002;-3.378;4.123
3448;3.447;-11.407;10.947;750.386;-0.2398;0.2107;0.0011;4.543;-4.855
3449;3.448;-12.637;9.56;737.631;-0.2431;0.1911;0.0053;4.572;2.67
3450;3.449;-13.374;6.947;747.589;-0.2669;0.1296;-0.0013;-1.007;-3.365
3451;3.45;-12.691;9.413;741.01;-0.2385;0.1821;-0.0041;6.483;4.978
3452;3.451;-10.656;8.899;734.093;-0.2232;0.1794;0.0042;-1.182;-1.508
3453;3.452;-14.752;10.262;732.893;-0.2906;0.2139;0.0036;0.905;-1.914
3454;3.453;-8.813;8.197;750.485;-0.1728;0.1421;-0.0002;3.394;-8.611
3455;3.454;-11.495;6.447;740.413;-0.2199;0.1259;0.0044;-1.246;-7.127
3456;3.455;-12.269;6.241;744.794;-0.2565;0.1193;0.0036;-0.361;4.324
3457;3.456;-12.654;10.41;731.706;-0.2645;0.2121;0.0062;-5.465;-2.315
3458;3.457;-14.265;6.765;751.991;-0.2866;0.1332;0.0067;2.255;-3.102
3459;3.458;-9.437;5.815;757.011;-0.1988;0.1048;-0.0072;8.727;2.34
3460;3.459;-14.631;10.307;734.168;-0.3107;0.2069;-0.0036;-1.2;-0.156
3461;3.46;-11.089;7.775;734.539;-0.2267;0.1621;-0.0003;-4.834;4.332
3462;3.461;-8.25;5.555;735.683;-0.1539;0.1208;-0.0035;-5.102;0.716
3463;3.462;-14.684;6.757;744.035;-0.2711;0.1304;-0.0084;-0.187;4.336
3464;3.463;-11.91;9.007;743.023;-0.2421;0.1638;0.0027;6.423;0.776
3465;3.464;-12.678;10.798;739.683;-0.2351;0.2137;0.006;9.344;0.35
3466;3.465;-10.185;8.966;737.22;-0.2036;0.1821;-0.0021;4.927;3.649
3467;3.466;-10.586;8.66;747.84;-0.2121;0.1753;-0.0039;-0.585;2.132
3468;3.467;-10.253;10.82;743.221;-0.21;0.2102;0.0032;7.615;3.697
3469;3.468;-15.236;9.65;729.492;-0.3086;0.1955;0.0085;6.685;-3.614
3470;3.469;-9.182;11.903;732.929;-0.1806;0.2292;-0.0019;-2.925;5.941
3471;3.47;-8.448;11.484;739.997;-0.1632;0.2374;-0.0013;6.134;1.677
3472;3.471;-10.982;10.06;736.778;-0.1892;0.2122;-0.0014;1.337;-5.224
3473;3.472;-13.245;8.874;742.053;-0.2773;0.1806;0.0068;1.524;10.841
3474;3.473;-9.965;8.742;739.775;-0.1797;0.1657;0.0013;-8.742;-2.192
3475;3.474;-11.365;9.846;738.791;-0.2019;0.1944;0.0003;-3.72;6.626
3476;3.475;-13.486;8.079;739.915;-0.2686;0.1605;-0.0007;2.833;7.493
3477;3.476;-13.579;9.856;738.288;-0.269;0.2122;0.0052;0.026;2.42
3478;3.477;-8.532;9.457;745.083;-0.1688;0.1881;0.0003;-2.176;-5.42
3479;3.478;-12.885;10.008;735.592;-0.2466;0.2027;-0.0028;-4.035;6.654
3480;3.479;-15.507;10.947;740.735;-0.2935;0.2194;-0.0015;-8.014;3.245
3481;3.48;-12.098;10.08;738.82;-0.2382;0.2091;-0.0148;-1.691;-6.638
3482;3.481;-12.501;6.803;731.46;-0.2478;0.1235;-0.0023;0.172;5.282
3483;3.482;-8.34;10.505;738.671;-0.1701;0.2121;-0.0028;-0.488;7.746
3484;3.483;-13.236;7.685;739.197;-0.2584;0.1529;-0.0089;3.711;-1.416
3485;3.484;-7.149;6.322;759.374;-0.1363;0.1372;0.0069;-5.893;-5.59
3486;3.485;-10.691;8.944;755.95;-0.2129;0.1855;0.0011;3.889;-2.909
3487;3.486;-9.154;11.241;744.391;-0.1767;0.2205;0.0007;3.941;6.922
3488;3.487;-11.614;1.729;742.145;-0.2449;0.0467;-0.0066;-9.894;3.64
3489;3.488;-11.982;6.456;752.816;-0.2189;0.1241;-0.0014;5.916;1.187
3490;3.489;-10.364;8.638;750.725;-0.2048;0.1709;0.0027;-4.111;3.551
3491;3.49;-11.264;10.043;730.135;-0.2264;0.2088;0.0028;-4.379;-9.431
3492;3.491;-12.213;7.479;758.815;-0.2461;0.1553;-0.004;5.073;-1.207
3493;3.492;-14.899;9.023;740.129;-0.2995;0.169;0.0001;-1.338;1.72
3494;3.493;-7.919;7.586;754.665;-0.1523;0.1598;0.0009;-0.661;2.944
3495;3.494;-6.713;7.008;755.716;-0.1249;0.1502;-0.004;-10.74;5.348
3496;3.495;-10.477;9.43;745.649;-0.2082;0.1941;-0.002;-5.532;4.206
3497;3.496;-14.799;6.109;757.851;-0.2967;0.1238;-0.0041;-5.718;2.83
3498;3.497;-14.636;8.864;756.952;-0.2857;0.1626;0.0113;-7.179;2.231
3499;3.498;-18.135;8.459;758.09;-0.3563;0.17;0.0024;-8.978;-3.26
3500;3.499;-13.485;9.134;742.827;-0.2847;0.1852;-0.0035;6.605;-0.838
3501;3.5;-12.722;8.832;762.665;-0.2624;0.1707;0.0093;-1.893;4.134
3502;3.501;-10.289;10.908;769.186;-0.2096;0.2184;0.0052;5.051;3.663
3503;3.502;-3.71;5.006;775.509;-0.0633;0.0897;0.0058;4.642;-3.801
3504;3.503;-13.467;9.901;767.19;-0.2782;0.2042;0.0003;-4.445;6.246
3505;3.504;-6.691;11.231;780.38;-0.1414;0.224;0.0015;7.129;-6.285
3506;3.505;-8.378;9.722;768.173;-0.1666;0.209;0.0011;-0.151;5.099
3507;3.506;-10.646;8.774;751.78;-0.2009;0.1856;-0.0082;5.774;1.257
3508;3.507;-9.806;8.78;764.534;-0.1949;0.1896;0.0064;1.423;-1.294
3509;3.508;-8.588;8.627;765.693;-0.1877;0.1638;-0.0073;-2.064;0.452
3510;3.509;-10.832;7.188;779.4;-0.2065;0.1429;-0.0025;-3.159;-5.806
3511;3.51;-11.336;8.438;763.523;-0.2328;0.1574;-0.0036;2.334;0.465
3512;3.511;-14.227;6.34;758.023;-0.2834;0.1271;-0.0004;1.642;9.316
3513;3.512;-14.58;8.011;783.518;-0.2814;0.1538;-0.0044;-1.036;-2.27
3514;3.513;-12.462;6.682;775.975;-0.2464;0.1244;0.0001;-4.408;7.562
3515;3.514;-9.354;3.944;789.265;-0.1923;0.076;-0.0066;-1.633;-0.364
3516;3.515;-10.498;5.028;774.826;-0.2093;0.1114;-0.0051;6.974;-2.67
3517;3.516;-5.897;5.117;775.044;-0.1198;0.1078;-0.0029;-3.34;-6.864
3518;3.517;-11.615;8.309;774.825;-0.2293;0.1805;-0.0055;5.675;-3.436
3519;3.518;-12.948;10.976;767.037;-0.2596;0.2176;0.0067;-4.559;-5.68
3520;3.519;-14.728;8.843;763.125;-0.3016;0.1812;0.0066;2.448;2.582
3521;3.52;-12.242;7.96;770.953;-0.2365;0.1493;-0.003;-7.804;-9.106
3522;3.521;-8.648;8.379;783.552;-0.1749;0.1641;-0.0062;1.544;-3.49
3523;3.522;-15.236;10.344;782.759;-0.3074;0.1999;-0.0037;-3.209;-1.013
3524;3.523;-13.534;10.671;778.588;-0.2909;0.2028;0.0045;2.581;-8.457
3525;3.524;-9.529;6.283;774.644;-0.1921;0.1212;-0.0045;3.996;-3.631
3526;3.525;-8.156;8.862;774.469;-0.1778;0.1649;0.003;0.786;-6.808
3527;3.526;-13.699;4.609;766.72;-0.2783;0.1121;-0.0018;-0.935;2.478
3528;3.527;-6.389;7.826;788.375;-0.1183;0.1544;0.0067;1.298;5.889
3529;3.528;-13.782;6.852;767.056;-0.2915;0.1282;0.0118;2.467;2.627
3530;3.529;-7.924;5.907;786.647;-0.1562;0.1225;-0.0012;4.643;-0.038
3531;3.53;-11.831;7.162;780.357;-0.2345;0.1433;0.0082;12.886;-6.983
3532;3.531;-12.007;6.333;780.914;-0.2412;0.1363;0.0011;9.567;4.951
3533;3.532;-11.59;8.959;790.268;-0.2116;0.167;0.0062;-3.289;0.107
3534;3.533;-6.722;7.512;776.217;-0.1389;0.1555;-0.0044;0.235;-7.252
3535;3.534;-7.67;8.501;778.256;-0.1559;0.1765;0.0039;-1.328;-3.804
3536;3.535;-8.49;10.504;779.945;-0.1725;0.2039;-0.0053;8.605;-0.26
3537;3.536;-13.877;10.599;770.259;-0.2641;0.1956;-0.0066;-0.279;3.23
3538;3.537;-10.327;7.909;776.544;-0.2169;0.1436;0.0045;-4.706;-1.914
3539;3.538;-7.556;8.276;780.714;-0.1452;0.1783;-0.0026;-2.251;0.959
3540;3.539;-8.978;11.115;770.199;-0.1814;0.2251;0.0055;-0.741;4.667
3541;3.54;-14.359;7.904;776.196;-0.2922;0.1687;0.0036;4.256;-5.189
3542;3.541;-11.074;3.86;773.173;-0.2157;0.0868;-0.0011;-1.969;9.351
3543;3.542;-12.312;4.979;786.086;-0.2507;0.088;-0.0049;-2.504;-0.073
3544;3.543;-11.269;7.822;772.423;-0.2387;0.1487;0.0008;0.649;1.184
3545;3.544;-9.501;10.229;768.586;-0.1876;0.2003;0.0041;-5.91;0.166
3546;3.545;-11.868;5.713;759.791;-0.2078;0.1167;0.0054;-4.198;6.671
3547;3.546;-5.685;9.631;774.871;-0.1076;0.1869;-0.0078;1.689;5.027
3548;3.547;-9.605;6.918;760.418;-0.2059;0.1257;-0.0001;9.589;2.876
3549;3.548;-11.18;8.526;771.391;-0.2353;0.178;-0.0049;-3.047;-2.743
3550;3.549;-8.37;6.879;759.979;-0.1817;0.1376;-0.0003;-0.395;-1.067
3551;3.55;-12.58;3.216;769.25;-0.2585;0.0679;-0.0015;0.369;5.874
3552;3.551;-6.323;6.92;761.274;-0.128;0.1393;-0.0004;-5.394;-1.5
3553;3.552;-9.438;3.997;784.57;-0.2039;0.0755;-0.0086;1.57;0.606
3554;3.553;-13.101;10.168;759.564;-0.2631;0.191;0.0001;-0.447;-3.909
3555;3.554;-12.138;7.437;760.223;-0.2399;0.1546;0.0108;1.121;1.088
3556;3.555;-9.007;7.813;750.951;-0.183;0.1594;-0.0058;-0.845;12.416
3557;3.556;-6.798;6.538;761.729;-0.1245;0.1465;-0.0028;-3.874;-8.95
3558;3.557;-7.906;4.438;763.565;-0.1571;0.0745;-0.0002;-2.217;6.302
3559;3.558;-10.048;9.419;749.474;-0.2001;0.1791;-0.0024;0.331;3.705
3560;3.559;-11.512;6.389;765.798;-0.2303;0.1162;-0.0033;1.122;0.94
3561;3.56;-6.725;6.211;772.45;-0.1506;0.1156;-0.0025;-2.184;-7.558
3562;3.561;-9.987;6.508;747.344;-0.2058;0.12;-0.0074;2.276;5.092
3563;3.562;-4.457;7.108;765.321;-0.0877;0.1467;-0.0042;3.84;2.97
3564;3.563;-9.362;6.207;750.652;-0.187;0.1178;-0.004;1.422;-0.748
3565;3.564;-11.426;6.689;739.301;-0.233;0.1315;0.0002;-6.209;5.165
3566;3.565;-13.811;4.359;746.003;-0.281;0.0836;0.002;3.841;4.372
3567;3.566;-10.366;3.275;764.266;-0.1991;0.065;0.0015;-1.508;4.423
3568;3.567;-9.296;7.184;744.727;-0.1865;0.1274;-0.0003;1.652;2.184
3569;3.568;-5.579;8.615;732.743;-0.1034;0.1735;0.0003;-0.846;-6.663
3570;3.569;-10.925;7.163;746.783;-0.2137;0.112;0.0006;3.421;10.237
3571;3.57;-9.057;3.917;741.588;-0.1736;0.0842;0.0041;2.153;4.265
3572;3.571;-7.794;6.694;738.833;-0.1587;0.14;0.0057;5.241;-3.841
3573;3.572;-9.53;2.562;748.278;-0.192;0.055;0.0026;-1.902;-3.549
3574;3.573;-8.726;5.78;737.052;-0.1642;0.1013;-0.0018;5.304;-2.25
3575;3.574;-3.05;5.076;736.673;-0.055;0.0788;-0.0057;-0.014;7.745
3576;3.575;-9.661;5.487;728.209;-0.1977;0.109;-0.0046;-8.374;-0.124
3577;3.576;-5.779;3.45;725.677;-0.1194;0.072;0.004;9.013;-4.337
3578;3.577;-7.973;6.005;741.883;-0.1624;0.1174;-0.0003;7.206;5.096
3579;3.578;-11.112;6.412;728.855;-0.2212;0.1139;-0.0014;0.451;-1.814
3580;3.579;-13.021;4.62;744.059;-0.2565;0.0933;0.0035;-7.141;-8.498
3581;3.58;-11.794;4.928;744.528;-0.2271;0.0966;-0.006;4.69;-8.988
3582;3.581;-9.385;9.797;737.354;-0.1797;0.2069;-0.0048;0.635;2.524
3583;3.582;-14.095;6.163;730.648;-0.2731;0.1324;-0.0004;3.735;-1.043
3584;3.583;-6.128;7.084;737.591;-0.1337;0.1533;0.0057;7.244;3.59
3585;3.584;-8.232;5.993;728.513;-0.1789;0.1267;-0.0054;-4.724;-5.798
3586;3.585;-6.795;7.765;731.292;-0.133;0.1625;-0.0034;-7.776;-2.073
3587;3.586;-10.355;5.582;733.386;-0.2036;0.1121;-0.0061;-1.378;-3.611
3588;3.587;-6.76;8.697;732.056;-0.1343;0.1731;0.0019;1.743;4.412
3589;3.588;-11.48;6.543;738.436;-0.2261;0.1319;-0.0044;-1.142;4.408
3590;3.589;-7.799;5.905;716.477;-0.1617;0.1217;-0.001;2.632;2.7
3591;3.59;-5.509;6.22;718.101;-0.11;0.0971;0.0094;-5.348;6.51
3592;3.591;-11.312;5.147;726.358;-0.222;0.1158;-0.0008;1.465;3.682
3593;3.592;-6.731;6.307;704.143;-0.1168;0.1263;0.0104;-1.494;-0.344
3594;3.593;-6.678;9.169;726.299;-0.1125;0.1668;-0.0084;-1.953;-0.961
3595;3.594;-4.626;5.205;718.262;-0.0841;0.1052;-0.0038;-7.192;-3.903
3596;3.595;-4.366;6.088;717.919;-0.1007;0.1212;0.0049;0.366;2.711
3597;3.596;-8.131;2.37;722.499;-0.1581;0.0318;0.0039;-7.541;0.754
3598;3.597;-10.407;6.647;721.615;-0.2237;0.1143;0.0067;-2.986;-7.37
3599;3.598;-2.911;4.677;727.187;-0.0584;0.0999;0.0048;-4.298;0.614
3600;3.599;-8.694;6.491;720.567;-0.1594;0.1242;0.0083;-4.728;3.099
3601;3.6;-4.209;1.45;727.288;-0.0865;0.0297;0.0013;1.172;-4.281
3602;3.601;-4.35;4.938;731.8;-0.0896;0.1016;-0.001;-5.384;11.899
3603;3.602;-8.629;4.804;727.31;-0.164;0.1029;-0.001;0.359;6.3
3604;3.603;-9.694;6.735;725.308;-0.1948;0.1317;-0.0046;-4.962;9.544
3605;3.604;-8.821;6.889;732.221;-0.1677;0.1331;0.0063;6.514;4.429
3606;3.605;-8.524;8.534;725.372;-0.1717;0.1684;0.003;4.503;-1.185
3607;3.606;-10.86;4.289;735.911;-0.2198;0.0901;-0.0016;-4.43;2.863
3608;3.607;-8.09;5.156;731.907;-0.1618;0.1016;0.0036;-4.546;1.342
3609;3.608;-10.687;8.103;720.84;-0.231;0.1576;-0.006;-12.353;-0.573
3610;3.609;-10.706;4.383;724.2;-0.2129;0.105;0.001;-3.946;-6.801
3611;3.61;-8.18;6.4;710.924;-0.1632;0.1325;0.0102;2.691;1.77
3612;3.611;-9.112;5.65;716.555;-0.1929;0.1256;-0.003;1.215;-2.362
3613;3.612;-2.43;4.117;715.567;-0.0437;0.0867;-0.0054;-2.773;3.869
3614;3.613;-5.85;6.19;720.235;-0.1003;0.1151;-0.01;-7.956;-4.598
3615;3.614;-3.443;5.775;729.771;-0.0664;0.0963;0.0091;-4.867;-2.792
3616;3.615;-10.431;3.127;732.193;-0.206;0.0732;0.0027;0.691;2.788
3617;3.616;-10.024;5.653;723.418;-0.1829;0.084;0.0023;-3.234;6.109
3618;3.617;-4.059;5.909;734.751;-0.0795;0.1088;0.0089;-5.35;-5.597
3619;3.618;-11.156;3.154;737.978;-0.2216;0.0557;-0.007;-7.826;-4.402
3620;3.619;-10.315;3.344;736.952;-0.1975;0.0675;0.0045;-5.759;-1.696
3621;3.62;-3.76;3.717;726.591;-0.0964;0.0799;-0.0033;6.569;-0.748
3622;3.621;-8.615;5.257;723.511;-0.1694;0.0892;0.0015;-7.262;-2.042
3623;3.622;-4.907;4.754;726.385;-0.1036;0.0936;-0.0051;-1.205;3.793
3624;3.623;-9.405;3.531;748.468;-0.185;0.0684;-0.0015;3.562;2.621
3625;3.624;-5.299;4.036;726.771;-0.1117;0.0849;-0.0023;-5.606;-3.652
3626;3.625;-8.629;6.315;740.317;-0.166;0.137;0.002;-8.001;-0.207
3627;3.626;-8.696;2.149;736.941;-0.1774;0.0296;-0.0046;0.252;-0.857
3628;3.627;-9.378;2.772;747.258;-0.1924;0.0599;-0.0027;-5.551;-3.786
3629;3.628;-5.469;5.066;743.053;-0.1166;0.0997;0.0024;-8.013;-0.477
3630;3.629;-8.236;3.017;742.817;-0.1672;0.052;0.0048;3.124;-2.013
3631;3.63;-4.105;3.103;738.219;-0.09;0.0504;-0.0081;2.895;2.63
3632;3.631;-7.132;8.336;740.091;-0.1478;0.1829;-0.0065;-5.236;2.887
3633;3.632;-5.929;3.278;731.219;-0.107;0.0546;0.0003;5.612;1.451
3634;3.633;-5.152;1.057;740.427;-0.1027;0.0382;0.0085;-3.76;6.335
3635;3.634;-3.893;1.563;735.042;-0.0776;0.0196;0.0016;1.668;-1.866
3636;3.635;-6.93;3.799;741.514;-0.1323;0.0897;-0.0038;-8.609;1.128
3637;3.636;-2.978;2.985;748.035;-0.0686;0.0514;-0.0032;-3.001;-4.935
3638;3.637;-7.017;4.5;742.867;-0.1531;0.0893;-0.0075;7.167;0.392
3639;3.638;-6.684;-0.256;732.857;-0.1218;-0.0075;0.0016;-3.342;-2.013
3640;3.639;-7.34;7.512;737.474;-0.1298;0.1418;-0.0042;-2.295;6.649
3641;3.64;-4.573;3.619;738.28;-0.093;0.0963;0.0024;4.662;3.89
3642;3.641;-6.382;2.972;737.872;-0.1386;0.0531;-0.0008;-2.786;-0.711
3643;3.642;-6.513;2.233;751.563;-0.1391;0.0425;-0.0039;-1.416;11.71
3644;3.643;-6.051;3.671;728.621;-0.1253;0.0795;-0.0003;-0.029;-3.209
3645;3.644;-6.518;5.799;756.625;-0.136;0.1047;0.001;-12.564;-2.163
3646;3.645;-7.865;-0.796;739.124;-0.1819;-0.0074;-0.0015;-8.226;6.5
3647;3.646;-12.981;2.046;748.154;-0.2489;0.0384;0.0007;-4.755;5.834
3648;3.647;-7.144;4.936;748.8;-0.1425;0.1043;-0.0084;-0.511;0.772
3649;3.648;-6.525;1.168;735.007;-0.1139;0.0191;-0.0012;-1.416;-8.001
3650;3.649;0.132;4.288;752.027;-0.0094;0.0837;0.0027;-4.173;10.848
3651;3.65;-6.389;4.223;739.364;-0.1093;0.0832;0.0042;4.448;-7.502
3652;3.651;-8.261;-0.034;750.065;-0.176;-0.0198;-0.0042;-3.404;-3.818
3653;3.652;-8.96;2.005;743.451;-0.1883;0.0344;0.0012;-1.869;-3.545
3654;3.653;-5.096;0.848;739.314;-0.1057;0.0248;0.0024;-4.794;-1.27
3655;3.654;-3.821;2.81;761.637;-0.0692;0.0507;-0.0063;-6.155;-6.899
3656;3.655;-5.855;5.224;749.546;-0.1249;0.1021;0.011;-6.201;12.139
3657;3.656;-7.744;3.782;728.612;-0.1404;0.0756;0.0065;-0.292;-4.764
3658;3.657;-1.305;3.229;743.117;-0.0329;0.0525;0.0034;-1.751;7.653
3659;3.658;-6.981;4.128;732.549;-0.1422;0.0929;-0.0058;-3.034;0.946
3660;3.659;-5.593;0.969;742.213;-0.1017;0.0324;-0.0012;1.446;-0.98
3661;3.66;-6.861;2.023;757.592;-0.1397;0.0368;0.0022;-1.883;10.164
3662;3.661;0.201;0.275;742.371;0.0115;0.0004;-0.003;-1.432;2.829
3663;3.662;-4.024;-4.155;726.428;-0.0893;-0.1073;-0.0058;0.731;5.492
3664;3.663;-10.228;4.133;744.613;-0.2251;0.0679;-0.0023;-3.374;-2.089
3665;3.664;-2.98;0.986;746.81;-0.0637;0.0288;0.0012;-2.17;5.156
3666;3.665;-3.364;3.541;725.872;-0.0617;0.0591;0.002;4.297;0.477
3667;3.666;-6.763;4.033;732.09;-0.1398;0.103;-0.003;4.947;3.215
3668;3.667;-9.351;2.416;745.629;-0.1903;0.0427;-0.0025;-0.704;-0.345
3669;3.668;-3.167;0.566;741.943;-0.0702;0.0229;-0.0088;4.28;5.177
3670;3.669;-3.353;2.383;713.486;-0.0645;0.0667;0.0068;2.081;-1.601
3671;3.67;-3.586;-0.857;735.911;-0.0776;-0.0202;-0.0055;-0.447;-3.739
3672;3.671;-6.736;4.285;733.17;-0.1112;0.0883;-0.0072;-4.555;2.031
3673;3.672;-2.271;-3.089;730.905;-0.0452;-0.0646;0.0011;1.855;-0.272
3674;3.673;-2.414;0.156;740.098;-0.0542;-0.0039;-0.0056;6.193;4.791
3675;3.674;-10.619;-1.746;718.741;-0.219;-0.0399;0.0002;-7.274;-12.395
3676;3.675;-3.707;0.435;731.88;-0.0766;0.0031;0.0059;-4.638;5.037
3677;3.676;-6.675;-0.972;737.817;-0.1419;-0.0166;-0.0075;3.657;1.108
3678;3.677;-5.174;-1.441;731.487;-0.1163;-0.0387;-0.0005;0.916;-4.107
3679;3.678;-3.218;4.792;731.388;-0.0531;0.0991;0.0075;-1.037;-10.573
3680;3.679;2.886;0.077;710.128;0.0771;-0.0012;0.009;-1.241;-3.512
3681;3.68;-3.063;-1.212;728.325;-0.0693;-0.0131;-0.0021;4.946;2.525
3682;3.681;-3.758;0.549;722.375;-0.0689;0.0045;-0.0;7.104;-6.401
3683;3.682;-1.832;-2.885;725.359;-0.0378;-0.0495;-0.009;-1.09;0.274
3684;3.683;1.806;0.139;719.358;0.0455;0.0017;0.004;0.187;-4.762
3685;3.684;-8.572;0.217;712.644;-0.1663;0.0049;0.0078;-2.713;-4.425
3686;3.685;-1.857;4.248;716.995;-0.0387;0.0732;-0.0015;-0.744;5.366
3687;3.686;-7.111;1.2;713.686;-0.1513;0.0318;-0.0025;-2.382;-4.84
3688;3.687;-1.778;-0.373;718.636;-0.0286;-0.0097;-0.0051;-1.548;6.248
3689;3.688;-0.715;1.722;712.128;-0.019;0.0389;0.0054;6.907;2.295
3690;3.689;-5.298;0.557;710.271;-0.1081;0.0116;0.0021;-8.794;1.671
3691;3.69;-5.754;6.235;702.83;-0.1045;0.1169;0.0012;1.595;-2.536
3692;3.691;-1.202;-2.031;700.636;-0.0251;-0.0323;-0.0109;-1.88;7.779
3693;3.692;-4.514;-0.484;703.899;-0.1017;0.0089;0.0004;4.503;3.954
3694;3.693;-3.803;-1.698;697.198;-0.074;-0.0162;0.0024;8.845;2.593
3695;3.694;-3.808;0.348;707.327;-0.0825;0.001;0.0065;-1.495;4.545
3696;3.695;-5.188;-1.757;690.785;-0.1058;-0.0506;0.0085;8.201;0.69
3697;3.696;0.55;-0.103;674.935;0.0082;0.0007;-0.0022;-5.463;-0.775
3698;3.697;0.947;4.328;694.953;0.0257;0.1025;-0.0005;-2.422;-9.601
3699;3.698;-3.238;-0.365;700.007;-0.0646;-0.0131;0.0027;0.486;0.916
3700;3.699;-4.347;-4.695;693.362;-0.081;-0.0923;0.0046;-8.556;-2.393
3701;3.7;-3.206;-5.432;691.353;-0.0624;-0.1044;-0.0081;1.258;-2.005
3702;3.701;-2.66;1.252;697.285;-0.0444;0.0069;-0.0077;-6.802;0.617
3703;3.702;-5.114;-5.371;707.571;-0.1117;-0.1091;0.0056;0.512;0.935
3704;3.703;-5.352;0.445;687.987;-0.133;0.0182;0.0033;1.905;-2.766
3705;3.704;-1.198;-0.703;700.584;0.0053;-0.0188;0.0034;-10.804;-0.975
3706;3.705;-5.165;-3.041;698.44;-0.0942;-0.0641;0.0047;0.555;-0.369
3707;3.706;-4.181;-1.941;685.01;-0.0779;-0.0472;0.0009;-8.383;0.331
3708;3.707;-3.186;-0.93;688.255;-0.0608;-0.0227;0.0007;-1.661;0.238
3709;3.708;-4.507;-2.037;676.542;-0.0993;-0.0527;-0.012;3.716;-1.163
3710;3.709;1.305;-2.381;696.18;0.0365;-0.05;-0.0004;-5.875;0.467
3711;3.71;-3.625;0.739;673.976;-0.0781;0.0183;-0.0005;0.517;6.755
3712;3.711;-3.438;-1.116;681.449;-0.0695;-0.0071;0.0006;6.18;-0.512
3713;3.712;5.316;2.411;681.319;0.107;0.0518;-0.0068;-4.16;-5.297
3714;3.713;0.029;1.058;683.755;0.013;0.0366;-0.0126;0.313;4.172
3715;3.714;-4.325;-0.231;675.594;-0.0826;-0.001;0.0005;3.896;-7.117
3716;3.715;-0.629;-3.791;685.317;-0.0039;-0.0749;-0.0061;-2.931;6.488
3717;3.716;-2.248;-2.742;674.816;-0.0498;-0.0781;-0.0031;-3.972;7.461
3718;3.717;1.231;0.685;683.08;0.0297;0.0187;-0.002;-1.159;3.609
3719;3.718;-0.613;-3.431;676.194;-0.0222;-0.0706;-0.0052;-6.807;0.137
3720;3.719;-0.046;-0.121;690.398;-0.0059;-0.0148;0.0019;-1.184;7.209
3721;3.72;-4.105;-2.391;682.684;-0.0708;-0.0424;0.0018;2.438;-8.298
3722;3.721;-5.603;-0.096;679.936;-0.1033;0.0008;-0.0035;12.103;3.206
3723;3.722;0.371;-3.767;673.682;0.0245;-0.0703;0.0058;3.932;8.22
3724;3.723;-4.323;-2.095;688.108;-0.1022;-0.0324;-0.0035;5.562;1.776
3725;3.724;-2.377;-4.122;685.355;-0.0493;-0.0801;-0.0009;-10.992;-0.069
3726;3.725;0.278;-3.796;678.9;0.0186;-0.0689;0.0028;-2.147;8.597
3727;3.726;-0.268;-0.208;680.12;0.0021;0.0098;0.0029;2.339;0.095
3728;3.727;-0.195;-6.154;682.421;0.0035;-0.1189;0.0089;-0.669;3.459
3729;3.728;-2.98;-2.443;668.232;-0.0523;-0.0421;0.0004;5.101;-0.331
3730;3.729;-3.905;-1.744;681.911;-0.0857;-0.0378;0.0;7.681;-4.138
3731;3.73;-1.14;-1.807;681.58;-0.0222;-0.0491;-0.0034;4.488;-2.01
3732;3.731;-3.279;-3.134;671.178;-0.0562;-0.0593;0.0067;-3.618;7.204
3733;3.732;-0.289;-5.852;674.462;-0.0251;-0.1084;0.005;-8.846;9.001
3734;3.733;-7.825;-0.872;686.791;-0.1594;-0.0261;-0.005;7.768;-6.864
3735;3.734;-5.809;-4.263;697.665;-0.1225;-0.0854;0.0024;6.243;-0.565
3736;3.735;0.552;-4.152;693.679;0.025;-0.0957;0.0066;-8.963;5.04
3737;3.736;-0.377;-5.831;691.628;-0.0011;-0.1147;0.0033;7.055;-12.745
3738;3.737;-2.906;-5.147;685.54;-0.0757;-0.1131;0.0114;-1.014;4.101
3739;3.738;-3.414;-0.782;672.963;-0.0611;-0.0377;0.0001;-0.197;5.562
3740;3.739;-2.416;-3.328;698.325;-0.0432;-0.077;-0.0097;-0.139;4.571
3741;3.74;-4.15;-2.661;680.295;-0.0843;-0.0642;0.0014;2.122;-10.689
3742;3.741;1.63;-5.092;679.11;0.0249;-0.0833;0.0019;3.254;5.101
3743;3.742;-3.045;-1.816;694.564;-0.0617;-0.0291;-0.0031;-3.195;-7.577
3744;3.743;-1.99;-2.758;696.594;-0.0455;-0.0577;-0.0027;-7.029;-13.8
3745;3.744;-1.994;-1.704;690.998;-0.054;-0.0309;-0.0066;-0.62;-5.171
3746;3.745;0.685;-0.592;670.99;0.0015;-0.0063;-0.0002;-2.505;-2.479
3747;3.746;-0.659;-7.299;684.069;-0.0238;-0.1489;0.0074;4.106;-2.048
3748;3.747;1.922;-1.889;704.11;0.0292;-0.0487;0.0076;0.844;5.346
3749;3.748;-1.93;-1.527;709.473;-0.0505;-0.032;-0.002;-7.356;0.278
3750;3.749;2.181;-3.087;697.383;0.0364;-0.0581;0.0009;-1.633;11.048
3751;3.75;-1.387;-3.022;695.999;-0.0349;-0.0483;0.0011;4.127;0.185
3752;3.751;-3.067;-0.176;692.973;-0.0625;-0.0279;0.0003;6.675;-4.855
3753;3.752;0.76;-1.541;687.422;0.0287;-0.0544;0.0052;-5.488;10.42
3754;3.753;1.707;-4.878;692.377;0.0445;-0.0874;-0.0061;-2.974;-1.429
3755;3.754;1.426;-4.09;707.105;0.0328;-0.099;-0.0051;-3.98;-4.14
3756;3.755;2.417;-5.431;688.112;0.0362;-0.1058;-0.0055;-0.56;-1.689
3757;3.756;4.305;-5.224;690.885;0.0895;-0.1057;-0.0044;4.07;-8.046
3758;3.757;-0.418;-6.005;692.023;-0.0165;-0.1212;-0.0055;-7.364;6.926
3759;3.758;2.15;-7.396;698.045;0.0219;-0.156;0.0031;4.746;6.081
3760;3.759;-2.934;-2.802;701.811;-0.0627;-0.0343;-0.0062;-4.195;4.874
3761;3.76;2.626;-1.674;699.053;0.0528;-0.0389;-0.0002;-1.64;-6.609
3762;3.761;4.623;-3.716;708.232;0.0869;-0.0799;-0.0082;-2.007;-7.075
3763;3.762;-0.256;-7.448;692.289;-0.0036;-0.1603;-0.0011;8.018;-5.854
3764;3.763;1.423;-7.016;703.573;0.0262;-0.128;0.0002;-4.112;3.15
3765;3.764;-0.732;-5.408;693.127;-0.019;-0.1136;0.0032;-5.342;4.23
3766;3.765;3.495;-6.716;698.574;0.0629;-0.1526;-0.0003;5.387;6.592
3767;3.766;3.933;-10.393;697.305;0.0721;-0.2071;0.0012;7.498;-3.091
3768;3.767;3.621;-3.713;706.542;0.0704;-0.0795;0.0064;-8.968;-2.413
3769;3.768;0.015;-4.215;702.094;-0.0099;-0.0849;0.0003;-3.607;-2.501
3770;3.769;5.647;-7.012;695.816;0.0985;-0.1268;-0.0031;0.53;-11.779
3771;3.77;0.248;-4.795;701.601;0.0079;-0.0902;0.0047;-3.932;8.416
3772;3.771;2.071;-7.291;697.789;0.0509;-0.1385;-0.0025;-6.565;-4.903
3773;3.772;1.128;-4.061;686.316;0.0237;-0.0808;0.0037;4.365;7.541
3774;3.773;5.687;-5.493;710.067;0.1112;-0.1091;-0.0029;-1.31;1.734
3775;3.774;-0.908;-6.317;696.272;-0.0233;-0.131;0.0047;-1.125;-11.928
3776;3.775;-2.319;-7.891;695.934;-0.0393;-0.1501;0.0021;8.294;5.189
3777;3.776;2.505;-5.813;717.081;0.0492;-0.1292;0.006;-6.953;-5.323
3778;3.777;-0.106;-7.436;701.429;0.009;-0.15;0.0023;7.727;-3.212
3779;3.778;-1.839;-5.674;692.471;-0.0302;-0.114;-0.0036;3.161;6.311
3780;3.779;-0.337;-4.937;698.143;-0.0048;-0.1006;0.0005;1.529;-3.764
3781;3.78;-1.055;-4.852;704.005;-0.0312;-0.0949;-0.0064;-2.3;-1.113
3782;3.781;1.844;-2.22;710.883;0.0353;-0.0407;0.0018;10.584;-6.617
3783;3.782;-4.825;-6.863;703.004;-0.1056;-0.1423;-0.0031;0.406;-4.073
3784;3.783;-2.411;-5.581;709.162;-0.045;-0.1225;-0.0063;0.031;4.324
3785;3.784;-0.123;-6.524;715.207;-0.0066;-0.1225;0.0069;-1.498;-3.039
3786;3.785;-0.091;-7.176;714.469;-0.0142;-0.1462;0.0038;-3.465;-2.491
3787;3.786;-1.175;-8.606;703.173;-0.0435;-0.1611;0.0089;-2.684;-5.131
3788;3.787;6.351;-7.318;698.95;0.1317;-0.143;-0.0025;-5.566;-2.083
3789;3.788;3.5;-8.936;712.255;0.0708;-0.1704;-0.0067;-6.67;4.589
3790;3.789;3.413;-9.29;721.558;0.0797;-0.196;-0.0116;1.493;1.613
3791;3.79;4.376;-8.024;692.261;0.0792;-0.1495;-0.0038;-4.261;1.829
3792;3.791;1.76;-8.217;702.636;0.0517;-0.1579;0.0084;-2.221;0.797
3793;3.792;7.65;-5.591;703.22;0.1491;-0.1164;0.002;1.849;8.436
3794;3.793;-0.872;-5.836;712.482;-0.0295;-0.1228;0.0027;-0.617;-0.973
3795;3.794;0.575;-6.739;707.769;0.0211;-0.1408;0.0084;-4.232;-7.191
3796;3.795;4.463;-2.841;705.608;0.0877;-0.0629;0.0075;4.988;-3.976
3797;3.796;0.651;-6.944;705.071;0.0109;-0.1417;-0.0029;-0.504;-5.003
3798;3.797;2.721;-4.912;700.486;0.0442;-0.1045;0.002;13.73;2.498
3799;3.798;-0.602;-8.887;703.124;-0.0295;-0.188;-0.0049;0.403;7.142
3800;3.799;2.857;-6.16;691.406;0.0735;-0.0993;0.0103;-3.343;-4.289
3801;3.8;1.401;-1.187;689.328;0.0386;-0.014;0.0003;7.206;2.356
3802;3.801;-1.168;-5.061;697.611;-0.0391;-0.1117;-0.0076;2.064;3.478
3803;3.802;0.043;-6.733;690.739;-0.0066;-0.1269;-0.0013;-1.871;-3.348
3804;3.803;5.154;-6.101;692.84;0.0944;-0.1262;-0.0078;-0.927;-3.222
3805;3.804;1.632;-11.892;684.099;0.0319;-0.2307;0.0009;-7.447;3.35
3806;3.805;3.875;-7.762;692.544;0.0717;-0.1489;-0.0039;-3.966;2.501
3807;3.806;4.659;-6.73;693.591;0.0896;-0.1286;-0.0003;1.913;-6.047
3808;3.807;4.434;-9.391;684.51;0.0844;-0.1925;-0.0;1.37;-6.295
3809;3.808;5.392;-8.933;679.046;0.1103;-0.1814;-0.0032;-0.844;1.026
3810;3.809;4.217;-9.629;676.97;0.0808;-0.1943;0.0024;-3.252;2.181
3811;3.81;6.76;-6.37;678.322;0.1207;-0.1484;0.0001;-3.816;-1.294
3812;3.811;6.044;-4.121;689.611;0.1328;-0.0743;-0.0004;0.641;-7.295
3813;3.812;-0.594;-6.054;686.102;-0.0105;-0.1227;-0.0003;-5.232;-3.72
3814;3.813;4.965;-6.233;685.757;0.1211;-0.1145;-0.002;2.645;-4.272
3815;3.814;-0.275;-5.542;672.403;-0.0055;-0.1075;-0.002;4.504;5.046
3816;3.815;5.76;-8.43;669.6;0.1231;-0.1633;0.0025;0.373;0.312
3817;3.816;4.2;-8.518;668.597;0.0774;-0.1814;-0.0042;7.694;7.437
3818;3.817;6.082;-8.299;680.881;0.1175;-0.174;0.0049;0.394;-1.538
3819;3.818;3.48;-6.789;669.005;0.0692;-0.1423;-0.0008;0.206;10.834
3820;3.819;1.306;-7.241;673.011;0.0441;-0.1606;-0.0058;-9.981;-5.905
3821;3.82;1.801;-6.021;667.142;0.0269;-0.125;-0.0058;0.167;-3.959
3822;3.821;0.668;-2.707;672.961;0.0276;-0.0666;0.0016;-1.527;-1.989
3823;3.822;0.146;-5.884;670.723;0.0198;-0.1317;0.0048;-8.969;-2.139
3824;3.823;2.902;-12.305;667.86;0.0345;-0.26;-0.0053;8.787;0.645
3825;3.824;4.149;-5.274;670.621;0.0773;-0.1149;-0.002;-2.186;-2.055
3826;3.825;2.106;-7.89;656.692;0.0428;-0.1581;-0.0008;7.229;-0.471
3827;3.826;5.396;-3.902;679.081;0.1042;-0.0762;-0.0001;0.142;6.601
3828;3.827;1.119;-7.911;657.095;0.0147;-0.1785;-0.0023;4.757;-1.043
3829;3.828;7.452;-9.584;662.8;0.1517;-0.1959;-0.0039;4.564;3.648
3830;3.829;4.346;-7.86;682.353;0.0685;-0.1652;0.0004;-5.782;1.414
3831;3.83;2.78;-4.448;667.944;0.0393;-0.0964;0.013;0.491;-9.761
3832;3.831;1.266;-8.073;665.028;0.0172;-0.1679;-0.0043;-4.935;-1.201
3833;3.832;10.494;-11.416;664.686;0.2067;-0.2287;-0.0014;-5.413;-3.962
3834;3.833;3.608;-6.4;665.324;0.059;-0.13;-0.005;1.772;-1.402
3835;3.834;5.869;-8.787;668.078;0.1104;-0.1807;0.0023;2.511;3.037
3836;3.835;3.367;-9.494;674.002;0.0655;-0.1938;0.0005;-1.516;-3.572
3837;3.836;7.218;-8.922;665.849;0.1244;-0.1799;-0.0053;0.352;6.026
3838;3.837;3.527;-8.421;655.219;0.0522;-0.1611;0.0044;-6.132;-6.037
3839;3.838;5.793;-7.38;660.038;0.107;-0.1461;-0.0046;-3.99;-0.249
3840;3.839;3.001;-9.952;654.086;0.0678;-0.1948;-0.0043;-6.588;-5.084
3841;3.84;3.008;-9.212;655.562;0.0578;-0.1845;-0.0019;14.937;9.203
3842;3.841;0.493;-14.02;657.219;0.0178;-0.2736;0.0111;-1.407;1.16
3843;3.842;1.314;-6.922;647.401;0.0197;-0.1344;-0.0026;-0.363;-3.409
3844;3.843;5.768;-9.982;668.194;0.1061;-0.2028;0.0098;3.759;0.426
3845;3.844;-0.628;-8.046;661.763;-0.0134;-0.1587;0.0034;2.431;-2.46
3846;3.845;13.962;-8.242;653.458;0.2963;-0.1632;0.0015;1.042;-3.083
3847;3.846;2.437;-7.279;637.452;0.0366;-0.1315;0.006;-2.215;3.915
3848;3.847;6.885;-9.348;660.724;0.1455;-0.1887;-0.0027;2.927;3.752
3849;3.848;3.631;-4.838;657.87;0.0628;-0.0903;0.0102;-5.203;0.958
3850;3.849;5.561;-9.613;672.013;0.112;-0.2055;-0.0032;2.98;4.519
3851;3.85;9.621;-7.502;682.803;0.1831;-0.1591;0.0005;-9.468;-3.828
3852;3.851;2.478;-5.809;659.986;0.0496;-0.1213;0.0024;1.723;-0.666
3853;3.852;11.655;-6.762;665.751;0.2232;-0.1162;-0.0037;0.857;-0.708
3854;3.853;11.056;-7.363;675.646;0.2089;-0.1421;0.0055;-4.735;-3.111
3855;3.854;5.284;-9.142;664.775;0.1133;-0.1792;-0.0043;5.222;5.843
3856;3.855;4.743;-10.986;663.047;0.0961;-0.2382;0.0042;7.899;1.373
3857;3.856;9.067;-5.577;673.221;0.1744;-0.1248;-0.0016;4.969;3.47
3858;3.857;2.996;-8.265;665.79;0.0575;-0.1621;0.0036;-2.207;-0.15
3859;3.858;6.491;-14.2;673.304;0.1275;-0.2582;-0.004;2.162;0.781
3860;3.859;6.755;-8.12;664.634;0.1241;-0.1546;0.0007;3.017;3.33
3861;3.86;8.633;-10.273;653.179;0.165;-0.2167;-0.0006;3.32;-6.231
3862;3.861;4.213;-8.079;671.295;0.0776;-0.17;-0.003;0.638;-1.55
3863;3.862;1.893;-7.078;674.83;0.0357;-0.1437;0.0025;-2.889;-1.674
3864;3.863;5.735;-7.808;679.137;0.1262;-0.159;-0.0045;1.245;-1.253
3865;3.864;6.061;-6.445;686.116;0.1161;-0.1172;0.0066;4.636;-2.507
3866;3.865;8.475;-9.515;680.411;0.1787;-0.1923;0.0029;5.324;-6.679
3867;3.866;5.015;-9.685;679.217;0.1038;-0.2057;0.0039;-3.55;1.169
3868;3.867;6.92;-10.818;675.532;0.1246;-0.2109;-0.0019;0.995;-1.341
3869;3.868;8.393;-9.466;664.069;0.1627;-0.1784;0.002;-5.484;1.466
3870;3.869;11.109;-8.525;675.899;0.2072;-0.1653;-0.0018;-7.657;5.519
3871;3.87;2.56;-11.83;680.083;0.0451;-0.231;0.0043;1.444;5.227
3872;3.871;5.91;-9.454;665.673;0.1352;-0.1904;0.0063;-1.93;-4.209
3873;3.872;7.135;-8.616;690.653;0.1412;-0.1675;-0.0007;3.627;3.932
3874;3.873;6.601;-7.825;675.414;0.153;-0.1682;-0.0068;-0.259;4.11
3875;3.874;5.002;-10.195;686.554;0.1068;-0.2218;0.0006;-10.587;2.559
3876;3.875;10.36;-11.212;679.723;0.2052;-0.2057;-0.0069;4.284;2.891
3877;3.876;4.092;-8.053;689.168;0.0847;-0.1624;0.0016;3.126;5.739
3878;3.877;6.933;-12.969;694.439;0.1388;-0.2542;-0.0019;-1.419;2.425
3879;3.878;6.174;-9.308;688.893;0.1243;-0.1927;0.0021;-1.102;4.642
3880;3.879;9.367;-7.269;693.153;0.1943;-0.125;0.0002;8.597;-8.85
3881;3.88;9.51;-10.068;695.922;0.2146;-0.2062;-0.008;-1.49;-4.277
3882;3.881;10.57;-5.736;688.22;0.2278;-0.1098;0.0062;-8.575;2.234
3883;3.882;9.216;-6.663;693.364;0.1892;-0.143;0.0001;3.825;7.991
3884;3.883;6.95;-8.765;698.889;0.1636;-0.1795;0.0068;-5.592;-2.053
3885;3.884;7.061;-11.092;697.468;0.1365;-0.2058;0.0013;2.153;6.731
3886;3.885;7.885;-7.297;695.829;0.1573;-0.1564;0.0067;-3.339;4.253
3887;3.886;6.135;-10.154;692.828;0.1234;-0.183;-0.0014;3.632;-3.27
3888;3.887;7.597;-9.343;708.607;0.1469;-0.1758;0.0041;-2.754;-4.854
3889;3.888;4.944;-8.129;700.636;0.1008;-0.1733;0.0009;-0.474;6.163
3890;3.889;11.979;-13.032;704.91;0.2326;-0.2524;-0.0006;-1.341;3.601
3891;3.89;8.622;-10.42;682.338;0.1867;-0.1988;0.0071;3.157;0.493
3892;3.891;2.719;-7.988;695.639;0.0544;-0.158;-0.0032;4.673;4.523
3893;3.892;9.806;-8.012;690.23;0.1973;-0.1498;0.0015;-0.89;3.867
3894;3.893;9.835;-6.092;699.004;0.1726;-0.1368;0.0076;-4.167;-0.668
3895;3.894;6.529;-8.291;711.241;0.1205;-0.1683;0.0017;-10.719;0.264
3896;3.895;7.305;-6.875;713.929;0.1459;-0.1469;0.0022;3.739;1.569
3897;3.896;8.511;-7.533;709.93;0.1638;-0.1447;-0.0132;-1.854;8.098
3898;3.897;8.875;-10.884;693.074;0.1748;-0.2137;0.0113;-4.492;-1.139
3899;3.898;6.75;-9.167;707.327;0.1421;-0.1883;0.0015;-0.798;-9.058
3900;3.899;5.561;-7.504;701.745;0.1026;-0.156;0.0002;5.512;-2.662
3901;3.9;8.5;-8.701;713.462;0.1719;-0.1761;0.0045;-7.331;0.289
3902;3.901;8.203;-9.791;713.421;0.1703;-0.2009;-0.0057;-1.465;2.377
3903;3.902;5.512;-7.951;700.458;0.1239;-0.1765;0.0009;6.733;0.543
3904;3.903;8.374;-11.681;715.401;0.1713;-0.2444;0.0017;4.06;0.036
3905;3.904;5.528;-7.992;707.278;0.1184;-0.1559;0.0007;3.106;4.565
3906;3.905;6.512;-7.483;714.473;0.1423;-0.1517;0.0042;0.564;-7.482
3907;3.906;10.182;-8.685;718.402;0.2102;-0.1668;-0.0041;1.258;-8.522
3908;3.907;7.257;-6.37;702.986;0.1299;-0.1308;-0.0043;-5.695;-4.546
3909;3.908;13.926;-10.919;715.065;0.2936;-0.2068;-0.0002;-5.364;-9.077
3910;3.909;8.98;-11.043;707.6;0.1625;-0.2246;0.0104;-4.505;-5.071
3911;3.91;10.735;-9.411;716.84;0.2086;-0.1899;-0.0056;4.029;-0.444
3912;3.911;9.636;-8.532;693.505;0.1864;-0.1569;0.0056;1.999;-0.711
3913;3.912;6.846;-6.712;715.37;0.1532;-0.1445;-0.0022;-1.901;2.959
3914;3.913;11.937;-11.501;707.514;0.2519;-0.2233;0.0055;-2.721;0.763
3915;3.914;11.3;-6.799;708.431;0.23;-0.1223;-0.0018;3.866;8.189
3916;3.915;10.951;-8.179;701.801;0.2193;-0.1665;0.0006;0.053;-12.493
3917;3.916;10.048;-10.141;714.369;0.1999;-0.1997;-0.0022;5.121;0.541
3918;3.917;5.491;-10.25;705.546;0.1119;-0.2009;-0.0023;1.064;5.265
3919;3.918;7.366;-8.446;699.086;0.1455;-0.165;0.0008;-1.256;-2.792
3920;3.919;8.295;-10.111;722.979;0.1759;-0.184;-0.0041;-2.386;0.26
3921;3.92;7.262;-3.331;705.715;0.1431;-0.0633;0.002;-3.507;-0.886
3922;3.921;8.421;-10.954;700.975;0.1577;-0.2099;0.0018;-1.427;5.62
3923;3.922;10.109;-7.25;710.547;0.2008;-0.1506;0.0046;3.659;-7.013
3924;3.923;5.434;-10.625;713.237;0.093;-0.225;-0.005;-1.994;-0.844
3925;3.924;12.784;-6.568;705.287;0.2613;-0.1303;-0.0049;-5.199;-0.646
3926;3.925;10.589;-4.581;712.928;0.2099;-0.094;-0.0003;1.06;0.843
3927;3.926;10.48;-6.562;699.23;0.2022;-0.1171;0.0059;9.414;-1.245
3928;3.927;10.568;-11.284;701.886;0.2118;-0.2195;-0.0049;1.446;6.741
3929;3.928;8.866;-10.17;704.058;0.164;-0.2023;0.008;2.266;-6.758
3930;3.929;10.43;-7.026;700.705;0.2011;-0.1323;0.0059;0.835;-1.919
3931;3.93;13.153;-8.041;706.404;0.2622;-0.1531;0.0082;-5.671;4.003
3932;3.931;6.198;-7.426;709.509;0.1077;-0.1366;-0.0037;-0.391;-12.36
3933;3.932;11.276;-10.164;697.328;0.2183;-0.1967;-0.0045;7.407;-2.467
3934;3.933;6.706;-8.815;694.867;0.1486;-0.1694;-0.0;-1.361;-4.079
3935;3.934;11.332;-9.091;700.115;0.2186;-0.1615;0.0028;-1.529;-8.112
3936;3.935;11.03;-9.357;692.835;0.2174;-0.1834;0.004;-0.718;1.521
3937;3.936;10.137;-8.053;697.586;0.2099;-0.1596;0.0037;0.28;-1.799
3938;3.937;12.481;-9.836;695.788;0.2478;-0.2005;-0.003;-0.047;1.175
3939;3.938;9.186;-5.312;707.302;0.1985;-0.1375;0.0097;0.033;-2.185
3940;3.939;8.773;-9.438;683.944;0.1795;-0.1968;0.007;-0.311;1.54
3941;3.94;12.205;-7.764;689.001;0.2425;-0.1566;-0.0003;4.788;-1.739
3942;3.941;6.558;-5.901;691.058;0.1138;-0.1257;0.0046;5.357;0.17
3943;3.942;8.818;-7.116;694.643;0.1803;-0.1446;0.0053;-10.825;-4.893
3944;3.943;11.49;-10.303;688.347;0.2301;-0.2062;-0.0;-6.399;-2.412
3945;3.944;11.704;-8.714;697.057;0.2406;-0.1988;0.0027;0.917;-8.609
3946;3.945;7.211;-12.11;696.395;0.1446;-0.2429;-0.0013;-4.494;-3.785
3947;3.946;6.042;-8.634;685.204;0.1072;-0.1691;-0.007;-7.218;-1.537
3948;3.947;12.047;-6.007;684.186;0.2555;-0.1178;-0.004;0.768;-7.289
3949;3.948;11.951;-8.512;682.173;0.2468;-0.1723;-0.004;-5.129;-2.775
3950;3.949;9.652;-8.582;699.34;0.2045;-0.1867;-0.0013;-5.705;6.448
3951;3.95;10.246;-3.28;693.333;0.1924;-0.07;0.0024;-2.205;7.651
3952;3.951;13.471;-11.162;693.496;0.2724;-0.2077;-0.003;12.488;4.969
3953;3.952;13.428;-11.506;707.181;0.2681;-0.2205;-0.0004;-3.792;-2.455
3954;3.953;9.168;-6.305;690.264;0.1827;-0.1194;-0.0014;0.646;7.889
3955;3.954;5.859;-6.13;686.206;0.1285;-0.12;0.004;0.868;-2.517
3956;3.955;12.551;-9.833;677.179;0.2421;-0.2028;0.0062;-3.118;-4.345
3957;3.956;7.404;-9.654;694.037;0.1401;-0.1758;-0.0016;-1.999;-0.555
3958;3.957;6.413;-10.334;687.572;0.1159;-0.2229;-0.0024;0.167;1.252
3959;3.958;6.234;-7.834;687.519;0.1205;-0.1496;-0.0001;-2.68;-5.485
3960;3.959;13.296;-8.768;706.328;0.2497;-0.1832;-0.0021;-0.945;-0.004
3961;3.96;12.165;-7.214;689.509;0.2354;-0.1629;-0.0051;1.156;-8.025
3962;3.961;10.012;-7.379;684.06;0.2091;-0.1515;-0.005;-0.485;5.931
3963;3.962;12.566;-8.639;686.712;0.249;-0.1857;-0.0057;-4.517;-0.896
3964;3.963;8.342;-9.815;691.013;0.1666;-0.1772;0.0072;-6.25;0.976
3965;3.964;10.542;-10.237;688.129;0.2053;-0.2259;0.0017;0.812;-3.842
3966;3.965;12.162;-8.438;696.913;0.2294;-0.1789;-0.0094;4.477;-9.323
3967;3.966;10.457;-8.219;693.538;0.214;-0.1691;-0.0063;-0.911;4.236
3968;3.967;11.839;-8.439;684.549;0.2293;-0.1741;0.004;0.217;3.203
3969;3.968;12.341;-8.344;692.063;0.2299;-0.1712;0.0034;-7.927;-4.684
3970;3.969;13.355;-8.417;688.383;0.2532;-0.1549;0.0013;2.135;-0.267
3971;3.97;11.511;-6.157;707.771;0.2337;-0.1266;-0.0024;-1.042;2.165
3972;3.971;7.792;-10.207;680.493;0.1432;-0.1933;-0.003;-2.942;-5.494
3973;3.972;9.145;-9.141;685.193;0.1888;-0.1691;-0.0092;5.524;3.323
3974;3.973;9.781;-4.813;678.054;0.2032;-0.0958;0.0035;1.393;-1.862
3975;3.974;11.968;-8.581;689.572;0.2488;-0.1748;-0.0003;-8.512;1.234
3976;3.975;8.738;-10.49;690.277;0.1664;-0.2056;-0.0003;0.177;1.467
3977;3.976;9.944;-5.105;684.931;0.1962;-0.1039;-0.0016;-3.423;-3.297
3978;3.977;15.414;-7.368;698.955;0.2948;-0.143;0.0068;2.865;0.635
3979;3.978;10.35;-11.421;690.244;0.1998;-0.24;-0.0021;4.563;2.428
3980;3.979;11.624;-4.979;701.87;0.2444;-0.1002;-0.003;1.92;-5.458
3981;3.98;8.494;-6.381;694.283;0.157;-0.1242;0.0066;3.312;5.728
3982;3.981;7.447;-9.527;692.845;0.135;-0.1982;0.0067;1.643;-5.431
3983;3.982;10.599;-4.521;697.104;0.1918;-0.0934;0.0013;2.497;-3.363
3984;3.983;9.661;-3.312;694.87;0.2039;-0.0701;0.0025;-1.278;2.872
3985;3.984;13.341;-7.129;713.032;0.264;-0.1655;0.0003;-12.028;1.873
3986;3.985;11.516;-6.398;706.75;0.2344;-0.1224;0.0019;-4.053;6.522
3987;3.986;12.673;-6.695;709.504;0.2473;-0.1174;-0.0056;-0.154;7.09
3988;3.987;12.625;-7.699;709.959;0.2705;-0.1451;-0.0004;0.616;1.327
3989;3.988;11.424;-9.0;704.332;0.2256;-0.1679;0.0024;-0.36;-2.217
3990;3.989;6.579;-5.783;706.168;0.1492;-0.0979;-0.0036;4.984;7.18
3991;3.99;12.4;-7.623;713.397;0.2354;-0.1457;0.0026;-3.236;1.093
3992;3.991;13.969;-9.985;711.616;0.2636;-0.2128;0.008;-0.254;-6.473
3993;3.992;14.624;-7.313;714.969;0.3035;-0.1323;-0.0057;-5.75;-1.285
3994;3.993;12.141;-3.75;707.309;0.2544;-0.0629;-0.0082;-0.957;-6.649
3995;3.994;9.644;-4.221;700.857;0.2074;-0.0815;-0.0056;-6.016;2.91
3996;3.995;13.001;-8.944;714.554;0.2606;-0.1836;-0.0004;-8.55;-2.367
3997;3.996;12.963;-1.226;721.143;0.252;-0.0181;0.0035;6.861;1.295
3998;3.997;10.871;-8.521;723.289;0.2073;-0.1627;0.0058;-5.377;-3.797
3999;3.998;9.987;-5.721;729.98;0.2073;-0.1106;-0.0014;-3.276;1.979
4000;3.999;14.416;-5.211;706.467;0.295;-0.105;0.0034;-9.72;0.332
4001;4.0;10.331;-4.941;715.496;0.2184;-0.11;-0.0021;-5.477;2.676
4002;4.001;9.535;-3.533;700.101;0.2079;-0.0683;0.0027;-0.388;3.528
4003;4.002;10.134;-7.223;726.612;0.2057;-0.1547;0.0015;-3.085;-7.48
4004;4.003;10.36;-8.215;715.228;0.1954;-0.1574;0.0002;0.412;-4.32
4005;4.004;9.339;-3.219;720.777;0.1874;-0.0537;-0.0017;3.038;-0.552
4006;4.005;10.329;-6.893;726.053;0.203;-0.1425;-0.0046;-11.923;-6.908
4007;4.006;9.61;-4.468;722.908;0.1695;-0.0884;0.0009;10.045;3.311
4008;4.007;13.297;-4.406;733.119;0.2632;-0.0915;-0.007;-2.882;4.296
4009;4.008;9.316;-3.866;724.105;0.1975;-0.0848;-0.003;-5.685;-1.851
4010;4.009;11.947;-6.151;737.626;0.2351;-0.1234;-0.0002;0.505;2.048
4011;4.01;12.626;-7.581;735.297;0.2594;-0.1649;0.0047;-3.797;-4.198
4012;4.011;15.891;-2.842;738.7;0.3324;-0.065;0.0046;-3.762;5.858
4013;4.012;12.284;-6.13;731.542;0.2395;-0.1137;0.001;4.111;-0.17
4014;4.013;12.6;-0.583;718.525;0.2542;-0.0068;0.0028;0.408;-2.504
4015;4.014;12.741;-7.32;721.415;0.2362;-0.1485;-0.0027;-1.66;-4.018
4016;4.015;15.798;-6.022;738.165;0.3275;-0.1135;-0.0039;2.295;-1.32
4017;4.016;9.754;-8.462;748.203;0.1934;-0.1599;0.0049;-7.2;-2.484
4018;4.017;13.505;-10.694;736.86;0.2583;-0.2282;-0.0044;8.353;-0.13
4019;4.018;7.379;-5.978;743.3;0.1419;-0.1136;0.0041;-3.063;4.425
4020;4.019;17.246;-2.59;752.765;0.3427;-0.0454;0.0084;5.132;4.544
4021;4.02;13.276;-6.546;738.787;0.2813;-0.1105;0.0036;-3.257;5.184
4022;4.021;14.665;-7.559;744.89;0.2856;-0.1486;0.0116;-4.536;-0.772
4023;4.022;12.807;-6.054;755.872;0.2574;-0.1281;-0.0009;-11.247;3.993
4024;4.023;10.998;-3.227;741.745;0.2238;-0.062;-0.0038;6.027;-2.955
4025;4.024;9.841;-3.738;754.395;0.1984;-0.0831;-0.0003;6.814;3.136
4026;4.025;12.389;-4.519;748.979;0.2626;-0.0896;-0.001;-3.744;3.246
4027;4.026;11.103;-6.126;730.684;0.2577;-0.1033;-0.0024;-4.543;-5.553
4028;4.027;11.969;-4.338;761.993;0.2273;-0.0884;0.0065;10.114;15.529
4029;4.028;12.265;-4.365;748.852;0.2497;-0.1024;0.0022;-2.139;5.642
4030;4.029;7.29;-1.752;753.252;0.1447;-0.0293;0.0031;9.582;4.384
4031;4.03;12.074;-6.617;758.814;0.2289;-0.1236;0.0047;-7.206;1.904
4032;4.031;10.664;-4.875;756.219;0.2147;-0.0946;-0.0042;3.662;-2.905
4033;4.032;10.629;-5.595;750.165;0.2082;-0.1125;-0.0001;-0.136;-1.455
4034;4.033;10.567;-1.205;753.202;0.2193;-0.0109;0.0039;-6.115;-3.258
4035;4.034;13.196;-9.006;758.567;0.2625;-0.175;0.0016;7.583;7.194
4036;4.035;16.611;-1.327;774.123;0.3219;-0.0464;-0.0051;-4.95;1.874
4037;4.036;16.51;-2.47;750.289;0.3193;-0.0557;0.0017;0.847;2.427
4038;4.037;11.897;-5.224;742.119;0.2432;-0.1232;0.0046;-3.257;4.082
4039;4.038;7.75;-8.05;753.448;0.1587;-0.1622;0.0033;-0.595;-6.52
4040;4.039;12.356;-1.97;752.515;0.2417;-0.0267;-0.0022;-2.471;2.419
4041;4.04;13.846;-6.087;762.408;0.2591;-0.1278;0.0094;1.17;-0.805
4042;4.041;10.083;-4.447;766.851;0.1746;-0.0817;-0.0075;-7.207;-2.638
4043;4.042;10.709;-4.078;750.436;0.2097;-0.0998;0.0069;-3.457;2.839
4044;4.043;15.834;-2.121;753.541;0.3195;-0.0352;-0.0041;-0.368;1.417
4045;4.044;13.167;-3.648;765.772;0.2846;-0.078;0.0074;5.931;0.105
4046;4.045;14.947;-1.651;746.231;0.2988;-0.0282;0.003;-0.751;4.585
4047;4.046;11.689;-4.714;730.894;0.2329;-0.0949;-0.0018;3.107;6.456
4048;4.047;8.859;-1.897;756.775;0.1596;-0.0334;-0.0051;-5.204;0.224
4049;4.048;11.062;-5.279;758.366;0.2278;-0.1064;0.0091;5.842;-1.503
4050;4.049;11.333;-4.801;756.291;0.2174;-0.0969;-0.0074;-0.215;-10.265
4051;4.05;10.21;0.886;742.69;0.2171;0.0222;0.009;-5.876;15.032
4052;4.051;11.339;-1.368;739.124;0.2254;-0.0114;0.0057;-6.698;2.703
4053;4.052;16.318;-6.849;754.79;0.3137;-0.1449;-0.0028;-4.524;4.748
4054;4.053;14.131;-6.383;743.997;0.2917;-0.1344;0.0017;-4.19;-0.508
4055;4.054;10.666;-3.58;738.747;0.2068;-0.0762;0.0028;2.997;1.989
4056;4.055;10.332;-0.929;746.1;0.2106;-0.017;0.0084;-2.39;-4.103
4057;4.056;13.31;-2.513;742.362;0.2619;-0.0442;-0.0005;3.642;1.094
4058;4.057;11.735;-1.465;742.255;0.2222;-0.0328;0.0063;-3.859;5.932
4059;4.058;12.032;-3.617;742.564;0.2476;-0.0731;0.005;-0.115;-4.894
4060;4.059;9.13;0.77;733.14;0.2078;0.0111;-0.004;3.552;-3.747
4061;4.06;12.907;-3.312;747.832;0.2682;-0.0672;-0.002;7.513;5.102
4062;4.061;11.602;-0.231;724.141;0.2309;-0.0095;0.0001;-4.793;1.608
4063;4.062;14.042;-0.491;737.87;0.3005;-0.0228;0.0123;3.054;0.303
4064;4.063;9.833;1.284;751.564;0.1912;0.0268;-0.0042;-0.54;2.623
4065;4.064;11.906;-7.158;744.671;0.251;-0.1221;-0.0044;-0.777;-2.083
4066;4.065;13.776;-1.566;748.117;0.2677;-0.0096;0.0015;3.133;-2.774
4067;4.066;14.78;-2.252;723.079;0.2996;-0.0436;0.0011;-2.166;-1.697
4068;4.067;12.566;-1.793;735.203;0.246;-0.0481;0.0011;-5.822;-1.425
4069;4.068;10.624;-1.887;752.65;0.2061;-0.0293;0.0052;-0.824;7.072
4070;4.069;8.607;0.396;737.833;0.1734;-0.0061;-0.0081;-3.151;-2.757
4071;4.07;13.22;-0.228;723.898;0.2589;0.011;0.006;-1.473;-13.968
4072;4.071;9.603;-2.943;732.93;0.205;-0.0665;-0.0013;-1.971;18.95
4073;4.072;12.728;-1.356;739.348;0.2438;-0.034;0.0004;-1.091;11.929
4074;4.073;13.445;-3.985;730.222;0.2699;-0.1026;-0.0095;-0.097;7.358
4075;4.074;16.167;-0.763;736.728;0.3234;-0.0253;-0.004;-6.792;-0.268
4076;4.075;11.141;-0.254;729.694;0.2206;-0.0003;-0.0027;-0.872;-7.372
4077;4.076;12.041;0.123;749.138;0.224;0.0099;0.0029;3.116;2.501
4078;4.077;9.35;0.519;736.682;0.1843;0.001;0.0082;-4.308;0.023
4079;4.078;12.319;-3.154;731.657;0.2474;-0.0677;-0.0073;5.163;-2.011
4080;4.079;13.167;-2.312;738.3;0.2748;-0.0474;-0.0038;4.283;1.433
4081;4.08;14.152;-1.566;730.81;0.3039;-0.0507;-0.0015;-0.122;-4.599
4082;4.081;12.306;-1.684;732.514;0.2413;-0.0244;-0.0019;-6.382;2.781
4083;4.082;10.545;1.675;723.314;0.2275;0.0366;-0.0004;1.697;3.923
4084;4.083;10.243;-0.35;735.718;0.2074;0.0072;0.0042;-2.091;-1.001
4085;4.084;8.273;-0.442;739.353;0.1523;-0.0235;0.0016;-11.024;4.282
4086;4.085;10.23;-2.945;734.156;0.2088;-0.0595;-0.0017;-9.339;2.752
4087;4.086;17.364;-4.515;719.306;0.3508;-0.0916;-0.0009;-5.98;3.786
4088;4.087;11.013;-0.964;725.596;0.2258;-0.0071;0.0055;-2.709;3.188
4089;4.088;6.831;0.803;725.409;0.1353;0.0131;0.0091;4.185;7.114
4090;4.089;12.318;2.764;733.467;0.2281;0.0429;-0.0026;1.688;-6.522
4091;4.09;5.949;1.201;731.156;0.1155;0.0303;-0.0099;-5.173;-5.938
4092;4.091;14.386;1.254;732.607;0.2969;0.0262;-0.0079;0.469;2.518
4093;4.092;11.97;-0.389;726.454;0.2321;0.0034;-0.002;-0.602;3.395
4094;4.093;12.008;1.875;725.186;0.2442;0.0372;-0.0012;8.757;3.317
4095;4.094;12.933;0.374;735.561;0.2759;-0.0035;0.0016;-2.777;-13.261
4096;4.095;15.985;3.744;731.437;0.3211;0.0728;-0.0041;-1.21;-1.227
4097;4.096;9.56;1.331;732.188;0.1827;0.0259;0.0063;1.4;-5.139
4098;4.097;11.502;-1.288;721.759;0.2267;-0.0239;0.0023;1.046;-8.004
4099;4.098;11.074;-0.298;736.288;0.2432;-0.0149;0.0003;3.508;-5.439
4100;4.099;10.561;0.926;727.185;0.2116;0.0077;0.0024;9.905;-0.315
4101;4.1;9.782;-0.8;730.99;0.1935;-0.0272;-0.0057;0.18;5.593
4102;4.101;9.464;-1.711;727.769;0.1934;-0.0519;-0.0011;2.873;10.223
4103;4.102;15.351;-2.717;737.017;0.2819;-0.0514;0.0046;-3.13;-3.526
4104;4.103;15.242;-2.323;731.676;0.2812;-0.0479;0.01;2.306;1.112
4105;4.104;14.851;0.133;744.971;0.3062;-0.0103;-0.0016;2.721;-8.821
4106;4.105;12.601;-0.658;741.399;0.2558;-0.0165;0.0006;0.771;-0.478
4107;4.106;7.086;-3.064;738.485;0.1483;-0.0563;-0.0003;-7.696;8.477
4108;4.107;8.177;-0.519;724.393;0.1691;-0.0061;-0.0101;-7.428;0.054
4109;4.108;13.027;0.667;742.736;0.2624;0.0119;-0.0012;-3.241;-2.842
4110;4.109;9.522;-0.097;736.118;0.1824;-0.0127;0.0069;3.691;-6.514
4111;4.11;13.036;1.698;737.31;0.2656;0.0251;0.0074;4.335;1.866
4112;4.111;12.811;1.43;745.002;0.2541;0.0338;-0.0026;4.158;-7.825
4113;4.112;12.53;0.373;749.869;0.2508;0.0133;-0.0066;3.442;0.661
4114;4.113;16.137;4.053;746.349;0.3261;0.0792;-0.0017;-0.556;2.803
4115;4.114;11.228;-2.026;745.536;0.2107;-0.0369;0.0059;-3.218;2.775
4116;4.115;13.241;1.405;754.442;0.2818;0.0208;0.0087;0.847;-2.373
4117;4.116;10.081;2.688;748.474;0.1926;0.0613;-0.0005;-9.873;13.624
4118;4.117;9.082;0.781;742.566;0.1902;0.0208;0.0066;-1.621;0.194
4119;4.118;11.428;2.303;752.71;0.2333;0.0432;0.0093;2.024;3.081
4120;4.119;8.99;0.878;749.436;0.182;0.0156;-0.0056;3.736;4.424
4121;4.12;15.019;-1.052;746.899;0.2974;-0.0235;0.0036;3.61;8.057
4122;4.121;10.256;4.638;736.385;0.2068;0.0987;0.0014;4.254;-2.001
4123;4.122;12.788;-0.089;756.873;0.2516;-0.0055;0.0012;-6.112;-1.19
4124;4.123;11.8;0.608;754.347;0.2384;-0.0033;-0.0011;-10.04;-2.455
4125;4.124;7.651;5.245;765.974;0.1668;0.1077;-0.0006;-3.075;1.962
4126;4.125;13.228;0.894;757.084;0.2931;0.0063;-0.0053;7.283;-4.098
4127;4.126;7.742;1.205;753.366;0.1599;0.0111;-0.0003;-12.025;3.968
4128;4.127;12.837;-1.699;755.858;0.2612;-0.0472;0.0055;1.312;-1.329
4129;4.128;7.195;0.055;751.726;0.1458;0.0029;0.0011;-3.11;0.614
4130;4.129;8.509;0.524;756.12;0.1869;0.0082;-0.0108;5.497;7.467
4131;4.13;7.981;1.979;763.117;0.1448;0.0491;-0.0032;3.125;-5.086
4132;4.131;9.503;-1.704;761.14;0.2021;-0.0264;0.0067;-2.927;2.656
4133;4.132;12.286;3.983;765.838;0.2336;0.0884;-0.0;-4.035;-5.947
4134;4.133;13.63;6.563;764.277;0.2555;0.1344;-0.0064;3.564;6.48
4135;4.134;7.945;6.088;768.362;0.16;0.1114;-0.005;14.804;0.877
4136;4.135;5.503;0.404;766.301;0.108;0.0009;0.0055;8.776;9.242
4137;4.136;10.27;2.057;765.703;0.2189;0.0375;-0.006;1.502;-9.104
4138;4.137;8.164;4.949;758.394;0.1614;0.103;-0.0059;3.615;-3.011
4139;4.138;8.904;3.015;790.903;0.1993;0.0461;-0.0096;-7.702;1.516
4140;4.139;10.245;1.704;758.269;0.2218;0.0487;-0.0061;3.997;-2.299
4141;4.14;10.165;4.88;775.031;0.2049;0.0895;0.0008;2.341;2.13
4142;4.141;8.742;1.475;773.963;0.177;0.0219;-0.0029;2.278;8.722
4143;4.142;11.338;5.221;777.994;0.2161;0.1171;0.0018;1.75;2.535
4144;4.143;12.766;2.854;777.647;0.2631;0.0532;0.0012;-2.847;-5.611
4145;4.144;13.41;2.896;765.831;0.2722;0.0688;0.0033;2.206;3.387
4146;4.145;12.473;3.271;770.467;0.2553;0.0677;-0.0021;-6.321;-2.075
4147;4.146;9.371;4.757;769.018;0.1813;0.0989;0.0019;6.867;4.499
4148;4.147;8.77;1.07;783.188;0.174;0.0217;0.0027;-6.268;-2.421
4149;4.148;11.854;3.295;792.53;0.2306;0.0542;0.0001;1.034;-0.125
4150;4.149;10.961;3.306;776.342;0.2165;0.0466;-0.0088;3.491;5.949
4151;4.15;11.47;4.838;776.347;0.2439;0.0927;-0.004;4.847;-4.965
4152;4.151;7.793;3.463;785.097;0.1597;0.0784;-0.0042;-7.186;-2.894
4153;4.152;11.667;2.856;786.529;0.2384;0.062;-0.0003;0.97;-2.087
4154;4.153;8.573;3.889;782.185;0.1774;0.0741;0.0028;1.572;-3.757
4155;4.154;8.231;3.357;778.187;0.1792;0.0726;0.0024;2.17;3.433
4156;4.155;10.412;3.305;782.139;0.2213;0.058;-0.0073;-1.216;-1.186
4157;4.156;15.264;5.337;780.42;0.3136;0.1159;0.005;1.987;3.807
4158;4.157;8.93;4.891;780.851;0.172;0.1116;0.0001;1.462;1.819
4159;4.158;8.455;0.209;779.61;0.16;0.019;-0.0013;2.59;-2.429
4160;4.159;10.775;0.223;778.108;0.2357;0.0078;0.001;-8.166;-3.503
4161;4.16;7.443;5.711;770.051;0.146;0.1203;0.004;1.171;-2.298
4162;4.161;10.455;5.215;768.574;0.2233;0.0902;0.0062;3.561;2.765
4163;4.162;15.323;7.91;779.543;0.2944;0.1805;0.002;-0.883;3.812
4164;4.163;11.797;2.627;785.258;0.2344;0.0815;0.0078;-0.676;-7.64
4165;4.164;11.065;4.664;772.709;0.2039;0.0861;0.002;1.217;-5.114
4166;4.165;11.619;6.005;781.01;0.2307;0.1189;0.0088;-2.25;7.7
4167;4.166;9.945;6.374;785.911;0.1991;0.1347;0.0055;1.483;2.065
4168;4.167;11.045;5.319;765.799;0.2319;0.1023;0.001;-2.158;-2.289
4169;4.168;8.467;4.125;781.21;0.163;0.0735;0.0017;1.527;-5.284
4170;4.169;10.28;7.98;768.092;0.2264;0.1691;-0.0058;9.975;1.431
4171;4.17;14.956;3.195;768.897;0.2933;0.0581;0.0059;4.599;-3.054
4172;4.171;15.204;3.726;769.76;0.305;0.0808;0.0018;-10.164;-3.383
4173;4.172;12.408;7.427;778.298;0.2645;0.1306;-0.0009;1.337;-2.757
4174;4.173;14.555;4.273;784.268;0.2909;0.0897;0.01;0.667;5.609
4175;4.174;11.997;6.583;776.779;0.2423;0.1398;0.0041;2.033;-0.093
4176;4.175;12.181;3.477;774.964;0.2434;0.0451;0.0016;-6.584;2.751
4177;4.176;8.411;4.174;764.807;0.1731;0.0856;0.0013;1.19;-4.554
4178;4.177;13.127;8.181;757.92;0.2662;0.1574;-0.0062;-1.935;11.251
4179;4.178;13.195;7.316;770.727;0.2661;0.147;0.0013;-0.874;5.162
4180;4.179;10.371;4.918;774.745;0.2002;0.106;0.0005;-7.379;0.593
4181;4.18;10.909;4.004;780.627;0.2166;0.07;0.0125;-0.175;3.089
4182;4.181;8.721;5.567;783.172;0.1774;0.106;-0.0028;-2.37;10.274
4183;4.182;11.657;6.153;759.171;0.2176;0.108;0.0034;2.397;-2.985
4184;4.183;10.373;7.192;773.951;0.2182;0.1281;-0.0084;2.221;-14.484
4185;4.184;9.667;5.52;768.226;0.2153;0.0954;0.0047;-7.633;0.01
4186;4.185;9.772;3.742;762.698;0.1995;0.0881;-0.0029;4.006;-0.548
4187;4.186;8.835;5.814;764.343;0.1853;0.1228;0.0053;-6.138;-8.035
4188;4.187;7.825;4.917;777.295;0.1671;0.0895;0.0069;-3.333;4.476
4189;4.188;6.441;10.56;746.163;0.1199;0.2161;0.0017;-3.415;-5.358
4190;4.189;12.303;3.985;744.768;0.2534;0.0762;-0.0033;-4.18;6.765
4191;4.19;5.73;4.54;752.021;0.1104;0.0956;-0.0014;1.098;4.943
4192;4.191;13.409;7.404;749.714;0.2816;0.152;-0.0076;2.098;-3.043
4193;4.192;9.314;5.01;757.801;0.1885;0.1028;0.003;-5.5;3.076
4194;4.193;9.108;8.426;753.363;0.1848;0.1591;0.0083;6.737;4.918
4195;4.194;9.203;5.065;736.004;0.1725;0.0939;0.0035;-7.872;4.335
4196;4.195;6.731;3.686;735.239;0.1304;0.083;-0.0066;6.055;3.83
4197;4.196;9.122;6.446;746.887;0.1745;0.1414;-0.0009;-5.195;2.619
4198;4.197;8.827;5.543;749.489;0.1846;0.1085;-0.0003;-2.455;-1.119
4199;4.198;7.653;9.574;760.206;0.1437;0.176;-0.0012;4.7;-0.638
4200;4.199;7.938;7.665;740.903;0.1637;0.1607;0.0046;5.724;9.176
4201;4.2;12.752;3.231;748.357;0.2518;0.0662;0.0042;-1.117;-5.566
4202;4.201;13.697;1.895;735.19;0.262;0.058;0.0058;-0.553;-3.012
4203;4.202;7.235;1.575;760.996;0.1462;0.0405;0.0069;-6.224;4.463
4204;4.203;4.362;2.162;734.869;0.0804;0.0243;0.0;1.589;-3.386
4205;4.204;5.387;5.199;739.076;0.1066;0.108;0.0029;9.778;4.673
4206;4.205;7.915;3.709;740.062;0.1368;0.0502;0.0034;4.977;8.405
4207;4.206;4.575;8.353;740.089;0.1002;0.1647;0.003;4.863;-4.739
4208;4.207;12.051;3.481;744.469;0.2491;0.065;-0.0001;2.616;4.428
4209;4.208;9.256;5.344;735.468;0.1827;0.102;0.0023;-1.505;2.236
4210;4.209;4.183;4.564;745.265;0.0735;0.1085;0.0073;-4.258;3.13
4211;4.21;7.22;12.209;740.211;0.1496;0.252;-0.0023;-0.878;-1.949
4212;4.211;10.084;6.092;731.978;0.2;0.1236;0.0045;-0.622;4.833
4213;4.212;3.526;6.158;733.461;0.0624;0.0957;-0.0052;4.742;-0.942
4214;4.213;6.807;6.764;734.447;0.1321;0.1438;0.0083;-2.126;-3.775
4215;4.214;11.394;8.853;737.462;0.23;0.1612;-0.004;-0.205;-2.274
4216;4.215;13.097;10.211;742.894;0.2685;0.1941;-0.0008;8.597;5.135
4217;4.216;11.591;11.819;741.683;0.245;0.2596;-0.0014;0.803;-5.256
4218;4.217;7.481;7.056;717.212;0.1513;0.1405;0.0121;-5.17;-5.644
4219;4.218;9.108;6.222;746.538;0.17;0.1335;0.0003;3.635;-1.467
4220;4.219;4.72;7.136;729.187;0.0765;0.1413;0.0069;2.764;-3.597
4221;4.22;8.32;10.938;728.74;0.166;0.2168;-0.0027;0.813;4.584
4222;4.221;2.926;10.277;736.88;0.0623;0.2139;-0.0056;1.233;1.357
4223;4.222;8.044;4.901;721.357;0.1576;0.0901;-0.0048;-5.839;-7.783
4224;4.223;8.913;7.433;745.77;0.1897;0.1503;0.0056;6.269;6.735
4225;4.224;6.68;10.589;736.833;0.1243;0.2141;-0.0061;-5.914;1.564
4226;4.225;4.372;8.756;724.791;0.0865;0.166;-0.0009;-5.269;-2.633
4227;4.226;8.408;4.379;742.627;0.1581;0.0867;-0.0052;-0.474;3.105
4228;4.227;9.91;10.616;721.883;0.2251;0.2226;-0.0018;-2.131;0.053
4229;4.228;7.463;3.343;734.833;0.1517;0.0515;0.002;-3.654;3.558
4230;4.229;7.54;9.478;740.077;0.1532;0.1881;-0.0002;-5.721;-0.248
4231;4.23;10.911;5.081;733.365;0.2052;0.1077;-0.0045;-0.469;-1.379
4232;4.231;10.269;7.976;744.429;0.2077;0.1575;-0.0093;0.607;-3.067
4233;4.232;3.228;6.208;737.736;0.0582;0.1282;-0.0018;-5.108;3.047
4234;4.233;8.501;6.264;722.036;0.1758;0.1189;0.0049;-2.422;-2.828
4235;4.234;4.039;8.261;733.266;0.0653;0.1688;-0.0025;5.268;-3.547
4236;4.235;9.762;8.751;749.993;0.18;0.1738;0.0049;-6.384;-6.369
4237;4.236;4.935;7.757;739.501;0.0943;0.1533;0.0014;-1.035;11.08
4238;4.237;6.127;6.942;743.727;0.1293;0.1481;0.0145;-2.621;4.15
4239;4.238;9.515;12.625;738.447;0.1967;0.2518;0.0031;-12.289;-7.568
4240;4.239;11.256;10.327;735.734;0.2176;0.2275;0.0002;-6.327;-3.656
4241;4.24;6.752;7.071;741.714;0.1485;0.1468;-0.0084;-4.627;-11.052
4242;4.241;5.193;7.875;750.469;0.0915;0.1394;-0.0106;1.88;2.519
4243;4.242;4.583;4.551;739.232;0.08;0.0832;-0.0002;-0.536;-8.482
4244;4.243;9.627;8.581;745.128;0.1962;0.1662;-0.0009;-8.277;-6.267
4245;4.244;11.214;6.02;746.413;0.2169;0.1166;0.0117;2.228;6.632
4246;4.245;8.011;9.085;734.384;0.1656;0.1826;-0.0008;9.34;6.082
4247;4.246;5.949;8.86;744.653;0.1029;0.1817;-0.0109;-6.355;5.322
4248;4.247;1.789;6.407;749.605;0.0392;0.135;0.0026;6.505;3.781
4249;4.248;4.36;9.893;760.419;0.0912;0.187;-0.0004;-3.864;9.359
4250;4.249;15.915;6.187;769.296;0.3408;0.1337;-0.0004;-5.766;-6.788
4251;4.25;7.665;11.121;743.284;0.1332;0.2383;-0.0015;6.345;1.699
4252;4.251;9.493;9.761;756.761;0.1844;0.1941;-0.005;-11.398;-2.222
4253;4.252;7.689;9.053;757.356;0.1714;0.2047;0.0073;0.986;-4.962
4254;4.253;7.647;7.204;763.102;0.1504;0.1513;-0.0074;5.112;-2.241
4255;4.254;1.118;7.351;754.457;0.029;0.1328;0.0055;-2.088;-5.093
4256;4.255;4.051;7.711;773.763;0.0821;0.1687;0.0016;-5.226;-6.197
4257;4.256;4.097;9.485;755.561;0.0789;0.1879;-0.0002;-8.866;3.338
4258;4.257;2.137;9.723;751.702;0.0357;0.1751;-0.0074;1.835;6.529
4259;4.258;1.437;13.053;737.642;0.0266;0.2569;0.0064;0.566;2.442
4260;4.259;2.782;12.338;749.733;0.0491;0.2487;-0.0011;0.321;-3.246
4261;4.26;8.849;7.213;748.955;0.1932;0.1441;-0.0087;0.638;5.933
4262;4.261;1.626;3.023;757.631;0.0408;0.0685;0.0061;-8.752;2.61
4263;4.262;7.626;9.289;755.262;0.167;0.1853;-0.0052;6.352;1.704
4264;4.263;4.72;10.157;767.344;0.0999;0.1826;0.0052;8.585;5.395
4265;4.264;4.929;7.927;765.223;0.0944;0.143;-0.0002;2.958;3.129
4266;4.265;7.871;11.607;763.775;0.1473;0.2476;-0.0043;3.795;1.6
4267;4.266;7.877;6.281;749.02;0.1583;0.1256;0.006;-11.784;4.74
4268;4.267;3.65;9.612;755.464;0.0744;0.1883;-0.0005;-0.084;-1.172
4269;4.268;1.547;8.154;772.531;0.0277;0.1861;0.0002;2.956;1.915
4270;4.269;3.872;6.94;766.089;0.0733;0.1404;-0.0022;3.105;-7.64
4271;4.27;5.763;5.31;761.134;0.1085;0.1237;0.0;7.725;3.285
4272;4.271;7.9;11.526;747.48;0.1482;0.2305;0.0007;0.796;3.884
4273;4.272;7.726;9.53;764.817;0.1662;0.1773;-0.001;-3.373;-5.315
4274;4.273;6.37;6.436;765.352;0.1269;0.1324;0.0039;4.36;-1.646
4275;4.274;5.304;7.251;751.636;0.1092;0.1543;-0.0004;-5.271;-3.589
4276;4.275;5.153;11.078;739.539;0.0914;0.2304;0.0011;0.269;-2.486
4277;4.276;2.767;9.044;765.773;0.0597;0.171;-0.005;-1.09;0.818
4278;4.277;3.483;7.346;752.176;0.0803;0.1633;-0.009;-5.253;6.754
4279;4.278;3.397;9.562;768.148;0.0622;0.1937;-0.0051;6.601;-5.928
4280;4.279;3.413;9.452;760.446;0.0718;0.1935;-0.0041;-4.89;-7.249
4281;4.28;4.09;9.161;767.345;0.086;0.1762;-0.0087;-0.682;2.479
4282;4.281;9.077;7.992;762.252;0.1666;0.1649;0.0039;0.778;2.14
4283;4.282;2.379;7.625;747.098;0.0381;0.1547;0.0059;6.532;-0.963
4284;4.283;7.7;9.287;774.181;0.1689;0.1714;-0.0039;-2.857;2.866
4285;4.284;2.523;7.089;758.82;0.037;0.1424;-0.0009;-10.418;-7.326
4286;4.285;8.886;10.291;750.336;0.1912;0.2257;-0.0031;-6.338;-10.415
4287;4.286;5.938;9.94;741.273;0.1221;0.1947;0.0044;-1.398;-3.971
4288;4.287;5.702;8.1;764.288;0.1109;0.1463;0.0018;4.693;6.61
4289;4.288;4.146;9.194;765.791;0.099;0.18;-0.0021;-1.228;4.829
4290;4.289;5.793;8.458;766.568;0.1017;0.1725;0.0017;-3.067;-1.488
4291;4.29;9.504;7.682;753.848;0.1687;0.1593;0.0075;0.654;0.689
4292;4.291;0.766;6.491;754.534;0.0167;0.1325;0.0002;-9.642;-0.716
4293;4.292;5.988;9.556;743.658;0.1278;0.1792;-0.0003;0.844;2.097
4294;4.293;8.675;8.859;733.683;0.1596;0.1908;0.0043;-1.101;1.444
4295;4.294;2.781;10.092;744.33;0.0453;0.1979;-0.006;9.781;-6.58
4296;4.295;5.793;6.202;744.19;0.1176;0.1277;0.0091;-9.721;3.515
4297;4.296;2.648;9.243;755.098;0.0573;0.1867;-0.0049;-6.889;-4.963
4298;4.297;6.598;8.601;751.453;0.1275;0.1704;-0.0025;-4.314;-1.486
4299;4.298;1.926;6.931;744.837;0.0461;0.144;0.0001;7.255;-1.717
4300;4.299;3.472;7.972;737.206;0.0687;0.1681;0.0029;-2.154;1.046
4301;4.3;6.379;6.078;747.568;0.1156;0.1273;0.0029;-2.588;-3.394
4302;4.301;7.509;8.746;744.819;0.1495;0.1711;0.0047;7.781;5.282
4303;4.302;1.047;5.846;744.497;0.0277;0.1225;-0.0013;-1.146;5.181
4304;4.303;0.837;5.362;767.417;0.0007;0.1065;-0.0011;-1.686;-4.975
4305;4.304;3.909;9.744;740.047;0.0676;0.1833;-0.003;1.841;-2.12
4306;4.305;2.737;12.782;741.527;0.0594;0.2596;0.0026;-1.83;-6.442
4307;4.306;0.79;9.174;742.666;0.0218;0.1829;-0.0025;1.045;1.979
4308;4.307;2.74;13.783;734.898;0.0451;0.2766;-0.0055;-9.386;1.178
4309;4.308;7.165;10.525;726.19;0.1317;0.2079;0.007;-2.952;4.226
4310;4.309;5.426;6.747;737.37;0.0988;0.1286;0.0049;2.122;16.517
4311;4.31;5.805;11.698;732.986;0.1179;0.2331;-0.0013;-6.475;4.579
4312;4.311;5.016;7.548;726.391;0.1157;0.1521;-0.0082;4.069;-3.146
4313;4.312;4.518;6.632;733.271;0.099;0.1337;-0.0029;0.995;-4.898
4314;4.313;-1.231;11.312;731.863;-0.0289;0.2349;-0.0042;-8.305;5.951
4315;4.314;4.951;10.668;726.923;0.0758;0.2158;-0.0016;-5.399;0.308
4316;4.315;1.283;8.713;723.88;0.03;0.1722;-0.0043;9.133;-5.714
4317;4.316;3.27;11.869;728.646;0.0663;0.2391;0.0076;-4.596;5.287
4318;4.317;4.993;12.84;708.425;0.0955;0.2594;0.0036;-0.927;-1.957
4319;4.318;4.727;8.542;716.042;0.1085;0.1497;-0.0044;-5.796;-1.636
4320;4.319;6.835;7.949;710.843;0.1357;0.1485;-0.0018;-1.846;6.66
4321;4.32;0.124;6.577;714.167;0.0129;0.1369;0.0081;4.95;-5.977
4322;4.321;4.951;9.894;723.759;0.1034;0.203;0.0093;-2.927;-3.07
4323;4.322;0.527;7.976;715.961;0.0011;0.1476;-0.0026;-8.231;-6.76
4324;4.323;-1.102;7.119;713.075;-0.0258;0.1389;0.0102;-1.25;-1.45
4325;4.324;0.565;6.029;723.844;0.0097;0.1247;-0.0012;-4.426;-2.19
4326;4.325;6.47;9.971;711.566;0.1396;0.1909;0.0103;-0.814;5.037
4327;4.326;4.613;11.421;718.212;0.0963;0.2352;0.0059;-4.114;4.49
4328;4.327;3.771;8.929;716.752;0.0838;0.1745;0.0028;-2.206;3.687
4329;4.328;-1.19;11.844;701.73;-0.0336;0.2357;-0.0132;-4.208;-3.33
4330;4.329;1.767;6.728;692.641;0.0361;0.1448;-0.0088;2.51;-7.146
4331;4.33;2.694;11.752;701.934;0.0442;0.2421;0.0022;4.711;-4.743
4332;4.331;2.122;7.495;687.697;0.0494;0.1467;-0.0013;-7.938;1.709
4333;4.332;9.461;6.779;712.132;0.1798;0.1446;0.004;-1.544;-0.689
4334;4.333;6.881;8.722;710.895;0.1439;0.1727;-0.0007;5.059;1.388
4335;4.334;-0.539;3.292;719.767;-0.0043;0.0603;-0.0042;-0.722;1.164
4336;4.335;5.561;6.492;701.29;0.1276;0.1432;-0.0006;0.617;0.605
4337;4.336;-1.183;10.502;696.008;-0.0238;0.1969;-0.0031;-1.524;1.182
4338;4.337;0.668;9.799;711.304;0.0054;0.1917;0.0004;8.436;0.422
4339;4.338;1.359;7.229;701.988;0.0189;0.1391;-0.0033;-5.486;-1.137
4340;4.339;2.134;7.217;699.967;0.0501;0.1447;0.0087;2.172;0.603
4341;4.34;-0.817;8.127;691.815;-0.0036;0.1642;0.0096;2.4;0.083
4342;4.341;2.601;8.54;706.402;0.0391;0.175;-0.0031;-12.079;-4.761
4343;4.342;5.104;10.749;706.971;0.1273;0.2113;0.0008;0.684;-5.152
4344;4.343;5.653;7.692;697.046;0.1168;0.1438;0.0032;0.236;-8.978
4345;4.344;4.995;5.193;706.557;0.1048;0.1177;-0.0127;-3.179;-1.493
4346;4.345;0.138;10.839;686.413;0.0002;0.2158;0.0004;-3.749;1.13
4347;4.346;0.744;10.164;690.047;0.0079;0.1894;0.0019;-7.119;7.622
4348;4.347;-0.711;10.044;696.827;-0.0284;0.2069;-0.0015;3.936;0.962
4349;4.348;-0.196;6.639;696.314;0.0025;0.1376;0.0013;-3.28;9.207
4350;4.349;2.131;8.914;695.745;0.0522;0.1788;-0.0007;3.952;4.374
4351;4.35;3.317;10.492;694.613;0.0684;0.2338;0.0076;-0.454;0.08
4352;4.351;-0.596;4.713;686.08;-0.0212;0.0914;0.0026;1.98;-4.114
4353;4.352;3.744;5.867;687.614;0.0834;0.123;-0.0002;2.376;-8.843
4354;4.353;3.288;9.56;695.075;0.0652;0.1876;-0.0031;1.369;-5.55
4355;4.354;0.656;11.446;691.067;0.0128;0.2333;0.0057;2.765;-3.248
4356;4.355;0.89;6.743;691.598;0.0114;0.1184;-0.0019;1.476;-6.086
4357;4.356;-3.449;7.551;697.352;-0.0731;0.1482;-0.0029;0.552;-2.413
4358;4.357;1.018;10.256;694.967;0.0296;0.2073;0.0036;2.123;3.748
4359;4.358;4.649;10.28;689.705;0.085;0.1984;-0.0013;2.185;2.671
4360;4.359;-0.736;7.387;683.748;-0.0303;0.1428;0.0028;6.159;-6.008
4361;4.36;5.034;10.879;704.726;0.0877;0.2102;0.0033;-6.756;-4.132
4362;4.361;-1.085;2.533;698.279;-0.0125;0.0568;-0.002;-3.601;2.266
4363;4.362;-0.596;9.912;700.456;-0.0116;0.1889;-0.0001;0.592;-4.345
4364;4.363;1.1;5.929;697.757;0.0226;0.1204;0.0032;8.456;-0.863
4365;4.364;-4.809;7.869;693.108;-0.0839;0.1423;-0.0046;-3.303;1.122
4366;4.365;2.948;8.977;685.557;0.0554;0.1766;0.005;3.382;-4.025
4367;4.366;2.012;11.77;703.55;0.0381;0.26;-0.0056;-3.436;-7.66
4368;4.367;-3.822;8.045;694.367;-0.0827;0.1623;-0.0035;8.619;5.657
4369;4.368;2.365;9.215;702.08;0.0428;0.1785;-0.0034;-3.647;3.257
4370;4.369;-2.364;7.363;697.256;-0.0636;0.1444;0.0;-1.439;6.634
4371;4.37;4.74;7.757;708.262;0.0954;0.1623;0.0074;-1.26;0.267
4372;4.371;0.284;5.944;710.501;0.0019;0.1246;-0.0034;5.505;9.228
4373;4.372;1.733;5.977;710.239;0.0423;0.1171;-0.0027;-0.209;-3.712
4374;4.373;0.255;6.63;713.158;0.0082;0.1271;0.0007;3.844;-6.622
4375;4.374;3.796;4.384;712.856;0.0804;0.1047;-0.0038;4.78;4.772
4376;4.375;-0.129;6.066;708.205;0.003;0.121;0.0019;3.61;-3.9
4377;4.376;-1.343;8.131;706.862;-0.0273;0.1483;-0.0003;3.331;6.817
4378;4.377;4.373;10.876;700.495;0.0857;0.2152;0.0024;-5.058;3.232
4379;4.378;0.879;10.263;715.945;0.0376;0.2056;-0.0001;7.135;-4.81
4380;4.379;1.314;8.437;703.807;0.026;0.168;-0.0071;-8.158;2.14
4381;4.38;0.473;5.089;719.428;0.0067;0.1057;-0.0051;4.434;5.218
4382;4.381;1.582;7.572;693.988;0.0274;0.1514;0.007;1.069;-2.969
4383;4.382;-0.315;4.224;705.685;-0.0055;0.0687;0.0031;7.572;4.392
4384;4.383;0.474;8.286;710.093;0.0072;0.1545;0.0039;-5.01;-0.974
4385;4.384;-0.04;6.095;714.599;0.0013;0.1158;0.0044;-2.692;0.106
4386;4.385;-0.605;8.006;715.276;-0.0139;0.154;0.0054;1.779;0.776
4387;4.386;-2.855;7.795;712.44;-0.0474;0.1554;0.0058;-5.007;-1.414
4388;4.387;1.305;6.318;699.995;0.029;0.1237;-0.0003;-3.225;4.209
4389;4.388;-5.455;5.664;717.861;-0.1062;0.1147;0.0093;-2.801;-0.559
4390;4.389;-2.847;8.584;725.586;-0.0485;0.1649;0.0056;1.189;6.521
4391;4.39;-1.366;5.861;726.65;-0.0137;0.1084;-0.0053;-5.725;8.205
4392;4.391;-3.952;4.201;721.068;-0.0881;0.0697;-0.0047;-4.355;3.007
4393;4.392;-1.598;6.868;698.877;-0.0312;0.1559;-0.0018;-0.026;-5.381
4394;4.393;-1.684;5.011;724.924;-0.0428;0.1121;-0.0008;0.423;-3.736
4395;4.394;-0.6;8.078;718.665;-0.0075;0.1745;0.004;1.025;-4.098
4396;4.395;-0.513;10.242;712.593;-0.0247;0.1948;0.0059;-8.49;-4.193
4397;4.396;0.972;5.952;712.581;0.0089;0.1227;-0.0051;-1.435;1.124
4398;4.397;0.825;8.589;711.404;0.031;0.1832;-0.0003;-8.706;3.372
4399;4.398;4.785;3.335;713.503;0.1091;0.0539;-0.0019;3.833;-3.572
4400;4.399;0.597;11.03;711.483;-0.0052;0.2248;0.0116;4.13;8.738
4401;4.4;0.326;8.637;713.074;-0.0071;0.1813;0.0123;1.302;0.921
4402;4.401;-7.103;7.26;730.696;-0.1413;0.1374;0.001;-0.132;1.215
4403;4.402;-2.084;5.572;723.438;-0.0412;0.0994;-0.0036;6.611;5.812
4404;4.403;-1.596;6.024;719.913;-0.0334;0.1233;-0.0023;-4.837;-1.393
4405;4.404;-0.929;3.603;714.466;-0.0271;0.0744;0.0014;4.187;-2.644
4406;4.405;-0.916;9.629;722.339;-0.0175;0.2013;-0.0043;-8.678;0.377
4407;4.406;-1.304;8.302;730.865;-0.0167;0.1709;0.0035;-0.397;-2.762
4408;4.407;0.388;6.601;708.495;0.0355;0.1248;0.0001;-5.195;-6.094
4409;4.408;-2.6;5.762;707.686;-0.0703;0.1374;-0.0054;6.783;1.311
4410;4.409;-3.836;5.659;717.174;-0.0933;0.1095;0.0005;-5.014;3.755
4411;4.41;2.43;7.381;705.878;0.0528;0.1536;-0.0034;-0.958;-4.416
4412;4.411;-2.405;6.334;701.94;-0.0434;0.1176;-0.0081;5.341;-0.522
4413;4.412;-4.457;6.758;706.324;-0.0901;0.1354;-0.0009;0.415;-4.674
4414;4.413;-3.078;3.966;713.362;-0.0523;0.0715;-0.0036;-9.192;0.006
4415;4.414;-5.423;6.29;714.533;-0.0984;0.1225;-0.0016;1.4;8.099
4416;4.415;-3.486;7.212;708.556;-0.0681;0.1533;0.0026;0.046;-3.157
4417;4.416;-1.662;5.753;714.118;-0.0075;0.0929;0.0036;4.951;-1.76
4418;4.417;-6.405;8.746;706.66;-0.1244;0.1786;0.0047;-4.978;10.04
4419;4.418;-7.715;8.78;702.053;-0.1472;0.1795;0.004;-3.298;5.012
4420;4.419;1.666;7.178;723.867;0.0262;0.1538;-0.0016;-1.706;0.548
4421;4.42;1.266;3.073;706.716;0.0283;0.0558;0.0046;7.93;4.175
4422;4.421;-3.493;3.968;708.973;-0.0543;0.0772;-0.0083;0.935;-2.945
4423;4.422;-5.214;4.469;693.92;-0.1085;0.0764;0.0031;-6.229;-5.774
4424;4.423;-5.628;9.562;708.361;-0.1003;0.1886;0.0019;2.082;2.68
4425;4.424;-5.284;6.912;686.652;-0.1222;0.1238;-0.0061;8.997;4.289
4426;4.425;-0.177;3.148;709.127;0.004;0.0458;-0.0008;9.765;-1.594
4427;4.426;-4.685;7.467;718.807;-0.1032;0.1479;-0.0013;-0.898;4.883
4428;4.427;-8.1;9.025;692.653;-0.1606;0.1736;-0.0023;2.852;-4.541
4429;4.428;0.311;6.435;694.273;0.0172;0.1228;-0.0008;-8.629;-5.12
4430;4.429;-2.028;5.166;704.117;-0.0202;0.0984;0.003;3.308;-8.142
4431;4.43;-4.597;7.441;686.794;-0.1024;0.1363;-0.0009;-1.793;4.302
4432;4.431;-1.653;3.03;686.916;-0.0278;0.0444;0.0083;3.678;0.484
4433;4.432;-0.706;8.159;691.219;-0.0398;0.162;0.0055;-0.493;-2.822
4434;4.433;-3.208;2.31;695.072;-0.0761;0.0372;-0.0047;-1.434;2.718
4435;4.434;-1.236;5.336;702.786;-0.012;0.1115;0.0026;-1.379;-7.592
4436;4.435;-2.39;4.193;684.495;-0.0404;0.0694;-0.0026;1.119;-14.591
4437;4.436;-7.429;8.648;693.266;-0.1427;0.1588;0.0027;0.335;10.596
4438;4.437;-3.15;3.806;686.924;-0.0546;0.0765;0.0014;0.331;5.692
4439;4.438;-6.907;3.177;681.084;-0.1327;0.0614;-0.0067;-9.856;0.366
4440;4.439;-3.028;4.483;696.027;-0.0614;0.0632;-0.0066;-1.711;-4.463
4441;4.44;-5.062;4.105;672.229;-0.1116;0.0733;0.0016;2.552;-13.501
4442;4.441;0.451;6.202;681.521;0.0199;0.1185;0.0007;-4.97;2.474
4443;4.442;-3.033;4.171;689.606;-0.0462;0.0993;0.0013;1.454;-0.141
4444;4.443;-0.307;6.133;673.563;-0.0121;0.1378;-0.0018;-4.798;-8.236
4445;4.444;-2.625;2.16;687.758;-0.0539;0.0433;-0.0051;-2.944;-0.603
4446;4.445;0.57;6.96;676.633;0.0206;0.1327;-0.0079;0.122;-1.315
4447;4.446;-2.968;6.329;677.5;-0.0506;0.1233;0.0033;5.137;0.291
4448;4.447;1.643;4.072;671.342;0.0476;0.0781;-0.0047;1.282;4.599
4449;4.448;-1.396;2.782;669.655;-0.0076;0.0441;-0.0083;-7.775;6.669
4450;4.449;-4.208;5.404;674.957;-0.0751;0.1073;0.0064;0.694;2.04
4451;4.45;-5.417;6.73;682.047;-0.1109;0.1463;0.0046;-4.245;-2.663
4452;4.451;-4.105;4.675;677.421;-0.0706;0.0888;0.0114;7.916;0.997
4453;4.452;-6.21;6.371;669.466;-0.1183;0.1345;0.0132;0.968;5.56
4454;4.453;-4.025;8.037;669.849;-0.0745;0.1552;0.005;5.36;-1.921
4455;4.454;-1.51;0.549;671.883;-0.028;0.0011;-0.0097;-0.8;5.235
4456;4.455;-4.077;3.832;675.11;-0.0906;0.1021;-0.006;2.595;7.764
4457;4.456;-10.8;4.113;663.919;-0.2268;0.0984;0.0085;-3.718;-7.654
4458;4.457;-9.691;5.316;677.719;-0.1826;0.1126;-0.0005;-2.161;-1.467
4459;4.458;-9.011;2.572;666.127;-0.1574;0.0483;-0.0049;5.688;4.311
4460;4.459;-6.37;4.464;655.193;-0.1249;0.1003;-0.0038;4.31;-4.73
4461;4.46;-0.62;3.914;666.502;-0.0066;0.0914;-0.0002;-1.468;-4.693
4462;4.461;-9.616;1.561;653.514;-0.1757;0.0426;-0.0004;-1.262;-10.676
4463;4.462;-5.609;3.774;672.613;-0.1152;0.0776;0.0057;-5.522;-0.295
4464;4.463;-7.259;1.417;660.198;-0.1291;0.0448;0.0014;1.92;0.912
4465;4.464;-1.398;3.202;672.241;-0.0203;0.0752;0.0042;5.16;3.795
4466;4.465;-6.217;0.216;657.275;-0.1268;0.0192;0.0105;-6.308;-0.574
4467;4.466;-2.794;2.601;671.971;-0.0616;0.0497;-0.0032;-3.747;-5.4
4468;4.467;-5.113;0.444;655.734;-0.1047;0.014;0.0025;-2.199;-3.293
4469;4.468;-1.269;8.037;668.61;-0.0115;0.1665;-0.0139;-5.452;1.52
4470;4.469;-2.004;2.906;676.802;-0.0276;0.0582;-0.0016;-9.24;0.966
4471;4.47;-5.571;0.613;671.663;-0.1153;0.0073;0.0013;-1.083;-3.335
4472;4.471;-6.005;3.973;639.686;-0.1096;0.0733;-0.0087;-5.044;-2.453
4473;4.472;-6.068;-0.178;663.256;-0.111;-0.0143;-0.003;-5.672;8.745
4474;4.473;-7.38;3.353;670.55;-0.1513;0.0819;-0.007;-8.275;12.426
4475;4.474;-5.879;-0.535;672.446;-0.1236;-0.017;-0.0001;5.42;-1.313
4476;4.475;-6.988;2.79;668.031;-0.1511;0.0531;0.0057;-2.044;11.122
4477;4.476;-2.105;1.765;659.599;-0.036;0.0272;0.0012;-1.79;-5.076
4478;4.477;-5.905;0.243;652.215;-0.1338;0.0039;0.0082;3.412;-3.25
4479;4.478;-6.622;5.674;656.668;-0.1294;0.1266;0.0058;-2.696;6.904
4480;4.479;-9.579;-1.543;649.341;-0.1867;-0.024;-0.0002;1.011;-1.818
4481;4.48;-6.49;0.306;665.21;-0.1229;0.006;-0.0021;-5.439;-4.546
4482;4.481;-8.994;6.582;650.517;-0.1696;0.1399;-0.0088;7.56;8.284
4483;4.482;-4.125;4.068;668.058;-0.0916;0.0714;0.0055;1.821;6.936
4484;4.483;-11.099;6.283;669.887;-0.21;0.1214;-0.0097;-5.815;-4.641
4485;4.484;-4.871;5.148;671.28;-0.0823;0.1023;0.0;0.772;-0.991
4486;4.485;-5.513;6.761;668.273;-0.0924;0.1166;0.0003;6.19;2.733
4487;4.486;-3.714;-0.307;675.558;-0.0607;-0.0022;-0.0071;-2.854;-3.068
4488;4.487;-4.977;2.953;667.981;-0.0968;0.0695;-0.0024;1.411;-4.873
4489;4.488;-4.559;2.551;673.793;-0.0905;0.0598;-0.0048;4.164;-2.708
4490;4.489;-5.405;-0.131;665.374;-0.1118;0.0043;-0.0053;-0.305;-1.035
4491;4.49;-5.469;1.475;666.138;-0.0944;0.0086;-0.0003;-6.407;8.388
4492;4.491;-4.191;-0.594;675.123;-0.087;-0.0363;-0.0071;0.678;6.668
4493;4.492;-5.753;3.572;672.883;-0.1017;0.0688;-0.0027;17.805;-8.122
4494;4.493;-2.939;1.834;669.804;-0.0537;0.0331;-0.0;-7.87;5.777
4495;4.494;-5.61;1.993;675.316;-0.0994;0.0326;-0.0026;2.154;6.67
4496;4.495;-12.003;2.791;668.202;-0.2402;0.0541;0.0057;4.093;-1.288
4497;4.496;-6.096;1.087;678.335;-0.0883;0.0399;0.0107;1.089;3.376
4498;4.497;-3.129;2.992;679.791;-0.0783;0.0572;0.0015;-10.177;-2.566
4499;4.498;-6.665;0.485;679.376;-0.1379;0.007;0.0018;-0.64;0.955
4500;4.499;-4.108;5.396;681.077;-0.0918;0.108;0.0016;5.905;-5.983
4501;4.5;-4.393;2.407;675.455;-0.0902;0.0478;0.0045;5.831;-4.54
4502;4.501;-6.334;-0.785;674.277;-0.1374;-0.001;-0.0066;5.794;3.988
4503;4.502;-8.387;5.152;673.687;-0.1781;0.0992;-0.0092;3.468;-12.966
4504;4.503;-6.117;1.615;680.192;-0.1182;0.0167;-0.0016;3.441;-2.672
4505;4.504;-9.535;-3.293;677.455;-0.1851;-0.0686;0.0044;-2.802;-2.411
4506;4.505;-4.211;0.998;687.25;-0.0712;0.014;0.0116;3.064;-0.164
4507;4.506;-5.12;3.029;684.775;-0.1002;0.0722;-0.0031;7.421;-3.771
4508;4.507;-4.867;-1.907;672.159;-0.1072;-0.0369;0.0008;4.399;4.038
4509;4.508;-7.271;0.659;692.632;-0.1533;0.0042;0.0022;-1.266;1.326
4510;4.509;-6.9;0.593;669.32;-0.1383;0.0233;0.0084;-0.946;-2.361
4511;4.51;-11.756;0.564;696.017;-0.246;0.0136;0.0037;4.801;11.772
4512;4.511;-10.826;-1.07;688.375;-0.2026;-0.0117;0.0048;-2.121;9.006
4513;4.512;-6.358;2.711;682.356;-0.114;0.0545;-0.0029;5.281;-5.31
4514;4.513;-6.059;0.411;686.622;-0.1145;0.0056;-0.0073;1.341;1.689
4515;4.514;-8.68;3.662;697.301;-0.171;0.0644;0.003;-9.72;7.598
4516;4.515;-9.533;1.864;691.833;-0.2016;0.0223;-0.011;-1.14;-4.605
4517;4.516;-14.658;0.563;708.788;-0.2858;0.0055;0.0067;1.982;10.884
4518;4.517;-5.543;-0.475;696.047;-0.1204;-0.0148;-0.0035;2.592;-2.922
4519;4.518;-8.708;-0.211;685.921;-0.1845;0.0036;-0.0006;-13.018;-0.78
4520;4.519;-7.232;-0.082;700.422;-0.1283;-0.0057;-0.0027;-2.967;6.902
4521;4.52;-2.899;2.904;700.236;-0.059;0.0626;-0.0067;2.411;-1.105
4522;4.521;-10.965;0.309;712.247;-0.2215;0.0136;-0.0022;-0.927;0.461
4523;4.522;-9.152;-0.891;685.785;-0.1773;-0.0292;0.0011;-10.175;1.765
4524;4.523;-8.869;-0.62;697.569;-0.1737;-0.0142;0.0029;2.665;-3.328
4525;4.524;-6.734;-6.291;690.063;-0.1514;-0.1227;0.0078;1.531;2.948
4526;4.525;-10.117;0.921;702.681;-0.2021;0.0025;-0.0046;-9.499;6.15
4527;4.526;-7.302;1.868;689.685;-0.1373;0.0497;0.0057;1.397;-4.259
4528;4.527;-9.941;-2.056;696.412;-0.2108;-0.0418;0.0005;2.97;-1.269
4529;4.528;-10.452;-2.584;704.928;-0.1968;-0.0538;-0.0011;3.409;-4.39
4530;4.529;-11.128;-9.019;708.524;-0.2312;-0.1928;0.001;4.964;1.387
4531;4.53;-8.305;-1.584;697.866;-0.1803;-0.0391;-0.0021;1.053;-0.282
4532;4.531;-6.027;-1.035;689.59;-0.13;-0.0334;-0.003;1.22;5.607
4533;4.532;-7.52;0.126;694.039;-0.1556;-0.009;0.0024;2.206;8.386
4534;4.533;-10.049;1.489;691.494;-0.2105;0.0362;-0.0093;4.997;4.286
4535;4.534;-6.352;-4.271;700.831;-0.1238;-0.1063;0.0006;-9.437;-8.378
4536;4.535;-5.365;-4.933;698.752;-0.11;-0.1041;-0.0011;16.286;1.51
4537;4.536;-8.309;0.314;698.799;-0.1561;0.0128;0.0005;2.092;-1.215
4538;4.537;-5.589;4.055;695.251;-0.1204;0.0903;-0.0058;-3.318;-9.145
4539;4.538;-7.474;0.056;697.443;-0.1477;-0.0073;-0.0001;-10.874;-4.559
4540;4.539;-10.631;-1.973;705.88;-0.212;-0.0384;-0.0054;-6.333;3.194
4541;4.54;-6.124;1.606;697.892;-0.1289;0.0315;0.0021;-6.806;3.396
4542;4.541;-9.115;1.318;704.58;-0.1837;0.0221;0.0065;-4.017;5.303
4543;4.542;-11.799;-1.096;703.332;-0.2413;-0.0002;0.0071;-3.458;-1.957
4544;4.543;-8.217;-2.083;708.61;-0.1774;-0.0363;-0.005;-2.495;0.807
4545;4.544;-3.74;-1.277;702.704;-0.0825;-0.0226;-0.0023;-4.016;1.171
4546;4.545;-7.058;0.313;689.527;-0.1625;-0.0032;-0.0015;4.949;-6.221
4547;4.546;-8.776;-5.136;687.469;-0.1981;-0.1027;-0.0065;6.659;6.008
4548;4.547;-10.503;-0.855;694.43;-0.2302;-0.0227;-0.0044;3.212;1.702
4549;4.548;-10.033;-3.12;695.226;-0.2039;-0.0636;0.0033;-2.265;-2.123
4550;4.549;-11.245;0.066;686.789;-0.2398;-0.0045;-0.0025;2.925;-1.74
4551;4.55;-12.931;-3.672;695.377;-0.2558;-0.0798;-0.0058;7.321;3.13
4552;4.551;-7.036;-2.096;696.568;-0.1285;-0.0316;0.0068;0.424;-7.271
4553;4.552;-8.253;-3.491;703.703;-0.1813;-0.064;0.0054;7.99;7.846
4554;4.553;-12.152;1.642;692.773;-0.2349;0.026;-0.0081;0.919;2.104
4555;4.554;-4.977;-2.633;681.706;-0.1084;-0.0528;-0.0042;-3.919;-0.276
4556;4.555;-7.475;-0.182;680.665;-0.1508;-0.0208;0.0056;-1.637;0.818
4557;4.556;-11.708;-2.88;684.04;-0.2324;-0.0646;0.0023;1.233;9.146
4558;4.557;-5.394;-5.11;712.939;-0.108;-0.1113;-0.0026;-1.314;-3.549
4559;4.558;-11.399;-2.765;688.292;-0.2502;-0.0604;-0.0032;3.329;-2.705
4560;4.559;-15.565;-0.345;689.68;-0.3143;-0.0017;0.0032;-14.212;2.761
4561;4.56;-7.665;-2.832;680.908;-0.1553;-0.0578;-0.0059;-9.965;7.675
4562;4.561;-6.304;-0.382;695.126;-0.1318;-0.0258;0.0043;-9.75;3.328
4563;4.562;-6.26;-3.565;679.771;-0.1196;-0.0588;0.0089;-0.933;0.211
4564;4.563;-11.704;-3.624;678.487;-0.2221;-0.0756;0.0027;0.694;4.429
4565;4.564;-10.687;-2.617;688.043;-0.207;-0.0457;-0.0015;-6.288;-3.764
4566;4.565;-9.518;-1.828;681.35;-0.1939;-0.0412;-0.0012;5.698;-4.484
4567;4.566;-9.363;-4.473;702.001;-0.2021;-0.0973;0.0059;-1.969;0.531
4568;4.567;-9.029;-3.932;679.883;-0.1768;-0.0681;0.0027;8.117;4.041
4569;4.568;-10.629;-5.74;693.771;-0.212;-0.1095;-0.0038;-3.758;-2.216
4570;4.569;-11.899;-1.758;673.166;-0.221;-0.0327;0.0012;2.925;-6.285
4571;4.57;-9.325;-7.45;679.974;-0.1931;-0.1598;0.0044;-1.394;0.445
4572;4.571;-8.741;-3.954;677.308;-0.1785;-0.0886;-0.0042;1.096;6.236
4573;4.572;-7.812;-3.294;685.607;-0.1623;-0.0914;-0.0059;2.018;-0.513
4574;4.573;-11.267;-6.055;685.49;-0.236;-0.1178;-0.0021;-3.68;-1.688
4575;4.574;-9.901;-2.809;671.491;-0.1857;-0.0614;0.0085;-2.645;1.086
4576;4.575;-8.681;-5.857;688.882;-0.1584;-0.1153;0.0077;-5.457;-0.133
4577;4.576;-12.148;-3.358;680.084;-0.2499;-0.0823;-0.0061;5.533;5.342
4578;4.577;-13.746;-4.101;666.703;-0.2595;-0.0936;-0.0072;2.398;4.731
4579;4.578;-14.361;-4.165;678.942;-0.2992;-0.0771;-0.0046;1.157;3.554
4580;4.579;-10.617;-4.061;675.355;-0.2058;-0.0808;-0.0065;5.502;-5.772
4581;4.58;-12.057;-3.917;680.919;-0.2426;-0.0921;0.0001;-5.455;-0.504
4582;4.581;-13.266;-0.013;677.297;-0.2635;0.0091;-0.0039;4.005;3.269
4583;4.582;-8.394;-2.092;668.713;-0.1803;-0.0308;0.0068;-4.083;1.579
4584;4.583;-10.354;-5.23;682.691;-0.2101;-0.0967;-0.0051;-2.674;5.2
4585;4.584;-10.783;-2.924;658.05;-0.2186;-0.0589;-0.0034;1.628;-6.774
4586;4.585;-11.223;-5.96;668.13;-0.2387;-0.106;-0.0043;4.394;1.627
4587;4.586;-13.38;-6.949;675.711;-0.263;-0.1402;0.0068;2.36;0.012
4588;4.587;-8.305;-2.813;668.282;-0.157;-0.0581;-0.0127;-6.072;-5.542
4589;4.588;-10.951;-4.236;673.655;-0.2269;-0.079;-0.0013;3.031;-5.189
4590;4.589;-14.587;-5.243;671.337;-0.2953;-0.1072;-0.0008;9.411;-7.28
4591;4.59;-15.304;-1.579;667.074;-0.3295;-0.0308;-0.0025;-2.244;-3.67
4592;4.591;-10.024;-2.143;679.335;-0.2016;-0.0418;-0.0034;0.72;-2.988
4593;4.592;-8.373;-4.485;668.653;-0.1726;-0.0922;0.0008;-1.466;-5.137
4594;4.593;-13.755;-7.91;664.218;-0.2699;-0.1581;-0.0083;-5.879;-0.165
4595;4.594;-12.044;-6.257;684.076;-0.2344;-0.1338;0.0016;-1.586;0.587
4596;4.595;-10.722;-3.025;669.941;-0.218;-0.0552;-0.0105;19.01;0.09
4597;4.596;-10.324;-8.883;683.442;-0.2087;-0.164;-0.0007;6.348;-4.675
4598;4.597;-8.213;-8.71;678.382;-0.1711;-0.1652;-0.0039;0.105;-2.692
4599;4.598;-10.618;-3.911;674.5;-0.2032;-0.0726;-0.0014;7.836;2.73
4600;4.599;-11.261;-6.214;678.477;-0.2236;-0.1312;0.0122;0.355;-4.885
4601;4.6;-12.989;-5.768;682.321;-0.2501;-0.1261;0.0071;1.537;0.169
4602;4.601;-12.796;-4.518;675.546;-0.2437;-0.0837;0.0009;2.251;2.127
4603;4.602;-10.048;-7.232;663.252;-0.197;-0.1348;-0.0021;2.128;1.274
4604;4.603;-15.076;-7.322;675.978;-0.3072;-0.164;-0.0005;2.699;1.099
4605;4.604;-9.422;-5.317;670.211;-0.2013;-0.1057;0.0008;0.836;5.692
4606;4.605;-14.897;-7.038;682.858;-0.2996;-0.1288;0.0077;-7.025;6.403
4607;4.606;-14.371;-2.357;684.74;-0.2868;-0.0358;-0.0009;-0.713;7.233
4608;4.607;-11.079;-6.571;673.958;-0.2313;-0.1317;-0.0055;-0.796;-5.307
4609;4.608;-12.592;-8.827;693.409;-0.2341;-0.1825;-0.0081;-2.809;-2.205
4610;4.609;-10.655;-3.434;681.312;-0.2219;-0.0624;-0.0089;0.594;1.416
4611;4.61;-9.902;-6.045;686.195;-0.222;-0.1183;0.0073;-0.704;-3.844
4612;4.611;-9.512;-4.977;684.0;-0.205;-0.1088;0.007;0.081;1.546
4613;4.612;-8.924;-6.111;683.156;-0.1721;-0.1361;0.0094;1.561;-2.002
4614;4.613;-15.333;-6.806;699.295;-0.313;-0.13;-0.0004;-6.432;-3.243
4615;4.614;-10.404;-4.56;689.8;-0.2186;-0.0962;0.0006;-2.352;6.019
4616;4.615;-13.105;-8.233;675.488;-0.2338;-0.165;0.0037;1.82;5.725
4617;4.616;-9.401;-3.091;685.93;-0.1915;-0.0798;-0.0088;3.415;3.204
4618;4.617;-12.416;-6.847;690.544;-0.2371;-0.1358;-0.003;6.91;9.597
4619;4.618;-13.101;-7.4;700.619;-0.2496;-0.1413;0.0067;2.314;3.471
4620;4.619;-12.113;-6.746;695.695;-0.2338;-0.1295;-0.0036;-6.07;8.148
4621;4.62;-14.642;-6.932;695.22;-0.2954;-0.1459;0.0026;-10.324;-1.241
4622;4.621;-11.719;-9.332;698.304;-0.2283;-0.1848;0.002;-5.952;-4.25
4623;4.622;-11.048;-5.451;703.282;-0.2279;-0.1078;-0.0029;-2.181;-11.911
4624;4.623;-10.518;-10.368;697.585;-0.2261;-0.2092;-0.0082;-0.035;0.115
4625;4.624;-11.641;-4.955;705.953;-0.2267;-0.0967;-0.0105;-3.063;-2.209
4626;4.625;-7.223;-4.917;700.777;-0.1319;-0.0931;-0.0078;1.794;0.866
4627;4.626;-11.797;-2.056;711.567;-0.233;-0.0394;-0.0002;-6.088;-4.234
4628;4.627;-10.791;-5.656;700.136;-0.2164;-0.1193;0.0048;-4.683;1.789
4629;4.628;-8.471;-5.198;695.456;-0.1654;-0.1098;0.0057;0.804;7.519
4630;4.629;-11.975;-6.875;711.307;-0.24;-0.1265;0.0036;4.38;7.319
4631;4.63;-10.265;-3.295;708.076;-0.2096;-0.0593;0.0032;-1.762;1.077
4632;4.631;-14.028;-10.591;726.576;-0.2849;-0.2197;-0.009;0.284;6.64
4633;4.632;-8.926;-9.281;716.562;-0.1876;-0.1965;0.0037;-3.907;0.136
4634;4.633;-11.878;-6.509;716.306;-0.221;-0.1128;-0.0029;-4.422;5.791
4635;4.634;-10.72;-5.933;731.443;-0.2127;-0.1406;0.0086;2.811;4.731
4636;4.635;-15.14;-6.333;722.667;-0.3001;-0.1329;0.006;2.871;-0.307
4637;4.636;-9.457;-2.81;713.199;-0.1743;-0.0651;0.0013;-1.972;5.971
4638;4.637;-10.996;-9.009;719.893;-0.2367;-0.1995;-0.0118;-4.332;-0.322
4639;4.638;-9.862;-7.339;720.965;-0.1774;-0.1354;0.0103;-2.658;-1.737
4640;4.639;-13.141;-9.949;732.252;-0.2633;-0.2021;-0.005;2.255;2.362
4641;4.64;-11.396;-9.061;728.481;-0.2339;-0.174;0.0032;9.945;-2.34
4642;4.641;-12.501;-11.858;723.909;-0.2449;-0.2468;0.0019;0.618;9.402
4643;4.642;-8.143;-6.081;720.049;-0.1647;-0.1273;-0.0006;-1.642;-4.92
4644;4.643;-9.421;-8.433;719.826;-0.2075;-0.1634;0.0057;-0.211;-8.826
4645;4.644;-10.56;-11.639;728.889;-0.2073;-0.2198;0.0073;-1.872;6.403
4646;4.645;-17.71;-9.247;717.768;-0.3725;-0.1929;-0.0134;-5.921;-0.442
4647;4.646;-10.434;-6.767;738.786;-0.2146;-0.1351;-0.003;2.596;2.621
4648;4.647;-11.041;-4.407;730.712;-0.2294;-0.0812;-0.0036;6.062;5.675
4649;4.648;-9.728;-7.29;739.377;-0.2014;-0.1512;-0.0003;-2.148;2.103
4650;4.649;-14.802;-7.636;727.721;-0.3014;-0.1458;0.001;-4.49;-4.667
4651;4.65;-11.78;-6.065;743.431;-0.2395;-0.1212;-0.0017;3.792;-2.683
4652;4.651;-16.527;-7.499;733.412;-0.327;-0.1465;-0.0099;-7.524;-0.113
4653;4.652;-16.81;-5.585;724.563;-0.3249;-0.1205;0.0014;0.423;-10.46
4654;4.653;-14.052;-7.413;743.871;-0.2898;-0.1452;0.001;3.053;2.565
4655;4.654;-11.322;-6.43;738.165;-0.2253;-0.1159;0.0002;-4.137;-3.945
4656;4.655;-10.682;-7.23;740.276;-0.2177;-0.1552;0.0043;1.096;0.753
4657;4.656;-13.74;-7.076;734.27;-0.2733;-0.1443;0.0016;-0.841;-5.36
4658;4.657;-15.487;-5.867;741.754;-0.336;-0.1218;-0.0014;-2.335;-13.217
4659;4.658;-14.031;-9.677;751.607;-0.2843;-0.1925;-0.0018;-5.392;-9.096
4660;4.659;-15.019;-7.435;742.892;-0.3238;-0.1502;-0.0064;12.954;-4.685
4661;4.66;-11.758;-7.754;736.854;-0.2231;-0.1485;-0.0007;-5.585;0.342
4662;4.661;-9.074;-7.936;727.606;-0.172;-0.1629;-0.0002;2.958;-7.917
4663;4.662;-14.033;-3.659;732.037;-0.2852;-0.0727;-0.0058;3.166;6.703
4664;4.663;-12.505;-6.41;747.813;-0.2461;-0.1285;-0.0023;-1.421;6.173
4665;4.664;-11.76;-2.884;739.03;-0.2381;-0.0506;-0.0045;-2.696;5.471
4666;4.665;-13.659;-9.797;742.406;-0.2729;-0.1903;-0.0018;3.535;-6.704
4667;4.666;-11.443;-9.889;743.479;-0.2301;-0.2055;0.0034;0.129;0.964
4668;4.667;-18.157;-8.16;758.37;-0.3528;-0.1574;-0.0006;0.575;2.846
4669;4.668;-15.8;-7.231;740.741;-0.3074;-0.1368;0.0006;-2.453;-3.219
4670;4.669;-16.876;-7.94;748.417;-0.3416;-0.1768;0.0047;3.242;0.773
4671;4.67;-11.567;-9.077;734.696;-0.2279;-0.168;-0.0016;-4.225;-1.547
4672;4.671;-8.632;-10.064;742.241;-0.1719;-0.1998;0.0041;1.336;2.194
4673;4.672;-14.754;-11.255;738.774;-0.2838;-0.2258;-0.0042;4.867;-4.023
4674;4.673;-9.612;-8.424;724.564;-0.1791;-0.1611;-0.0007;-0.573;4.226
4675;4.674;-11.884;-5.878;730.269;-0.2175;-0.1102;0.003;-5.152;-1.711
4676;4.675;-13.212;-9.246;724.417;-0.256;-0.1806;-0.0034;4.252;4.447
4677;4.676;-11.654;-7.349;732.983;-0.2326;-0.1525;0.0018;6.67;1.163
4678;4.677;-15.011;-8.302;738.64;-0.3049;-0.1499;-0.0037;2.569;5.798
4679;4.678;-8.651;-8.639;749.324;-0.1937;-0.165;0.0035;-1.801;-0.454
4680;4.679;-13.404;-11.941;742.592;-0.2787;-0.2305;0.0;-3.476;5.478
4681;4.68;-9.317;-10.816;742.426;-0.1719;-0.2198;0.0024;1.683;3.358
4682;4.681;-10.618;-6.766;728.101;-0.2107;-0.1298;-0.0009;4.819;8.722
4683;4.682;-15.34;-9.016;724.07;-0.2911;-0.1699;0.0011;-9.264;-1.291
4684;4.683;-10.67;-9.952;735.279;-0.2301;-0.1995;-0.0025;4.036;2.147
4685;4.684;-8.784;-8.433;725.996;-0.1617;-0.1663;-0.0002;2.172;5.662
4686;4.685;-10.927;-7.42;737.74;-0.2366;-0.1541;0.004;-3.832;5.439
4687;4.686;-16.874;-6.925;736.801;-0.3315;-0.1211;-0.0047;4.264;-0.701
4688;4.687;-11.957;-10.142;723.603;-0.238;-0.2094;-0.0027;-0.803;5.416
4689;4.688;-10.618;-9.652;728.973;-0.2175;-0.2035;-0.0041;3.291;1.113
4690;4.689;-15.21;-6.787;729.11;-0.3155;-0.1405;0.0088;-1.874;1.985
4691;4.69;-12.723;-12.834;721.146;-0.2556;-0.2474;-0.0036;-11.673;0.709
4692;4.691;-14.928;-8.904;730.679;-0.2913;-0.1691;0.0093;2.772;-1.601
4693;4.692;-8.861;-8.311;726.069;-0.182;-0.1705;-0.0038;5.385;-6.462
4694;4.693;-10.065;-8.275;728.664;-0.1877;-0.1582;-0.0014;8.076;-4.254
4695;4.694;-9.966;-7.462;713.197;-0.1995;-0.1527;0.0036;-1.445;4.717
4696;4.695;-17.419;-7.287;724.487;-0.3396;-0.1534;-0.0018;3.71;-0.851
4697;4.696;-6.2;-10.398;723.738;-0.1243;-0.2165;0.003;2.214;-2.588
4698;4.697;-12.075;-7.849;728.186;-0.2367;-0.1671;0.0037;-1.646;-0.88
4699;4.698;-8.439;-9.312;714.845;-0.1719;-0.1859;0.0094;3.447;-12.316
4700;4.699;-15.036;-6.441;727.611;-0.3083;-0.1345;-0.0037;7.64;4.714
4701;4.7;-9.427;-8.638;717.077;-0.1756;-0.1787;-0.0011;-0.512;-4.063
4702;4.701;-16.375;-7.172;724.01;-0.3328;-0.1443;0.0072;4.257;1.041
4703;4.702;-14.101;-10.308;705.751;-0.2765;-0.2023;0.007;3.21;-3.801
4704;4.703;-10.372;-8.982;721.475;-0.2084;-0.1837;-0.001;8.607;7.457
4705;4.704;-11.387;-8.673;711.399;-0.2269;-0.1828;0.0015;1.679;-7.986
4706;4.705;-9.539;-10.014;709.387;-0.2012;-0.2206;0.0019;-1.845;6.62
4707;4.706;-16.172;-7.326;714.164;-0.3293;-0.1556;0.0071;-0.542;9.539
4708;4.707;-13.729;-10.519;720.447;-0.2712;-0.2032;0.001;-0.931;-3.792
4709;4.708;-9.266;-5.837;704.642;-0.1945;-0.1158;-0.0009;-1.455;0.753
4710;4.709;-11.962;-8.052;717.866;-0.249;-0.1506;-0.0009;-8.397;-2.809
4711;4.71;-12.79;-8.406;717.717;-0.2779;-0.1615;-0.0023;0.082;-1.294
4712;4.711;-11.417;-7.123;706.486;-0.2393;-0.1515;-0.0004;-9.485;1.227
4713;4.712;-10.768;-8.578;721.683;-0.1978;-0.1634;-0.0018;5.855;3.071
4714;4.713;-17.806;-8.181;726.287;-0.3565;-0.1685;-0.0019;-0.503;-4.28
4715;4.714;-7.984;-11.085;723.369;-0.1734;-0.2207;0.0039;-2.821;5.494
4716;4.715;-12.542;-10.702;742.446;-0.2663;-0.2204;-0.0007;10.107;-1.245
4717;4.716;-7.351;-6.543;724.89;-0.1538;-0.1464;0.0027;0.168;-4.015
4718;4.717;-9.168;-9.66;711.643;-0.2056;-0.1851;0.0003;1.995;0.894
4719;4.718;-14.62;-9.427;704.61;-0.2889;-0.1934;-0.0099;-3.94;1.179
4720;4.719;-12.576;-7.228;723.099;-0.2652;-0.1432;0.0108;2.784;-1.997
4721;4.72;-13.494;-7.512;722.331;-0.2584;-0.146;-0.0024;1.016;-6.406
4722;4.721;-12.244;-11.837;707.239;-0.2319;-0.2412;-0.0041;-0.129;9.416
4723;4.722;-13.131;-12.969;718.519;-0.2778;-0.2413;0.0047;-0.886;6.357
4724;4.723;-12.501;-9.568;723.122;-0.2475;-0.2025;0.0009;-0.057;3.704
4725;4.724;-7.569;-8.392;723.237;-0.1626;-0.1781;-0.0028;-4.838;-6.464
4726;4.725;-11.427;-8.285;718.321;-0.2437;-0.1495;-0.0021;5.077;1.004
4727;4.726;-15.804;-7.302;731.067;-0.3115;-0.1501;0.004;-2.245;-2.662
4728;4.727;-5.095;-7.991;728.379;-0.0932;-0.1468;-0.0069;-1.618;7.717
4729;4.728;-16.762;-10.256;730.092;-0.3111;-0.2105;0.003;1.34;0.463
4730;4.729;-14.082;-10.545;725.804;-0.2691;-0.2174;0.0088;-0.079;2.56
4731;4.73;-11.035;-5.47;727.765;-0.2171;-0.0923;-0.003;2.522;0.215
4732;4.731;-12.155;-7.054;719.097;-0.2401;-0.1403;0.0133;8.815;-9.829
4733;4.732;-12.189;-8.202;726.502;-0.2584;-0.1631;-0.0028;7.686;1.25
4734;4.733;-12.511;-3.915;723.616;-0.2324;-0.0861;-0.0;-1.259;-1.472
4735;4.734;-9.465;-7.817;721.022;-0.1882;-0.1469;0.0062;0.551;8.621
4736;4.735;-11.099;-8.943;736.624;-0.2292;-0.1799;0.0104;-1.969;-0.881
4737;4.736;-11.398;-7.474;729.322;-0.2276;-0.1728;0.0023;3.443;3.526
4738;4.737;-11.717;-10.958;738.797;-0.2443;-0.2181;-0.0021;2.718;-2.504
4739;4.738;-10.21;-12.087;730.11;-0.2032;-0.2373;0.0012;0.303;5.422
4740;4.739;-8.825;-8.539;737.996;-0.1652;-0.1723;0.0039;0.437;-1.039
4741;4.74;-14.21;-10.056;725.118;-0.2828;-0.1787;0.0002;-2.26;-4.385
4742;4.741;-11.876;-8.78;745.642;-0.2414;-0.1749;-0.0076;-2.414;5.446
4743;4.742;-11.64;-9.078;746.977;-0.2544;-0.1788;0.0056;-4.633;-3.452
4744;4.743;-14.183;-8.341;746.533;-0.2816;-0.1715;-0.0049;0.531;2.342
4745;4.744;-10.468;-8.283;738.241;-0.213;-0.1538;0.0019;-1.171;-4.044
4746;4.745;-15.378;-6.687;752.63;-0.2986;-0.1316;0.0003;0.3;-1.189
4747;4.746;-9.481;-6.087;733.972;-0.2036;-0.1381;-0.0045;13.934;-0.209
4748;4.747;-17.705;-7.098;762.125;-0.3515;-0.1372;-0.0025;-0.289;-0.621
4749;4.748;-11.652;-7.336;750.289;-0.2354;-0.139;-0.0084;6.179;-7.865
4750;4.749;-11.691;-5.76;742.878;-0.241;-0.119;-0.0044;-1.543;-0.011
4751;4.75;-12.133;-9.988;750.064;-0.2392;-0.1879;0.0081;4.151;-4.461
4752;4.751;-11.073;-7.973;749.739;-0.2273;-0.1566;0.0016;6.529;-8.888
4753;4.752;-11.132;-10.991;724.332;-0.2313;-0.2222;-0.0078;2.914;-2.787
4754;4.753;-11.537;-8.724;747.994;-0.2364;-0.1765;0.0039;-3.143;-3.873
4755;4.754;-18.906;-8.209;749.361;-0.387;-0.1671;0.0133;-3.327;-4.592
4756;4.755;-11.753;-7.357;739.37;-0.2201;-0.1465;-0.0009;-9.605;-3.422
4757;4.756;-11.41;-9.684;767.945;-0.2266;-0.1982;0.0045;1.026;-0.403
4758;4.757;-8.116;-7.448;749.983;-0.1922;-0.1525;0.0011;2.799;4.174
4759;4.758;-11.137;-7.275;761.52;-0.2182;-0.1437;-0.0041;-2.396;-6.919
4760;4.759;-10.998;-11.835;744.942;-0.2164;-0.2238;-0.0094;-6.876;-1.171
4761;4.76;-11.657;-10.091;745.612;-0.2591;-0.2095;-0.0046;0.554;2.705
4762;4.761;-9.34;-12.238;773.849;-0.1925;-0.2497;-0.0037;5.013;7.063
4763;4.762;-6.563;-5.833;761.99;-0.1167;-0.1292;-0.0005;8.591;-14.482
4764;4.763;-18.032;-12.75;774.589;-0.3808;-0.2458;-0.0024;-5.461;-0.258
4765;4.764;-11.107;-7.813;770.675;-0.2406;-0.1661;-0.0006;0.525;5.584
4766;4.765;-12.512;-8.693;775.274;-0.2473;-0.1792;-0.0022;-2.309;0.275
4767;4.766;-16.413;-8.904;757.337;-0.3229;-0.185;0.0038;0.099;-9.118
4768;4.767;-11.687;-9.439;771.491;-0.237;-0.199;-0.0067;-6.982;-4.835
4769;4.768;-7.272;-9.302;765.985;-0.155;-0.1947;0.0081;-4.925;-2.077
4770;4.769;-10.369;-8.144;772.592;-0.2098;-0.144;-0.0009;-0.727;1.141
4771;4.77;-6.314;-8.615;777.641;-0.131;-0.1785;0.0021;-2.297;-3.008
4772;4.771;-8.58;-8.678;765.342;-0.1572;-0.1763;-0.0006;-0.668;2.575
4773;4.772;-11.817;-12.443;780.534;-0.2331;-0.2494;-0.0001;-1.39;-6.957
4774;4.773;-13.942;-12.512;788.604;-0.2799;-0.2643;0.0013;8.169;8.828
4775;4.774;-15.532;-10.798;756.596;-0.3009;-0.2002;-0.0052;-4.597;5.498
4776;4.775;-11.119;-8.147;774.248;-0.2248;-0.1549;0.0052;3.766;4.438
4777;4.776;-12.889;-7.89;770.046;-0.2671;-0.166;-0.0053;8.947;-2.89
4778;4.777;-11.535;-7.342;787.808;-0.2277;-0.1466;0.0002;4.57;-4.696
4779;4.778;-10.267;-10.191;777.226;-0.2251;-0.2045;-0.0026;4.207;-1.085
4780;4.779;-6.385;-6.384;772.018;-0.1406;-0.1266;-0.0011;-0.399;-10.609
4781;4.78;-12.995;-6.653;778.049;-0.2673;-0.1196;0.0044;3.809;0.612
4782;4.781;-11.5;-9.251;773.697;-0.2234;-0.1952;-0.0008;4.845;5.495
4783;4.782;-8.495;-6.472;782.785;-0.1608;-0.1223;-0.0024;-1.328;3.071
4784;4.783;-7.959;-11.944;780.254;-0.1557;-0.2155;0.0055;12.378;0.683
4785;4.784;-14.503;-9.963;769.243;-0.2873;-0.2018;0.004;1.615;1.656
4786;4.785;-8.773;-7.016;774.392;-0.1746;-0.1637;-0.0013;9.519;1.965
4787;4.786;-10.652;-9.684;771.693;-0.2036;-0.1808;0.0114;-0.431;-7.269
4788;4.787;-10.783;-11.501;785.083;-0.2089;-0.2416;0.002;-2.788;-5.809
4789;4.788;-12.476;-5.765;784.28;-0.2405;-0.1158;0.0008;-5.085;-5.397
4790;4.789;-8.534;-7.835;780.895;-0.1758;-0.1564;0.0018;-0.066;-1.154
4791;4.79;-11.914;-9.636;775.358;-0.238;-0.195;0.006;-3.155;0.367
4792;4.791;-12.592;-9.486;786.338;-0.2553;-0.1848;0.0084;-0.892;-4.684
4793;4.792;-13.535;-11.29;759.281;-0.2638;-0.2337;-0.0091;7.247;1.257
4794;4.793;-12.448;-5.352;769.211;-0.26;-0.1008;0.0002;-2.926;3.061
4795;4.794;-11.619;-9.108;778.963;-0.2379;-0.1758;-0.0014;-1.216;-2.032
4796;4.795;-12.403;-6.587;761.25;-0.2376;-0.1382;-0.0075;4.083;-4.771
4797;4.796;-7.6;-10.512;751.935;-0.1645;-0.2173;-0.0045;6.142;-3.193
4798;4.797;-11.693;-8.526;773.826;-0.2401;-0.1629;0.0014;-6.196;3.958
4799;4.798;-9.741;-6.326;774.188;-0.1861;-0.1363;0.0034;12.498;8.262
4800;4.799;-11.392;-7.704;775.71;-0.2222;-0.1482;-0.0081;1.239;-2.826
4801;4.8;-4.994;-4.758;772.744;-0.0959;-0.084;-0.0002;-5.599;5.311
4802;4.801;-10.969;-8.961;773.989;-0.219;-0.1823;0.0034;-6.368;-9.285
4803;4.802;-13.612;-6.32;768.916;-0.2681;-0.1168;0.0076;2.366;-16.048
4804;4.803;-6.641;-5.852;758.456;-0.1414;-0.1235;-0.0007;0.997;2.801
4805;4.804;-13.173;-11.065;761.968;-0.2539;-0.2289;-0.0155;2.116;-4.57
4806;4.805;-11.3;-4.79;752.429;-0.2248;-0.0932;0.0034;3.955;6.25
4807;4.806;-9.836;-7.546;766.381;-0.2005;-0.1597;0.0025;-3.167;4.361
4808;4.807;-8.964;-7.16;760.623;-0.2052;-0.151;-0.0041;-0.744;-5.897
4809;4.808;-9.659;-13.056;765.26;-0.2013;-0.2564;0.0006;0.144;8.984
4810;4.809;-8.806;-4.599;770.171;-0.159;-0.097;0.0003;-4.692;8.56
4811;4.81;-9.683;-8.591;771.634;-0.1929;-0.1888;-0.0013;-2.96;-5.655
4812;4.811;-10.106;-4.776;762.085;-0.2089;-0.1017;-0.0001;1.265;1.44
4813;4.812;-8.893;-2.722;756.288;-0.1725;-0.0597;0.0027;-1.043;4.39
4814;4.813;-9.443;-4.65;762.464;-0.1729;-0.1114;0.0062;-10.962;-1.405
4815;4.814;-9.94;-6.307;759.222;-0.2012;-0.1251;-0.0008;-11.834;2.996
4816;4.815;-9.891;-6.603;758.313;-0.1927;-0.1428;0.0086;-7.473;-1.136
4817;4.816;-11.18;-8.717;756.304;-0.2305;-0.1565;0.0062;3.041;1.595
4818;4.817;-10.134;-8.927;747.416;-0.2043;-0.1695;0.0067;1.071;-4.272
4819;4.818;-7.24;-9.442;743.513;-0.1542;-0.1934;0.0006;4.94;-1.713
4820;4.819;-11.941;-4.705;751.037;-0.2378;-0.1198;0.0103;3.279;1.165
4821;4.82;-7.28;-7.341;743.286;-0.1527;-0.1491;0.0006;-1.241;-3.256
4822;4.821;-11.499;-6.123;750.647;-0.2261;-0.1197;0.0125;-3.095;-3.8
4823;4.822;-8.653;-6.678;751.545;-0.1782;-0.1315;-0.0051;4.099;-1.955
4824;4.823;-8.538;-4.692;741.711;-0.1614;-0.0952;-0.0073;2.386;-3.186
4825;4.824;-11.287;-3.118;751.477;-0.2259;-0.0545;-0.0084;-1.31;-7.207
4826;4.825;-7.473;-4.626;742.552;-0.1419;-0.0945;0.0083;-0.172;0.443
4827;4.826;-11.299;-5.944;751.379;-0.2258;-0.1151;0.0016;-1.702;-10.15
4828;4.827;-12.537;-4.893;743.664;-0.2246;-0.0669;0.0021;-4.371;-0.999
4829;4.828;-11.574;-2.283;738.381;-0.2131;-0.0446;0.0134;-2.439;3.204
4830;4.829;-14.459;-8.878;742.538;-0.2794;-0.179;0.0014;-3.378;5.492
4831;4.83;-12.983;-5.924;754.523;-0.2548;-0.1158;-0.009;1.768;9.152
4832;4.831;-9.582;-4.604;747.661;-0.2023;-0.09;0.0019;1.931;-0.714
4833;4.832;-14.905;-4.919;737.699;-0.2986;-0.0987;0.0036;8.238;7.931
4834;4.833;-3.262;-12.04;741.698;-0.0597;-0.2458;-0.0053;-6.145;-3.143
4835;4.834;-10.18;-4.432;745.714;-0.2062;-0.0858;0.0065;-7.791;8.036
4836;4.835;-7.133;-6.559;753.867;-0.1405;-0.1497;0.002;-3.444;-8.599
4837;4.836;-12.732;-6.654;741.166;-0.24;-0.135;0.0026;5.085;5.13
4838;4.837;-5.552;-5.281;738.24;-0.1012;-0.1148;-0.0077;-5.812;7.966
4839;4.838;-13.596;-7.398;745.939;-0.2761;-0.1573;-0.0006;-1.692;6.15
4840;4.839;-7.33;-6.765;730.709;-0.1388;-0.1433;-0.0053;3.332;0.68
4841;4.84;-6.048;-4.464;745.887;-0.1163;-0.0808;-0.0072;-4.231;-2.908
4842;4.841;-7.449;-6.768;731.691;-0.1419;-0.148;0.0063;3.328;-9.769
4843;4.842;-6.542;-3.607;731.3;-0.1301;-0.0742;0.0086;-10.35;8.114
4844;4.843;-7.224;-3.133;733.777;-0.1241;-0.0631;-0.0063;0.685;-8.91
4845;4.844;-8.238;-5.213;732.28;-0.1739;-0.1113;-0.0025;-0.493;-6.521
4846;4.845;-4.976;-3.715;743.317;-0.0908;-0.0766;0.0011;1.721;5.421
4847;4.846;-7.79;-4.315;746.156;-0.1673;-0.0887;-0.0083;-4.198;-1.888
4848;4.847;-4.321;-8.449;730.846;-0.0854;-0.1744;-0.0037;6.652;8.446
4849;4.848;-8.084;-8.717;740.731;-0.1654;-0.1686;0.0;7.899;2.171
4850;4.849;-7.217;-6.981;733.793;-0.153;-0.1378;0.0069;6.038;-10.807
4851;4.85;-6.27;-5.474;736.298;-0.1159;-0.0884;-0.0036;-6.152;-1.881
4852;4.851;-9.511;-5.865;750.215;-0.19;-0.1231;0.0034;3.351;-1.906
4853;4.852;-7.722;-5.852;732.284;-0.1491;-0.1319;0.0045;5.586;1.342
4854;4.853;-9.338;-8.326;736.53;-0.1934;-0.1674;0.0067;6.235;-0.364
4855;4.854;-9.538;-1.88;737.187;-0.1994;-0.0167;-0.0065;5.761;2.828
4856;4.855;-9.041;-2.598;737.111;-0.1853;-0.0395;0.0009;3.923;0.785
4857;4.856;-8.534;-6.834;734.042;-0.1764;-0.1349;0.0022;13.849;7.205
4858;4.857;-10.589;-4.659;743.629;-0.2132;-0.0824;-0.0007;9.844;3.604
4859;4.858;-8.364;-6.612;731.297;-0.1718;-0.1285;0.002;3.96;-3.098
4860;4.859;-7.979;-2.384;746.462;-0.1588;-0.0413;0.0015;4.886;1.307
4861;4.86;-13.508;-3.691;746.734;-0.2659;-0.0728;-0.0054;7.334;-2.782
4862;4.861;-2.393;-0.755;756.625;-0.0507;-0.0198;0.0038;4.271;-0.057
4863;4.862;-4.357;-3.028;755.418;-0.0769;-0.0486;0.0023;3.293;-0.717
4864;4.863;-3.668;-3.348;747.827;-0.0787;-0.0639;-0.0004;2.752;-5.014
4865;4.864;-4.874;-4.285;745.533;-0.0973;-0.0716;-0.0028;0.314;7.44
4866;4.865;-4.036;-7.444;762.87;-0.0855;-0.1544;0.0034;1.052;-4.692
4867;4.866;-9.633;-5.983;747.737;-0.2058;-0.1293;-0.0005;-0.323;2.84
4868;4.867;-7.504;-4.882;766.189;-0.145;-0.0952;-0.0093;-2.971;1.865
4869;4.868;-7.587;-6.594;748.595;-0.1576;-0.1108;-0.0003;3.298;-1.604
4870;4.869;-10.88;-1.164;747.366;-0.2156;-0.0273;0.0002;0.425;-5.542
4871;4.87;-8.316;-4.456;758.559;-0.18;-0.0912;-0.0076;2.289;1.321
4872;4.871;-6.298;-6.239;760.509;-0.1359;-0.1248;0.0034;-1.816;10.436
4873;4.872;-8.465;-3.512;754.751;-0.1533;-0.0625;-0.0019;-1.201;-10.566
4874;4.873;-7.952;-5.534;744.658;-0.167;-0.1002;0.0025;10.082;8.942
4875;4.874;-4.056;-4.2;760.44;-0.0986;-0.0682;0.0008;2.189;2.5
4876;4.875;-6.696;-4.762;751.658;-0.1275;-0.1037;0.0038;-0.252;0.3
4877;4.876;-5.482;-2.883;760.311;-0.1148;-0.0564;-0.0064;-2.198;2.541
4878;4.877;-5.013;0.227;757.315;-0.0943;0.0026;0.0014;-1.369;0.616
4879;4.878;-8.786;-2.319;750.103;-0.1796;-0.0374;-0.0148;-3.841;-3.54
4880;4.879;-6.022;-5.945;751.155;-0.12;-0.1111;0.0015;-4.605;-7.296
4881;4.88;-8.871;-2.886;764.201;-0.1802;-0.0636;0.0024;-0.567;2.254
4882;4.881;-4.08;-2.443;762.581;-0.0649;-0.0309;-0.007;-0.253;-4.834
4883;4.882;-5.001;-1.808;775.669;-0.099;-0.0351;-0.0023;6.291;-4.375
4884;4.883;-2.321;-2.579;769.482;-0.0379;-0.0345;-0.0025;3.318;8.16
4885;4.884;-5.736;-3.137;770.973;-0.1138;-0.0517;-0.0023;5.647;-0.225
4886;4.885;-6.412;-5.275;766.143;-0.1339;-0.1112;-0.0021;-10.002;3.636
4887;4.886;-6.135;-1.844;747.821;-0.1222;-0.0422;-0.0021;-0.258;-9.932
4888;4.887;-3.191;-4.256;765.164;-0.0745;-0.093;-0.0003;5.179;-0.769
4889;4.888;-4.215;0.87;767.44;-0.0955;0.0224;-0.0102;-0.017;-2.165
4890;4.889;-5.647;2.563;772.625;-0.1264;0.0499;0.0064;-7.122;-9.689
4891;4.89;-9.647;-6.068;774.625;-0.1875;-0.1334;-0.0014;-1.141;4.343
4892;4.891;-4.348;-6.472;759.896;-0.0878;-0.1365;-0.001;3.47;8.42
4893;4.892;-4.671;-5.269;781.328;-0.1037;-0.1252;0.005;1.159;-5.603
4894;4.893;-7.583;-4.697;784.881;-0.155;-0.0884;-0.0001;-3.543;3.246
4895;4.894;-2.123;-1.68;782.37;-0.0377;-0.0326;-0.0041;0.415;-1.327
4896;4.895;-9.156;-5.178;765.881;-0.1699;-0.1054;-0.0047;-3.331;6.129
4897;4.896;-2.852;-1.98;758.476;-0.0485;-0.0344;0.002;2.302;-11.944
4898;4.897;-9.21;-5.52;778.623;-0.189;-0.1038;-0.0104;-5.585;-13.945
4899;4.898;-1.372;0.004;780.616;-0.0273;0.006;0.0079;-0.695;-0.467
4900;4.899;-7.491;1.243;774.125;-0.1658;0.0168;0.0018;-3.041;1.542
4901;4.9;-8.247;-4.473;772.866;-0.1682;-0.0888;-0.0065;2.418;1.159
4902;4.901;-4.994;-3.366;767.376;-0.0874;-0.0566;-0.0032;0.497;-7.412
4903;4.902;-2.696;-3.77;766.606;-0.0569;-0.0917;0.0029;0.315;10.431
4904;4.903;-3.81;0.254;773.487;-0.0716;0.016;-0.0003;-2.249;6.248
4905;4.904;-5.173;-1.263;767.017;-0.0981;-0.0268;-0.0059;8.363;-4.69
4906;4.905;-4.897;-1.726;769.134;-0.0926;-0.0198;-0.0031;6.279;5.308
4907;4.906;-2.516;0.541;762.578;-0.0367;-0.0063;-0.0034;7.394;1.041
4908;4.907;0.637;1.246;784.642;0.002;0.0318;-0.0033;11.943;5.201
4909;4.908;-5.935;-1.745;764.437;-0.125;-0.0436;0.0005;13.352;2.701
4910;4.909;-6.792;-1.0;759.093;-0.1209;-0.0035;-0.0009;4.089;-1.27
4911;4.91;-2.19;0.988;771.459;-0.0402;0.0126;0.0033;-3.298;3.968
4912;4.911;-8.963;-3.356;765.415;-0.1951;-0.0727;-0.0034;0.14;8.449
4913;4.912;-3.29;-2.646;763.351;-0.0635;-0.0605;-0.002;2.091;-1.984
4914;4.913;-2.38;0.067;769.545;-0.0471;0.0175;-0.0103;-0.295;5.891
4915;4.914;-5.713;4.704;773.194;-0.1093;0.077;-0.0033;4.536;5.696
4916;4.915;-4.842;-2.612;763.976;-0.1014;-0.0382;-0.0084;0.785;2.647
4917;4.916;-6.379;3.221;765.4;-0.1341;0.055;0.0034;-1.852;6.76
4918;4.917;-3.077;-2.629;751.051;-0.0649;-0.047;-0.0068;0.276;-8.376
4919;4.918;-0.441;0.631;775.696;-0.0002;0.0236;0.0071;6.919;-1.104
4920;4.919;-5.356;-4.65;759.237;-0.0929;-0.0782;0.0012;-4.464;-0.484
4921;4.92;-3.428;-2.159;779.469;-0.0759;-0.0473;0.0036;-3.561;-2.4
4922;4.921;-1.263;-1.463;752.061;-0.0333;-0.0266;-0.0034;3.971;3.12
4923;4.922;-3.762;1.462;762.62;-0.0857;0.0212;-0.0008;3.469;-4.892
4924;4.923;-8.509;-2.082;759.959;-0.1666;-0.0324;-0.0014;-6.763;0.173
4925;4.924;-4.655;-2.54;749.94;-0.0918;-0.0551;-0.0019;-2.07;1.997
4926;4.925;-6.389;-1.053;765.81;-0.131;-0.0298;-0.0055;0.27;-1.924
4927;4.926;-3.611;-1.083;751.001;-0.0752;-0.0256;-0.0013;-0.73;4.344
4928;4.927;-7.791;-1.378;765.303;-0.1578;-0.0048;-0.0046;1.795;-8.018
4929;4.928;-5.594;2.673;761.278;-0.1097;0.0549;-0.0019;1.092;-1.315
4930;4.929;-4.327;-1.643;758.493;-0.0888;-0.0136;0.0094;12.398;-0.624
4931;4.93;0.088;-0.352;763.258;-0.0065;-0.0199;-0.0005;-1.921;-3.261
4932;4.931;0.464;-0.32;732.508;0.0175;0.0005;0.0016;-1.468;12.653
4933;4.932;2.697;1.963;748.123;0.0314;0.0341;-0.0035;2.804;3.224
4934;4.933;-5.819;2.398;756.92;-0.1078;0.0458;-0.0025;-2.195;-2.701
4935;4.934;-3.678;-0.738;756.213;-0.0732;-0.0201;-0.0074;0.747;0.492
4936;4.935;-0.108;1.219;741.587;0.0097;0.0273;-0.0002;-1.107;3.844
4937;4.936;-2.807;1.01;749.424;-0.056;0.0257;0.003;-0.283;4.778
4938;4.937;-5.152;-0.613;731.055;-0.0971;-0.0054;0.0119;-10.454;-3.437
4939;4.938;-2.909;0.65;740.906;-0.049;-0.0007;-0.0063;-4.13;1.538
4940;4.939;-5.714;4.239;746.482;-0.1065;0.0853;0.0093;-1.311;7.085
4941;4.94;-7.029;0.25;727.135;-0.133;0.006;-0.0036;-9.106;0.748
4942;4.941;-3.539;4.083;736.938;-0.0737;0.0498;-0.0087;3.092;6.159
4943;4.942;-2.09;-1.109;743.641;-0.0362;-0.0234;-0.0014;1.901;3.244
4944;4.943;-4.272;1.92;735.835;-0.0728;0.0486;-0.0017;-4.796;7.945
4945;4.944;-4.283;-0.127;734.075;-0.0953;0.0077;-0.0073;-3.977;5.32
4946;4.945;-0.454;-2.868;732.477;-0.0051;-0.0615;0.0009;-1.451;1.208
4947;4.946;-5.421;-2.262;732.234;-0.111;-0.0497;-0.0099;3.069;12.094
4948;4.947;-5.133;1.924;723.741;-0.1051;0.0407;-0.0045;2.398;-9.196
4949;4.948;-2.787;-1.724;733.355;-0.0513;-0.0351;-0.0013;0.626;-0.019
4950;4.949;-3.751;4.293;724.443;-0.0754;0.0798;0.0004;-6.498;-1.025
4951;4.95;-4.742;-0.358;734.046;-0.1;0.0157;-0.0045;-2.475;-0.762
4952;4.951;1.054;-1.59;741.091;0.0395;-0.0258;-0.0052;-3.755;-5.388
4953;4.952;-3.369;2.09;713.179;-0.0676;0.0448;0.006;3.616;-0.829
4954;4.953;-2.556;3.137;731.048;-0.0487;0.0487;0.004;6.636;-8.937
4955;4.954;1.404;-0.558;719.641;0.0392;-0.0217;0.0009;5.294;-1.103
4956;4.955;-6.563;1.927;734.912;-0.1348;0.0307;-0.0041;-4.178;5.024
4957;4.956;-2.502;5.994;724.401;-0.0404;0.1214;-0.0004;6.206;5.732
4958;4.957;-1.64;3.016;721.994;-0.025;0.052;-0.0006;0.839;-4.16
4959;4.958;-3.85;-0.554;720.974;-0.0731;0.0007;-0.0023;12.202;-8.57
4960;4.959;0.97;-1.887;706.577;0.0034;-0.0461;0.0098;-2.938;5.162
4961;4.96;-5.936;4.913;706.167;-0.1255;0.1066;0.0026;4.304;0.252
4962;4.961;-5.034;5.236;705.909;-0.0985;0.0948;0.0045;4.43;7.748
4963;4.962;-4.304;2.237;711.636;-0.0702;0.029;-0.0021;-5.823;1.416
4964;4.963;-2.442;0.903;716.897;-0.0614;0.0322;0.0007;4.898;-3.156
4965;4.964;-3.224;2.209;710.857;-0.0763;0.0409;-0.0038;-6.523;-1.539
4966;4.965;-4.974;1.66;717.347;-0.1014;0.0407;0.0033;-0.243;-2.579
4967;4.966;1.523;-0.189;698.502;0.0385;-0.0079;-0.0014;3.947;-11.14
4968;4.967;-2.164;1.047;724.16;-0.0617;0.0284;0.0011;-2.941;-5.979
4969;4.968;-6.021;1.482;709.788;-0.1372;0.0206;-0.0007;6.678;-0.724
4970;4.969;-0.904;5.879;719.696;-0.0151;0.0979;-0.0019;4.616;-6.51
4971;4.97;-2.854;0.027;717.903;-0.0561;0.0038;-0.0057;-5.025;4.784
4972;4.971;0.585;0.165;719.279;0.0099;0.0026;-0.0056;-1.006;1.004
4973;4.972;-4.326;1.353;708.767;-0.0917;0.0213;-0.0004;2.847;8.884
4974;4.973;-4.636;1.94;703.317;-0.089;0.0373;0.0044;4.401;-5.972
4975;4.974;-0.422;2.478;725.648;-0.0217;0.0452;-0.0016;9.916;-4.975
4976;4.975;-2.208;-1.858;709.241;-0.0558;-0.059;-0.0021;-9.042;-3.291
4977;4.976;-2.066;1.989;709.889;-0.0435;0.0478;0.0032;-3.471;-0.859
4978;4.977;-1.889;2.063;703.243;-0.0317;0.0385;0.002;6.116;10.398
4979;4.978;-0.186;-1.091;705.359;0.0167;-0.0289;0.002;3.161;-6.659
4980;4.979;-4.649;4.323;704.123;-0.086;0.053;-0.005;-0.641;-3.759
4981;4.98;1.439;4.55;704.838;0.0071;0.0917;-0.0008;-8.126;6.983
4982;4.981;-3.528;3.331;721.927;-0.0609;0.048;0.0049;2.034;-3.04
4983;4.982;1.738;6.834;717.123;0.0181;0.1399;-0.0045;4.765;-2.548
4984;4.983;0.073;6.343;710.03;-0.0101;0.1282;-0.0021;-3.892;-0.804
4985;4.984;2.064;5.719;722.872;0.0398;0.1171;-0.0016;-1.976;-2.389
4986;4.985;1.727;2.45;704.123;0.0314;0.0404;-0.0008;0.777;-7.341
4987;4.986;0.178;1.318;714.006;0.0101;0.0279;-0.0033;-0.713;3.972
4988;4.987;-1.862;5.031;718.637;-0.0333;0.1016;0.0063;-2.261;-1.306
4989;4.988;2.769;1.794;732.441;0.05;0.0404;-0.0092;-0.243;-4.227
4990;4.989;-0.642;3.932;707.898;-0.0156;0.0812;-0.0026;-2.364;12.038
4991;4.99;1.738;2.68;703.439;0.0286;0.0529;0.0015;1.657;-3.585
4992;4.991;2.395;6.158;706.702;0.039;0.1391;0.0023;-2.883;6.674
4993;4.992;-0.217;3.516;714.818;0.0123;0.0504;-0.0011;8.428;1.066
4994;4.993;-1.244;4.555;697.466;-0.0332;0.0924;0.0005;-1.256;-4.375
4995;4.994;-3.023;6.808;720.912;-0.0626;0.1392;0.0013;0.033;0.516
4996;4.995;0.693;0.212;720.468;0.0102;0.0065;0.0027;-4.304;-4.398
4997;4.996;0.098;7.562;710.754;0.0066;0.1527;0.0084;-2.396;-4.341
4998;4.997;0.47;4.36;713.599;0.016;0.0768;0.0057;8.26;-0.447
4999;4.998;2.6;4.251;705.331;0.0472;0.0811;-0.0056;5.75;2.771
5000;4.999;-2.881;0.852;729.398;-0.0469;0.0253;0.004;10.284;5.528
5001;5.0;-0.406;3.8;716.848;-0.0333;0.0652;-0.0038;1.625;-3.809
5002;5.001;0.573;3.727;721.662;0.0122;0.0888;-0.0011;-6.387;7.12
5003;5.002;-2.096;4.639;724.94;-0.0402;0.0771;-0.0024;-3.353;1.436
5004;5.003;1.598;2.355;721.174;0.0238;0.0649;-0.0092;2.059;-7.572
5005;5.004;-3.095;1.27;717.046;-0.066;0.0251;-0.0006;3.601;-6.011
5006;5.005;1.87;2.277;720.553;0.0407;0.0492;-0.0075;4.291;-2.445
5007;5.006;7.032;2.123;728.311;0.1383;0.0429;0.0014;7.423;-0.284
5008;5.007;-0.681;5.495;723.936;-0.0111;0.1256;0.0035;-4.67;-6.096
5009;5.008;1.659;5.775;738.016;0.0419;0.1232;0.0021;5.441;-0.303
5010;5.009;4.736;4.203;715.811;0.0885;0.1073;0.007;8.058;2.081
5011;5.01;-1.772;5.754;717.172;-0.0295;0.1165;-0.008;-1.559;8.938
5012;5.011;4.157;3.179;722.698;0.0957;0.065;-0.003;4.716;-4.754
5013;5.012;2.918;7.704;731.076;0.0415;0.1488;-0.0029;0.14;-7.313
5014;5.013;-7.724;4.848;724.341;-0.1558;0.0904;0.0009;-5.725;-5.578
5015;5.014;-1.287;8.264;713.809;-0.0385;0.1888;-0.0022;-0.056;2.016
5016;5.015;1.2;8.628;713.661;0.0259;0.1726;-0.0012;-3.978;-5.699
5017;5.016;0.61;8.952;729.277;0.0278;0.1837;-0.0049;-1.886;-3.087
5018;5.017;0.07;5.174;727.128;0.0004;0.0924;0.0041;4.438;7.772
5019;5.018;5.631;2.169;726.446;0.1248;0.0432;0.004;-0.582;-2.017
5020;5.019;0.56;7.599;724.979;0.0162;0.143;0.0029;6.646;-2.682
5021;5.02;3.185;7.167;738.42;0.0611;0.1393;-0.0048;-7.107;0.522
5022;5.021;-1.132;5.573;727.347;-0.0184;0.107;0.0009;-5.809;4.004
5023;5.022;-3.5;4.168;728.527;-0.0795;0.0807;-0.0091;-1.914;-7.335
5024;5.023;0.429;4.947;737.253;0.0201;0.0845;-0.0081;-3.981;4.241
5025;5.024;4.647;3.19;717.21;0.1063;0.0691;0.0016;0.615;7.352
5026;5.025;-0.611;2.843;723.036;-0.0236;0.0584;-0.0103;-0.0;5.697
5027;5.026;2.973;11.878;736.5;0.0575;0.2487;0.0048;4.984;2.247
5028;5.027;4.361;4.58;731.875;0.0862;0.0912;-0.0014;-5.013;1.165
5029;5.028;3.289;8.226;737.599;0.0534;0.1634;0.0037;2.927;-6.465
5030;5.029;1.885;4.215;732.864;0.039;0.0806;-0.0024;-0.252;4.412
5031;5.03;0.203;4.985;735.959;-0.0057;0.0989;0.0064;-3.937;-7.72
5032;5.031;2.251;5.64;725.802;0.0419;0.121;-0.0048;2.283;4.875
5033;5.032;-3.172;5.839;726.54;-0.063;0.1287;-0.0023;-7.066;-8.559
5034;5.033;7.465;7.028;719.363;0.1596;0.1456;-0.0001;1.973;-2.671
5035;5.034;1.548;4.455;719.145;0.0231;0.0986;-0.0127;-6.035;-2.775
5036;5.035;0.116;5.585;735.484;0.0203;0.1269;-0.0047;-7.296;5.355
5037;5.036;-2.211;4.569;723.606;-0.0471;0.0796;0.0019;2.694;1.088
5038;5.037;3.287;5.986;723.864;0.0839;0.1066;0.0021;-0.917;-0.524
5039;5.038;6.699;6.272;704.818;0.1351;0.1408;-0.0008;-6.625;3.88
5040;5.039;2.58;4.326;733.228;0.0729;0.1034;0.0059;-6.358;-0.733
5041;5.04;-1.499;6.861;716.696;-0.0341;0.1436;-0.0023;2.368;6.248
5042;5.041;-0.021;9.209;710.945;0.0056;0.1839;-0.0012;5.159;4.23
5043;5.042;4.478;8.183;709.895;0.1182;0.1874;0.0046;2.877;10.56
5044;5.043;0.939;6.002;721.457;0.005;0.1099;0.0084;-7.211;-9.906
5045;5.044;1.951;5.927;728.309;0.0585;0.1093;0.0046;-0.369;-2.437
5046;5.045;0.886;3.655;719.744;0.0222;0.0711;-0.0009;0.288;-0.021
5047;5.046;2.845;8.783;718.759;0.0509;0.1662;0.0004;7.013;0.812
5048;5.047;5.26;11.31;746.696;0.1014;0.2458;-0.0006;1.017;0.824
5049;5.048;0.125;8.623;724.88;0.0171;0.172;0.0024;-1.076;-7.133
5050;5.049;5.684;5.869;709.707;0.1257;0.0967;-0.0;3.917;2.263
5051;5.05;0.816;10.206;702.467;0.0267;0.1972;-0.0021;1.902;-2.232
5052;5.051;0.602;7.151;705.025;0.0169;0.1337;0.0008;-2.426;4.716
5053;5.052;7.668;9.992;715.621;0.1592;0.1949;0.0001;3.583;-7.835
5054;5.053;0.05;5.16;709.358;0.0157;0.0854;0.0021;-5.044;0.203
5055;5.054;2.342;7.378;710.911;0.027;0.1413;0.0008;11.236;-5.169
5056;5.055;1.197;7.97;704.16;0.0206;0.1826;-0.0052;-3.01;0.373
5057;5.056;6.285;5.197;702.81;0.1336;0.1026;-0.0091;-2.269;0.212
5058;5.057;0.738;4.452;710.138;0.0112;0.0862;-0.0044;0.603;0.159
5059;5.058;7.511;8.647;709.361;0.1654;0.1757;-0.0007;7.894;6.348
5060;5.059;9.158;7.398;709.017;0.1903;0.1336;-0.0001;-2.968;-5.199
5061;5.06;5.009;5.228;705.983;0.1066;0.1132;0.0012;1.623;-8.156
5062;5.061;3.087;7.294;707.253;0.0693;0.1402;-0.0042;5.036;0.661
5063;5.062;4.779;5.85;687.617;0.0857;0.1047;-0.0109;-5.503;-10.434
5064;5.063;4.333;7.053;696.889;0.0817;0.134;0.0008;4.323;-1.39
5065;5.064;6.188;13.523;701.981;0.1226;0.2879;-0.0066;-10.035;5.109
5066;5.065;5.259;6.791;698.652;0.095;0.1332;-0.0045;0.534;-0.633
5067;5.066;4.526;6.839;705.073;0.1029;0.1456;0.0061;-2.571;-3.19
5068;5.067;8.268;6.848;697.129;0.1731;0.1388;0.0018;5.143;-2.054
5069;5.068;6.531;7.561;701.454;0.1414;0.1431;0.0077;-5.413;-7.74
5070;5.069;4.61;6.328;694.267;0.0905;0.1445;-0.0005;-10.809;1.369
5071;5.07;4.786;8.961;687.062;0.0982;0.1823;0.0103;3.306;5.468
5072;5.071;4.906;9.054;686.791;0.0986;0.1838;-0.002;1.375;8.283
5073;5.072;5.164;-0.52;691.801;0.1005;0.004;-0.0058;1.875;3.76
5074;5.073;4.63;10.03;676.597;0.0866;0.1932;-0.0076;-1.597;-0.314
5075;5.074;4.976;11.183;676.604;0.0967;0.2061;0.002;-1.812;-6.883
5076;5.075;5.248;8.721;683.318;0.1095;0.181;-0.0058;6.588;2.377
5077;5.076;6.855;7.745;690.234;0.1418;0.1785;-0.0078;0.942;0.742
5078;5.077;7.396;8.715;677.935;0.1305;0.1825;-0.0015;6.281;-0.14
5079;5.078;3.977;8.585;684.348;0.0866;0.1882;0.0039;-4.459;-1.311
5080;5.079;3.977;7.966;673.307;0.0752;0.1441;0.0084;-4.367;-3.35
5081;5.08;2.872;6.696;669.096;0.0504;0.1288;-0.0041;0.63;-1.861
5082;5.081;9.212;5.259;673.784;0.1973;0.1217;-0.0041;-0.968;-2.447
5083;5.082;8.545;12.03;676.525;0.1657;0.2394;-0.0035;-4.443;-4.101
5084;5.083;3.452;9.378;679.216;0.0626;0.1805;0.0002;3.846;1.381
5085;5.084;5.408;12.579;673.554;0.0989;0.2421;0.0017;5.224;-7.357
5086;5.085;3.062;7.075;671.001;0.0451;0.1419;0.0087;-6.526;-10.264
5087;5.086;2.824;9.215;664.788;0.0459;0.1968;-0.0039;-0.683;-8.5
5088;5.087;6.787;5.5;683.183;0.1161;0.0945;-0.0;-1.286;7.873
5089;5.088;5.991;2.631;669.597;0.1325;0.0386;-0.0034;-4.379;1.267
5090;5.089;3.161;13.025;676.151;0.058;0.2531;-0.0053;-2.926;-4.401
5091;5.09;1.091;8.22;664.572;0.0162;0.1625;0.0012;-4.939;-0.166
5092;5.091;3.697;8.633;668.119;0.0646;0.1668;0.0035;1.238;-4.381
5093;5.092;6.016;9.111;678.849;0.1227;0.1935;-0.0049;-5.997;-3.945
5094;5.093;1.61;11.208;667.434;0.0244;0.2244;0.0013;-0.71;-0.782
5095;5.094;7.016;11.45;667.728;0.1619;0.2412;-0.0016;-6.049;7.246
5096;5.095;8.883;9.989;673.986;0.1786;0.2242;-0.0027;-1.098;-2.75
5097;5.096;8.665;11.586;674.02;0.1657;0.231;0.0031;-5.419;3.253
5098;5.097;6.702;8.044;675.763;0.16;0.1544;0.0012;-1.323;-6.871
5099;5.098;6.359;9.255;662.594;0.1184;0.1861;-0.0007;-3.353;-6.951
5100;5.099;5.73;8.039;677.646;0.134;0.1641;-0.0038;-2.903;13.027
5101;5.1;6.964;6.085;673.264;0.143;0.1025;-0.006;-3.139;-2.237
5102;5.101;7.516;8.534;669.376;0.1429;0.1728;-0.0053;-4.706;-1.94
5103;5.102;3.888;12.444;668.521;0.0898;0.2428;0.0136;3.739;-3.294
5104;5.103;10.164;9.755;675.281;0.2252;0.1939;0.0076;-2.769;-4.298
5105;5.104;5.672;9.255;677.112;0.1013;0.1948;-0.001;-4.729;3.436
5106;5.105;4.301;10.377;663.149;0.0873;0.2036;-0.0021;2.831;5.333
5107;5.106;5.596;11.686;669.245;0.1161;0.2434;0.0034;8.424;9.337
5108;5.107;2.918;5.099;678.397;0.0626;0.1099;0.0019;5.23;0.432
5109;5.108;8.726;10.266;655.851;0.1634;0.1921;-0.0032;-8.191;-0.22
5110;5.109;3.165;9.938;663.314;0.0527;0.1918;-0.0079;4.264;-7.883
5111;5.11;5.118;9.953;677.735;0.0953;0.2099;-0.009;-8.696;-2.97
5112;5.111;-2.365;8.514;675.041;-0.053;0.1754;0.0066;-1.533;0.559
5113;5.112;6.217;6.654;665.734;0.1345;0.1391;-0.0027;-4.155;-0.355
5114;5.113;6.689;8.696;683.187;0.1321;0.1598;0.0048;5.666;-5.211
5115;5.114;4.952;7.686;680.752;0.0882;0.1665;-0.0084;1.485;-5.652
5116;5.115;8.508;7.332;675.426;0.1646;0.1398;0.002;5.128;0.469
5117;5.116;5.499;5.837;655.463;0.1162;0.1116;-0.0048;-2.785;2.14
5118;5.117;5.322;12.248;670.251;0.1015;0.2601;0.0056;5.047;-2.22
5119;5.118;4.119;9.298;679.988;0.077;0.1952;-0.0044;3.995;-6.412
5120;5.119;10.765;8.81;679.788;0.2292;0.1769;-0.0011;13.238;4.668
5121;5.12;4.076;3.879;681.771;0.0892;0.0722;-0.0051;-0.63;3.403
5122;5.121;7.294;8.242;683.274;0.1542;0.1732;0.0081;2.057;0.957
5123;5.122;8.44;9.693;692.15;0.1607;0.1973;-0.0095;2.158;1.16
5124;5.123;5.969;9.986;690.833;0.1226;0.2057;-0.0067;-0.406;5.73
5125;5.124;10.605;11.476;670.544;0.2081;0.2295;-0.0003;3.353;0.357
5126;5.125;0.973;7.597;679.946;0.0156;0.1696;0.0019;-0.86;1.712
5127;5.126;3.582;8.936;682.578;0.0717;0.1667;0.0061;4.162;-1.634
5128;5.127;7.26;8.579;688.368;0.1394;0.1925;0.0048;10.557;-7.212
5129;5.128;7.904;8.285;697.223;0.1644;0.1674;0.0063;2.541;5.676
5130;5.129;7.231;8.059;698.043;0.1487;0.1617;0.0014;-6.524;-7.684
5131;5.13;9.294;11.599;685.064;0.1945;0.248;0.0032;-3.744;0.836
5132;5.131;6.742;6.29;690.531;0.1285;0.1153;-0.001;-0.203;5.969
5133;5.132;5.502;8.099;693.427;0.1271;0.1572;-0.0001;-1.769;7.082
5134;5.133;7.311;10.367;692.221;0.1511;0.2222;0.0005;2.39;-5.414
5135;5.134;10.042;12.351;693.305;0.2124;0.2461;-0.0065;-1.28;4.377
5136;5.135;7.921;9.307;677.824;0.1564;0.1869;-0.0071;-0.88;-4.224
5137;5.136;9.132;8.87;705.17;0.1814;0.1813;0.0022;5.395;-10.778
5138;5.137;10.147;9.295;689.228;0.1822;0.2003;-0.003;1.568;4.18
5139;5.138;9.326;8.622;693.206;0.1651;0.1626;0.0041;-6.41;-1.453
5140;5.139;7.739;10.436;685.567;0.1564;0.1969;0.0015;-3.05;7.955
5141;5.14;4.931;11.558;689.349;0.1008;0.2264;-0.0051;3.076;2.042
5142;5.141;3.962;9.393;697.001;0.0828;0.1828;-0.0028;4.695;-1.586
5143;5.142;6.102;7.881;696.21;0.1243;0.1584;-0.0017;-2.398;-0.147
5144;5.143;4.761;10.164;702.041;0.1019;0.2141;0.002;4.061;-2.303
5145;5.144;11.868;9.205;683.573;0.2347;0.1829;-0.0141;-5.073;0.055
5146;5.145;7.814;6.129;689.163;0.1478;0.1131;-0.0063;-4.726;-3.838
5147;5.146;11.314;8.524;695.236;0.2124;0.1831;-0.0053;-3.411;-1.282
5148;5.147;8.322;9.476;708.527;0.1569;0.1888;-0.0039;-4.611;-1.637
5149;5.148;12.828;11.061;691.291;0.2695;0.2219;0.002;1.115;-3.852
5150;5.149;6.223;7.074;691.066;0.1295;0.1426;0.0072;2.845;9.222
5151;5.15;8.771;10.625;688.136;0.1935;0.2077;0.0044;-10.169;7.588
5152;5.151;6.521;10.136;699.243;0.1389;0.193;0.0014;9.799;-0.586
5153;5.152;4.073;9.559;681.312;0.078;0.199;-0.0051;-2.1;-5.223
5154;5.153;3.027;9.291;696.471;0.046;0.1853;0.0025;-9.075;-12.979
5155;5.154;5.955;9.753;708.927;0.122;0.2065;-0.0044;-5.375;3.669
5156;5.155;7.286;7.88;695.439;0.1381;0.1553;0.0013;9.253;3.45
5157;5.156;7.668;5.564;686.661;0.1521;0.1154;-0.0092;0.27;-6.631
5158;5.157;8.284;10.337;701.264;0.1649;0.2092;0.0008;10.037;-0.877
5159;5.158;14.056;9.762;692.094;0.2788;0.1971;0.0094;4.779;13.408
5160;5.159;8.737;11.2;688.702;0.1788;0.2303;-0.0007;3.736;4.165
5161;5.16;10.597;8.697;706.62;0.2033;0.1578;0.0028;9.968;4.141
5162;5.161;11.655;6.443;702.143;0.2279;0.1234;0.0081;8.56;7.418
5163;5.162;7.379;9.503;696.336;0.1607;0.202;-0.0033;2.595;0.779
5164;5.163;10.146;4.372;700.993;0.2074;0.0764;0.0008;8.902;-8.974
5165;5.164;8.762;8.391;694.535;0.1754;0.1697;0.0033;-9.188;-4.348
5166;5.165;8.951;7.669;701.12;0.1702;0.1663;-0.0011;6.757;-7.37
5167;5.166;10.608;11.08;709.176;0.1933;0.2194;-0.0017;2.585;-0.629
5168;5.167;10.979;10.467;715.909;0.2214;0.1973;0.002;5.057;-4.76
5169;5.168;10.155;8.47;696.337;0.2048;0.1693;0.0029;3.615;1.425
5170;5.169;7.452;10.735;701.946;0.1618;0.2064;0.0042;-3.312;3.212
5171;5.17;10.093;9.84;700.113;0.1978;0.1983;-0.0008;4.725;0.583
5172;5.171;12.838;8.954;713.126;0.2535;0.1724;0.0048;-9.726;-1.973
5173;5.172;10.601;13.878;685.294;0.2113;0.263;-0.0038;0.558;-6.274
5174;5.173;7.534;8.557;681.445;0.15;0.1741;-0.0087;-11.956;-0.45
5175;5.174;11.155;8.544;705.255;0.2274;0.1576;0.0045;5.478;-6.273
5176;5.175;13.39;9.472;693.287;0.2464;0.1937;-0.0011;2.334;-0.931
5177;5.176;10.007;8.53;701.631;0.1976;0.172;-0.0035;1.086;-2.14
5178;5.177;7.596;12.093;688.856;0.1479;0.235;0.0019;2.76;2.939
5179;5.178;8.748;11.864;703.192;0.1759;0.2364;-0.001;-0.102;7.717
5180;5.179;9.173;8.794;695.422;0.1941;0.1802;0.0019;-4.187;5.517
5181;5.18;9.856;6.343;692.531;0.1856;0.1329;0.0085;1.062;6.547
5182;5.181;12.822;6.854;680.409;0.2489;0.1371;-0.0033;4.387;-3.712
5183;5.182;10.897;8.574;678.776;0.2221;0.161;-0.0061;1.567;2.326
5184;5.183;7.996;12.426;703.525;0.1608;0.2433;0.0005;6.102;7.678
5185;5.184;12.378;7.557;681.114;0.2567;0.1465;0.0084;-6.418;12.208
5186;5.185;6.931;6.114;676.811;0.1372;0.1278;-0.001;-2.771;-0.3
5187;5.186;9.277;10.221;693.563;0.1825;0.1905;0.0072;-10.805;-12.843
5188;5.187;5.612;9.082;677.54;0.1037;0.1843;-0.0009;-5.764;-6.486
5189;5.188;9.347;12.203;666.111;0.1783;0.2238;0.0041;-1.953;-9.081
5190;5.189;5.394;4.424;678.879;0.0734;0.1063;0.0003;0.476;0.437
5191;5.19;10.026;4.971;677.6;0.211;0.0908;0.0009;-1.408;-6.054
5192;5.191;8.975;10.409;688.759;0.1759;0.2117;0.0025;2.652;-3.841
5193;5.192;8.863;5.952;674.621;0.1774;0.1182;0.0059;-3.072;-5.303
5194;5.193;12.499;11.283;674.066;0.2386;0.2261;-0.0055;-0.056;1.427
5195;5.194;7.712;6.739;674.211;0.1517;0.1492;0.0003;-1.437;-8.44
5196;5.195;10.822;4.945;664.969;0.2086;0.097;-0.0012;5.362;-2.522
5197;5.196;11.19;9.8;657.801;0.2525;0.1991;0.0039;2.856;2.566
5198;5.197;15.158;9.866;685.66;0.3038;0.2073;-0.0018;0.25;6.998
5199;5.198;12.261;10.711;661.699;0.2493;0.1969;-0.0039;1.23;3.193
5200;5.199;4.073;10.453;683.527;0.0783;0.2031;0.005;9.163;-1.139
5201;5.2;13.116;9.381;662.391;0.2769;0.1947;-0.0004;-1.291;8.552
5202;5.201;8.894;9.234;672.254;0.164;0.1968;0.0012;-1.625;0.968
5203;5.202;8.924;6.203;670.288;0.1808;0.1179;-0.0057;-5.472;-1.464
5204;5.203;10.194;8.851;664.954;0.1899;0.1856;-0.0001;-2.694;-0.571
5205;5.204;10.028;9.064;668.363;0.1923;0.1732;-0.0058;-7.977;0.329
5206;5.205;7.95;5.893;671.957;0.1596;0.0995;0.0041;-2.073;3.196
5207;5.206;10.825;8.683;666.685;0.2207;0.1675;0.0087;-3.749;9.063
5208;5.207;10.599;6.622;665.166;0.2108;0.1307;0.0017;-2.986;6.704
5209;5.208;11.335;5.572;661.777;0.2176;0.1159;-0.0018;-0.464;2.455
5210;5.209;6.511;10.141;689.537;0.1433;0.1972;0.004;3.825;-1.758
5211;5.21;15.528;3.994;670.784;0.3047;0.066;0.0054;3.108;-10.218
5212;5.211;11.66;11.606;668.419;0.2388;0.2175;-0.0033;-1.51;-4.987
5213;5.212;9.095;9.382;660.677;0.1804;0.1805;-0.0027;-5.491;-0.534
5214;5.213;10.919;11.981;659.425;0.231;0.2337;0.0034;1.96;-0.317
5215;5.214;14.687;9.227;663.743;0.2924;0.1956;0.0099;2.082;8.55
5216;5.215;7.662;6.494;662.956;0.1594;0.1329;0.0069;2.479;2.135
5217;5.216;7.767;9.789;659.294;0.1438;0.1829;-0.0093;-7.701;0.586
5218;5.217;7.889;5.29;662.009;0.167;0.1085;0.0075;-1.341;-7.995
5219;5.218;10.913;6.304;669.062;0.2293;0.1373;-0.0089;9.599;3.353
5220;5.219;7.328;9.216;668.953;0.1536;0.1786;0.0013;-1.17;-8.792
5221;5.22;8.505;10.928;652.206;0.1633;0.2037;-0.0057;-2.092;5.555
5222;5.221;13.665;7.398;651.662;0.2675;0.1587;-0.0047;3.468;0.808
5223;5.222;9.153;7.847;668.748;0.1733;0.1556;-0.0008;0.503;-0.174
5224;5.223;11.704;4.122;661.899;0.2319;0.0956;-0.0021;-0.217;-2.848
5225;5.224;14.821;9.334;664.316;0.3055;0.1795;-0.0069;-1.126;4.571
5226;5.225;12.599;8.034;675.002;0.2628;0.1411;-0.0085;-9.546;4.922
5227;5.226;11.342;4.579;670.991;0.2463;0.0852;0.0018;0.699;1.474
5228;5.227;10.145;6.384;664.982;0.1893;0.1235;0.0018;0.899;-0.46
5229;5.228;8.836;5.598;664.549;0.1765;0.1165;-0.0013;0.898;-1.948
5230;5.229;8.938;8.606;673.822;0.1967;0.1574;-0.0035;-2.696;0.902
5231;5.23;8.705;6.704;671.453;0.1722;0.1453;0.0111;2.91;11.544
5232;5.231;13.612;-3.225;669.203;0.2849;-0.0676;-0.0072;12.249;-7.882
5233;5.232;10.004;9.956;672.169;0.1943;0.2111;0.0;1.155;2.58
5234;5.233;6.844;8.18;657.244;0.1375;0.1509;0.0035;0.065;-1.787
5235;5.234;9.631;8.995;651.023;0.1852;0.176;-0.0013;-3.095;-1.03
5236;5.235;14.508;8.84;676.012;0.2981;0.1932;0.0004;-4.308;-0.653
5237;5.236;9.142;7.814;682.606;0.1895;0.1526;0.0039;-6.562;2.928
5238;5.237;13.262;5.551;663.4;0.2803;0.1118;-0.0058;5.221;-0.845
5239;5.238;10.141;7.582;659.82;0.2134;0.1392;-0.0014;4.153;-5.932
5240;5.239;13.363;8.336;678.704;0.2779;0.1716;0.0065;1.392;5.736
5241;5.24;10.055;6.569;677.558;0.1872;0.133;0.0026;-4.318;-0.998
5242;5.241;9.793;7.488;677.831;0.1859;0.1309;-0.0029;0.617;1.81
5243;5.242;10.949;8.743;680.239;0.2179;0.1673;-0.0026;0.715;-1.622
5244;5.243;13.18;9.261;686.113;0.2759;0.1961;0.0043;-3.853;6.421
5245;5.244;6.159;5.006;683.232;0.1155;0.1132;0.0011;-6.144;0.832
5246;5.245;10.172;4.471;692.361;0.1846;0.0986;-0.0004;-3.464;-8.8
5247;5.246;12.625;8.168;695.05;0.2498;0.1705;0.0072;1.136;-4.016
5248;5.247;9.099;8.451;688.444;0.1796;0.1612;-0.0007;3.81;-1.621
5249;5.248;13.655;7.129;687.468;0.2805;0.1415;0.0019;2.376;4.373
5250;5.249;17.076;1.092;687.106;0.3183;0.0274;-0.0028;-4.349;0.929
5251;5.25;10.284;9.585;698.061;0.2154;0.2036;-0.0054;-1.144;3.134
5252;5.251;12.394;3.764;695.595;0.2405;0.0721;0.0078;2.986;8.513
5253;5.252;11.274;5.27;704.673;0.2071;0.1065;0.0024;-2.746;-0.88
5254;5.253;11.297;6.857;694.858;0.2286;0.1375;-0.0021;-9.205;-5.696
5255;5.254;9.66;5.429;693.731;0.2135;0.1127;0.0076;9.307;3.498
5256;5.255;7.746;3.058;705.949;0.1607;0.08;-0.002;-2.586;-10.251
5257;5.256;8.411;2.783;701.783;0.1699;0.0561;-0.0065;4.101;-0.39
5258;5.257;5.959;2.341;692.132;0.1275;0.0562;0.0075;3.777;-1.086
5259;5.258;13.737;6.343;711.318;0.2707;0.1217;0.0008;-2.0;7.469
5260;5.259;11.621;4.815;696.369;0.2346;0.0978;0.0026;4.534;1.894
5261;5.26;10.527;7.663;703.093;0.1935;0.1602;0.0003;0.623;-5.906
5262;5.261;14.461;6.048;715.143;0.2921;0.1294;0.0079;1.791;0.695
5263;5.262;10.773;8.986;696.546;0.2154;0.1993;-0.0038;2.554;-2.797
5264;5.263;13.319;3.475;703.014;0.2706;0.0655;0.0035;-6.435;12.448
5265;5.264;9.753;5.584;706.532;0.1793;0.1063;0.0004;-9.916;5.354
5266;5.265;6.526;2.638;704.891;0.1303;0.0631;-0.0034;-5.175;-4.61
5267;5.266;10.401;5.302;709.79;0.1969;0.1078;0.0027;4.403;-3.213
5268;5.267;12.463;6.568;707.926;0.2412;0.1267;0.0008;4.596;4.878
5269;5.268;11.222;2.548;714.707;0.2142;0.0649;0.0083;3.346;1.852
5270;5.269;13.862;2.082;731.882;0.2553;0.0357;0.0008;-5.796;7.645
5271;5.27;10.622;6.2;711.669;0.2156;0.1111;0.0002;1.138;-4.299
5272;5.271;13.6;9.339;709.838;0.2727;0.1857;-0.0046;-1.141;1.445
5273;5.272;9.44;2.632;709.774;0.1786;0.0679;-0.0052;1.18;-5.788
5274;5.273;8.169;6.359;709.47;0.1615;0.1194;-0.0059;-1.625;0.236
5275;5.274;11.952;3.118;716.896;0.2484;0.0683;0.0053;0.604;-0.016
5276;5.275;14.338;1.121;726.133;0.2895;0.0135;0.0024;-2.237;8.675
5277;5.276;11.238;4.654;724.958;0.2249;0.0914;-0.0055;4.457;2.459
5278;5.277;13.758;3.267;724.52;0.2637;0.0677;-0.0009;-3.268;10.289
5279;5.278;10.443;3.603;726.656;0.214;0.071;0.0008;2.205;-2.12
5280;5.279;14.794;1.69;710.31;0.282;0.0596;-0.0005;-13.207;4.223
5281;5.28;10.512;4.929;730.518;0.2008;0.1051;0.0003;2.25;-0.624
5282;5.281;13.198;2.569;717.64;0.2582;0.0507;-0.0035;-1.586;2.679
5283;5.282;9.897;4.2;707.13;0.1972;0.0935;0.0018;-3.821;5.73
5284;5.283;14.007;-0.496;725.397;0.2979;0.0033;-0.0013;-3.413;-8.309
5285;5.284;15.1;3.749;718.733;0.3184;0.0824;0.0027;1.7;-7.65
5286;5.285;14.886;3.149;731.589;0.2998;0.0577;0.0038;-7.856;-2.705
5287;5.286;12.172;4.465;715.843;0.2435;0.0795;-0.0056;-2.734;-5.544
5288;5.287;11.968;5.269;729.247;0.2314;0.1135;0.0003;6.786;8.266
5289;5.288;12.168;5.642;724.875;0.2397;0.1041;0.0059;2.638;1.098
5290;5.289;7.422;7.666;715.363;0.1456;0.1482;0.0007;-2.143;0.376
5291;5.29;15.868;3.23;726.581;0.3153;0.0754;-0.0049;-7.606;8.217
5292;5.291;14.33;1.443;718.029;0.2871;0.0183;0.0012;-0.309;-3.017
5293;5.292;8.584;0.646;719.15;0.1807;0.0226;-0.0078;3.97;-0.993
5294;5.293;11.969;1.892;729.71;0.238;0.0371;-0.0079;-3.884;-14.092
5295;5.294;11.19;0.483;710.991;0.2363;0.0135;-0.0052;11.068;-0.714
5296;5.295;16.067;3.093;731.615;0.327;0.0553;0.0026;-0.185;0.793
5297;5.296;16.018;4.701;716.499;0.3291;0.0889;0.0056;13.478;-3.338
5298;5.297;12.202;3.89;719.837;0.2334;0.0587;0.0075;0.948;-8.829
5299;5.298;9.955;6.626;734.539;0.191;0.1197;0.0112;-1.777;-2.591
5300;5.299;14.411;1.759;718.396;0.2892;0.0445;0.0024;0.609;-0.077
5301;5.3;10.662;-1.082;704.077;0.2008;-0.0333;0.0012;6.772;-4.687
5302;5.301;9.476;-1.638;712.776;0.1803;-0.0282;0.0071;2.085;8.82
5303;5.302;15.727;2.591;723.526;0.2991;0.0541;-0.0067;-3.353;1.065
5304;5.303;17.018;3.458;720.9;0.3636;0.0723;-0.0015;-4.38;0.295
5305;5.304;15.053;-0.969;720.32;0.3054;-0.029;0.0054;-1.127;-5.543
5306;5.305;10.487;3.87;729.22;0.2026;0.0852;0.0025;-2.503;-8.457
5307;5.306;10.211;3.625;708.969;0.1998;0.061;-0.0071;-0.439;-0.074
5308;5.307;13.231;-0.406;716.051;0.2717;-0.0038;-0.0055;3.111;3.034
5309;5.308;10.935;3.83;721.342;0.2214;0.0739;-0.0071;-2.492;2.72
5310;5.309;11.202;5.16;699.858;0.2054;0.1063;0.0024;-3.935;12.253
5311;5.31;12.843;3.193;714.177;0.2684;0.0736;0.0038;0.333;-1.125
5312;5.311;13.519;1.056;721.793;0.2719;0.0278;-0.0032;5.885;0.697
5313;5.312;16.493;2.88;711.414;0.334;0.0617;-0.0068;-3.855;0.274
5314;5.313;6.857;0.624;707.687;0.1306;0.0197;-0.0041;5.01;-8.603
5315;5.314;14.651;1.367;707.804;0.2867;0.0317;0.0024;1.288;2.495
5316;5.315;14.686;6.577;708.497;0.29;0.1125;0.001;-2.889;1.797
5317;5.316;12.436;5.34;705.765;0.2511;0.105;-0.0047;3.425;-5.991
5318;5.317;12.253;2.105;698.66;0.2462;0.0262;-0.0003;-0.27;5.995
5319;5.318;7.227;-0.759;708.972;0.1324;-0.0202;-0.0107;2.993;10.074
5320;5.319;11.264;6.43;706.861;0.2376;0.1247;0.0027;-4.931;-10.289
5321;5.32;11.093;2.193;703.292;0.2505;0.0308;-0.0075;3.141;-1.141
5322;5.321;7.49;0.02;701.181;0.1436;0.0044;0.0016;-4.931;12.892
5323;5.322;13.226;3.999;728.557;0.275;0.0764;0.0035;2.791;4.571
5324;5.323;12.07;2.889;703.159;0.2387;0.051;-0.0004;4.917;-0.413
5325;5.324;9.681;0.413;714.683;0.1907;0.0185;-0.0009;4.932;-4.856
5326;5.325;14.427;1.955;705.178;0.301;0.0304;0.0045;-5.787;7.069
5327;5.326;12.045;3.229;708.065;0.2633;0.0693;0.0008;-3.65;-2.897
5328;5.327;14.717;0.63;703.789;0.293;0.0095;0.0067;-1.641;-0.197
5329;5.328;11.878;1.735;713.772;0.2333;0.0436;-0.0036;-8.234;2.568
5330;5.329;11.662;6.087;697.685;0.2339;0.1261;0.0043;0.69;1.792
5331;5.33;12.101;0.089;705.753;0.2387;0.0007;0.0027;-5.21;1.064
5332;5.331;16.574;2.413;703.912;0.3304;0.0652;0.0003;8.434;8.566
5333;5.332;12.907;0.432;696.794;0.2475;0.0123;0.0083;-4.161;5.83
5334;5.333;16.343;2.786;710.079;0.3417;0.0502;-0.0021;-1.207;0.524
5335;5.334;13.284;1.995;700.153;0.26;0.0481;0.0106;-2.453;1.487
5336;5.335;10.575;1.808;704.931;0.2055;0.0413;-0.0009;2.402;0.592
5337;5.336;14.974;2.874;712.944;0.2922;0.0666;-0.0086;1.384;7.211
5338;5.337;15.036;-0.873;711.978;0.3081;-0.0052;-0.0029;1.025;-0.635
5339;5.338;8.421;-1.102;712.105;0.1527;-0.018;0.0028;10.855;2.235
5340;5.339;12.027;3.098;708.061;0.2244;0.0516;-0.0008;0.559;8.961
5341;5.34;18.549;-0.515;709.702;0.3556;-0.0223;-0.0027;0.318;-5.036
5342;5.341;13.363;1.197;704.845;0.2633;0.0222;0.0003;4.248;-2.487
5343;5.342;11.641;-1.042;712.179;0.2413;-0.0111;0.0053;1.225;10.54
5344;5.343;8.033;-0.626;705.49;0.1447;-0.0158;-0.0008;3.341;-1.303
5345;5.344;8.174;-1.03;712.998;0.1569;-0.0308;-0.0052;2.959;-0.042
5346;5.345;13.123;-1.945;703.464;0.2681;-0.0335;0.0001;-1.805;-9.956
5347;5.346;6.531;-1.171;706.822;0.1451;-0.011;-0.007;0.665;-3.961
5348;5.347;10.066;-0.334;714.522;0.2168;-0.0163;-0.0004;6.869;-6.359
5349;5.348;10.461;-3.484;716.633;0.2015;-0.0606;0.0001;-16.393;5.464
5350;5.349;10.951;2.877;726.413;0.2381;0.0643;-0.0061;8.479;1.795
5351;5.35;9.334;0.191;708.864;0.1934;-0.012;0.0073;9.567;-5.404
5352;5.351;13.292;0.057;717.36;0.265;0.0093;-0.0008;-6.148;-3.205
5353;5.352;7.664;-3.946;723.652;0.156;-0.0958;-0.0119;1.232;-13.641
5354;5.353;11.846;3.318;733.481;0.2332;0.0547;-0.0006;-4.315;1.263
5355;5.354;9.762;-3.574;716.296;0.1958;-0.0786;-0.0011;2.779;1.689
5356;5.355;9.881;-1.637;733.299;0.203;-0.0425;-0.0042;-3.527;6.144
5357;5.356;14.01;3.952;732.723;0.2798;0.0781;-0.0093;-9.764;3.101
5358;5.357;9.59;1.222;736.855;0.174;0.0256;0.0041;-2.928;7.591
5359;5.358;12.519;4.493;741.316;0.2579;0.086;-0.0047;5.798;-1.279
5360;5.359;14.346;-2.038;731.563;0.2764;-0.0433;0.0012;-1.333;3.158
5361;5.36;12.348;2.548;726.994;0.2531;0.0496;-0.0028;1.464;-1.767
5362;5.361;12.248;0.303;740.431;0.2521;-0.0137;-0.0012;0.769;6.643
5363;5.362;14.539;1.82;736.778;0.2975;0.0282;0.0;-7.172;-1.559
5364;5.363;11.137;1.604;736.439;0.2058;0.0287;-0.0034;-8.836;-1.476
5365;5.364;8.264;3.963;723.26;0.1751;0.069;0.0014;-4.428;-11.863
5366;5.365;12.149;0.287;748.047;0.2519;0.0083;0.0054;1.631;4.924
5367;5.366;8.458;-0.036;766.312;0.1631;0.009;-0.0046;12.957;-7.102
5368;5.367;8.292;-1.781;743.235;0.1601;-0.0441;0.0054;-12.718;-5.093
5369;5.368;10.89;-0.353;761.513;0.2184;-0.01;-0.0023;11.025;1.554
5370;5.369;14.534;0.093;770.723;0.2816;-0.0067;-0.0011;-5.348;0.746
5371;5.37;13.66;1.048;758.359;0.2735;0.0316;-0.0071;-1.835;2.563
5372;5.371;15.94;-2.864;779.929;0.324;-0.0632;0.0087;5.004;-1.065
5373;5.372;7.406;-5.253;760.017;0.139;-0.1108;0.0013;-6.192;-4.441
5374;5.373;12.689;2.965;770.509;0.2451;0.0459;0.0102;1.982;-3.842
5375;5.374;11.414;-3.841;767.24;0.2289;-0.0605;0.002;0.82;0.37
5376;5.375;12.289;0.357;777.06;0.236;0.0177;0.0051;3.365;-1.077
5377;5.376;12.511;-3.041;783.163;0.2476;-0.0638;0.0002;5.726;-6.439
5378;5.377;9.926;0.436;794.047;0.2051;0.0041;0.0021;-5.134;2.91
5379;5.378;13.796;-0.333;784.061;0.2919;-0.0062;-0.0015;-2.569;-2.011
5380;5.379;11.275;-4.067;794.465;0.2294;-0.0713;0.0063;-0.392;-1.194
5381;5.38;13.433;-5.3;786.962;0.2555;-0.1124;-0.0025;2.195;3.321
5382;5.381;9.443;-3.096;800.65;0.189;-0.0653;-0.0025;-12.361;6.861
5383;5.382;13.436;-4.555;804.772;0.2685;-0.088;0.0041;-2.792;-6.702
5384;5.383;13.351;-3.496;803.006;0.2761;-0.0756;0.002;-5.401;4.905
5385;5.384;13.131;-2.75;793.847;0.2447;-0.0573;0.0008;2.966;-8.115
5386;5.385;12.394;-6.077;819.762;0.236;-0.0976;-0.0048;-0.101;-5.734
5387;5.386;11.856;0.774;817.418;0.2479;0.0175;-0.001;0.474;3.026
5388;5.387;9.505;-3.105;824.362;0.1973;-0.07;0.0069;-4.304;2.418
5389;5.388;10.581;-4.183;816.896;0.2255;-0.0959;0.0121;0.561;5.61
5390;5.389;13.221;-0.235;820.88;0.2665;-0.0047;-0.0045;2.166;0.575
5391;5.39;12.121;-2.404;828.186;0.2508;-0.0336;0.0016;0.182;-4.117
5392;5.391;6.829;-4.986;836.93;0.1494;-0.0931;0.0024;0.697;-3.705
5393;5.392;11.074;-0.909;844.006;0.2222;-0.0201;-0.0059;0.833;15.106
5394;5.393;9.303;-3.97;843.771;0.1813;-0.0801;0.0;1.916;1.614
5395;5.394;9.849;-3.996;850.313;0.195;-0.0677;-0.003;-2.589;1.23
5396;5.395;13.67;2.148;861.708;0.2633;0.0387;0.0025;1.61;-0.007
5397;5.396;9.648;-1.955;852.479;0.2035;-0.049;-0.0;1.75;-0.44
5398;5.397;7.233;-8.936;871.407;0.1613;-0.1741;-0.0031;-4.434;3.433
5399;5.398;10.343;-0.745;865.427;0.1969;-0.0184;-0.007;-6.669;3.145
5400;5.399;10.408;-1.314;879.171;0.2158;-0.0049;0.002;1.638;-2.828
5401;5.4;10.963;-7.257;886.909;0.2372;-0.1433;0.0026;2.622;0.643
5402;5.401;8.339;-3.677;881.967;0.1705;-0.0649;0.0012;0.416;-3.852
5403;5.402;14.005;-3.416;899.105;0.284;-0.0622;0.0037;1.594;-0.407
5404;5.403;7.46;-5.998;912.0;0.1425;-0.1322;-0.0036;3.241;-6.804
5405;5.404;9.784;-2.445;895.648;0.1993;-0.0703;0.0063;-1.062;-3.613
5406;5.405;11.207;-1.186;908.773;0.2283;-0.0249;0.0059;-4.166;2.194
5407;5.406;8.86;-6.778;915.584;0.1882;-0.1399;-0.0004;1.56;-0.64
5408;5.407;13.266;-4.0;946.0;0.2778;-0.0732;-0.0041;-1.81;0.097
5409;5.408;11.572;-5.424;935.44;0.2439;-0.1185;0.0086;-3.877;10.284
5410;5.409;12.539;-1.989;931.073;0.2534;-0.03;-0.0101;-4.971;5.431
5411;5.41;4.313;-2.829;946.427;0.0806;-0.0549;-0.0036;-2.082;-0.424
5412;5.411;6.722;-2.968;941.02;0.1196;-0.0611;-0.0038;4.496;-2.421
5413;5.412;4.891;-1.955;957.703;0.1031;-0.054;0.0062;5.955;10.306
5414;5.413;11.61;-5.913;970.088;0.2307;-0.1165;-0.0012;-4.528;-2.27
5415;5.414;10.831;-0.426;968.372;0.1972;-0.0047;0.0;8.022;8.593
5416;5.415;5.543;-3.666;985.87;0.1115;-0.0671;0.0031;4.507;-4.269
5417;5.416;10.595;-6.246;990.552;0.2067;-0.1314;-0.0029;4.895;-3.592
5418;5.417;11.7;-3.311;993.041;0.2304;-0.0648;0.0007;6.582;-5.266
5419;5.418;13.057;-6.935;984.782;0.2556;-0.1299;0.0098;-2.101;-4.52
5420;5.419;10.249;-3.824;1006.766;0.2027;-0.0899;-0.0047;7.434;1.782
5421;5.42;13.121;-6.814;1023.092;0.2521;-0.1405;0.0082;-7.289;10.354
5422;5.421;9.07;-5.654;1011.545;0.1809;-0.1086;0.0025;-0.893;-0.398
5423;5.422;8.457;-6.588;1038.267;0.1685;-0.1348;0.0042;-4.295;2.998
5424;5.423;12.127;-1.955;1042.085;0.2407;-0.0293;0.0024;-2.787;-5.738
5425;5.424;8.141;-5.627;1042.445;0.1742;-0.0993;-0.0024;-13.942;8.738
5426;5.425;9.559;-2.804;1037.653;0.1829;-0.0687;-0.0022;-4.315;2.78
5427;5.426;8.973;-5.989;1064.702;0.159;-0.1161;-0.0035;-2.576;4.198
5428;5.427;10.541;-5.33;1085.885;0.22;-0.1096;0.0014;-1.245;-0.41
5429;5.428;13.13;-5.897;1078.528;0.2663;-0.1296;-0.0066;-6.05;4.682
5430;5.429;10.341;-4.236;1093.186;0.199;-0.099;0.0043;9.001;11.713
5431;5.43;8.901;-3.343;1100.082;0.1738;-0.0815;0.0044;-2.203;6.603
5432;5.431;11.95;-5.837;1114.766;0.261;-0.1251;-0.0009;6.499;-11.277
5433;5.432;13.353;-4.468;1108.05;0.2568;-0.0918;-0.0043;-2.846;0.117
5434;5.433;7.173;-6.06;1116.796;0.1526;-0.1284;0.0039;-1.134;-2.316
5435;5.434;14.199;-7.963;1135.985;0.2993;-0.1533;0.0021;-0.763;-0.953
5436;5.435;6.084;-5.135;1148.835;0.1241;-0.0916;0.0027;-10.619;-3.109
5437;5.436;7.766;-6.219;1142.201;0.1496;-0.1424;-0.0042;-6.715;-0.298
5438;5.437;8.74;-6.393;1148.104;0.1577;-0.1024;0.0014;4.378;-3.096
5439;5.438;9.925;-4.247;1163.912;0.2184;-0.0846;-0.0068;-8.545;-11.352
5440;5.439;8.44;-5.534;1191.65;0.1783;-0.1089;0.0042;0.723;3.099
5441;5.44;8.475;-4.851;1191.915;0.1442;-0.0874;0.0012;1.23;-4.529
5442;5.441;5.395;-7.706;1198.844;0.1074;-0.145;0.0053;5.422;-3.451
5443;5.442;6.961;-5.794;1206.639;0.1353;-0.1192;-0.0037;4.566;-2.074
5444;5.443;9.377;-5.188;1216.656;0.194;-0.1291;0.0015;-0.371;0.832
5445;5.444;10.205;-8.307;1227.068;0.2072;-0.1554;-0.001;-1.3;-1.41
5446;5.445;10.177;-4.22;1228.621;0.193;-0.0834;-0.0027;0.455;-11.513
5447;5.446;10.003;-8.322;1254.641;0.1911;-0.1548;-0.0053;-6.033;3.402
5448;5.447;8.66;-7.593;1268.908;0.1779;-0.1632;0.0076;-1.628;5.885
5449;5.448;11.125;-4.922;1270.616;0.2193;-0.1061;-0.0041;-1.332;1.928
5450;5.449;12.577;-6.628;1288.524;0.2578;-0.1344;-0.0003;-2.04;-4.992
5451;5.45;8.146;-5.246;1281.55;0.1658;-0.1227;-0.0093;2.885;-2.062
5452;5.451;7.816;-6.43;1307.281;0.1582;-0.1291;0.0064;-0.621;4.574
5453;5.452;11.305;-2.659;1320.958;0.23;-0.059;-0.0049;-5.335;-1.664
5454;5.453;11.105;-4.676;1299.687;0.222;-0.1011;-0.004;5.652;-6.9
5455;5.454;9.071;-8.899;1313.033;0.1691;-0.1633;-0.0001;-0.067;0.853
5456;5.455;12.035;-5.693;1354.91;0.2579;-0.1139;0.0059;6.584;7.874
5457;5.456;8.268;-7.267;1356.022;0.1797;-0.1193;0.0033;-7.653;-3.198
5458;5.457;8.292;-2.775;1365.455;0.1715;-0.0448;0.0023;0.589;-1.277
5459;5.458;9.846;-7.298;1365.409;0.2063;-0.1349;0.0056;3.529;6.857
5460;5.459;9.024;-7.886;1386.454;0.1541;-0.159;0.0039;-1.992;1.556
5461;5.46;9.465;-6.308;1398.736;0.1858;-0.1293;-0.0002;2.501;6.246
5462;5.461;11.692;-13.225;1406.373;0.2427;-0.2543;0.0021;4.681;1.476
5463;5.462;10.755;-6.998;1419.835;0.2142;-0.1302;-0.0051;-0.973;-1.66
5464;5.463;3.283;-5.763;1426.75;0.0477;-0.1187;0.003;-7.345;7.82
5465;5.464;5.752;-6.048;1429.327;0.1136;-0.1298;-0.0013;-6.598;-6.53
5466;5.465;10.451;-8.514;1434.823;0.1951;-0.1683;-0.0032;-2.398;-2.568
5467;5.466;8.164;-6.123;1446.073;0.1615;-0.1366;-0.0007;2.294;0.064
5468;5.467;8.312;-4.219;1467.104;0.1627;-0.0732;-0.0015;-4.072;-6.803
5469;5.468;10.186;-10.037;1472.482;0.1967;-0.1836;-0.001;-9.972;1.522
5470;5.469;5.67;-7.329;1486.809;0.1249;-0.15;-0.003;-4.133;1.611
5471;5.47;8.635;-6.007;1488.582;0.1685;-0.1146;0.0051;7.3;2.71
5472;5.471;10.27;-11.697;1502.314;0.2063;-0.2484;-0.0004;0.779;3.914
5473;5.472;12.714;-11.243;1518.191;0.2715;-0.2235;-0.006;-12.471;3.824
5474;5.473;3.845;-6.711;1537.656;0.0785;-0.1441;0.0023;6.089;-6.984
5475;5.474;6.663;-8.196;1516.875;0.1423;-0.1674;-0.0056;-0.561;5.496
5476;5.475;9.681;-7.881;1534.624;0.1848;-0.1569;-0.003;-2.406;2.606
5477;5.476;8.136;-7.052;1545.497;0.1613;-0.1372;-0.0051;0.338;-0.818
5478;5.477;1.555;-7.223;1553.901;0.037;-0.1573;0.0074;-5.989;4.631
5479;5.478;8.499;-9.004;1553.448;0.1823;-0.1623;-0.0042;-2.008;-0.082
5480;5.479;3.638;-9.569;1564.995;0.0702;-0.1853;-0.0017;0.017;5.526
5481;5.48;11.42;-1.476;1566.463;0.2437;-0.0445;-0.003;-3.077;-2.225
5482;5.481;5.777;-13.03;1569.292;0.1071;-0.2637;0.0012;7.083;-0.584
5483;5.482;8.98;-5.585;1587.639;0.1842;-0.1151;-0.0006;3.065;-3.368
5484;5.483;6.564;-10.66;1588.293;0.1225;-0.2034;0.0088;4.727;-10.143
5485;5.484;5.167;-7.921;1605.432;0.1056;-0.1672;-0.0035;6.704;-3.249
5486;5.485;9.616;-7.903;1603.631;0.2087;-0.151;0.0099;6.268;1.337
5487;5.486;10.361;-10.687;1615.928;0.208;-0.2039;0.0013;11.781;0.069
5488;5.487;7.981;-10.854;1621.245;0.1557;-0.2218;0.0021;0.693;2.454
5489;5.488;11.551;-8.198;1623.992;0.2454;-0.1669;0.0006;-6.574;-8.612
5490;5.489;6.126;-5.716;1635.61;0.1048;-0.1236;-0.0012;-6.83;-3.439
5491;5.49;10.671;-7.883;1637.028;0.2135;-0.1623;-0.0042;-4.012;8.027
5492;5.491;3.913;-11.173;1646.574;0.0879;-0.2393;0.0037;-10.777;-0.566
5493;5.492;8.292;-7.072;1628.166;0.1729;-0.1419;0.0113;-5.805;5.294
5494;5.493;10.665;-8.712;1653.245;0.2253;-0.1708;-0.0098;-6.792;-6.218
5495;5.494;3.941;-7.969;1658.995;0.0727;-0.1554;-0.0055;3.125;4.934
5496;5.495;9.118;-5.722;1637.268;0.1811;-0.0959;-0.0033;0.521;7.353
5497;5.496;8.679;-9.445;1646.726;0.1746;-0.1952;0.0053;4.837;0.524
5498;5.497;8.317;-6.12;1645.437;0.1625;-0.1214;0.0014;-8.21;4.662
5499;5.498;5.693;-7.256;1658.76;0.1223;-0.1229;0.004;-0.955;-1.744
5500;5.499;9.764;-8.675;1662.171;0.1974;-0.1708;-0.0042;-3.575;0.958
5501;5.5;10.127;-6.342;1655.943;0.1965;-0.1305;-0.0045;4.158;-6.841
5502;5.501;4.479;-8.22;1668.271;0.0992;-0.1645;0.0041;-7.521;0.645
5503;5.502;5.207;-5.937;1649.863;0.1192;-0.1083;0.0072;-4.448;9.955
5504;5.503;5.149;-8.358;1657.741;0.102;-0.1534;0.0028;3.453;-3.543
5505;5.504;5.279;-10.302;1658.312;0.1053;-0.2078;-0.002;4.465;-5.159
5506;5.505;4.93;-7.902;1659.787;0.0968;-0.1552;-0.0052;4.547;0.031
5507;5.506;4.565;-8.781;1678.422;0.099;-0.1644;-0.001;-1.56;-3.069
5508;5.507;6.482;-7.811;1651.312;0.1232;-0.1607;0.0001;-0.189;-13.671
5509;5.508;9.235;-7.398;1650.426;0.1834;-0.1419;-0.0026;3.353;3.754
5510;5.509;7.534;-9.348;1651.379;0.1218;-0.1986;-0.0064;-0.24;-5.606
5511;5.51;0.076;-6.478;1670.069;0.0077;-0.129;0.0012;1.811;0.239
5512;5.511;2.07;-7.245;1658.073;0.0426;-0.1538;0.0081;0.816;-0.135
5513;5.512;7.543;-7.114;1645.488;0.1458;-0.1386;-0.0044;4.374;-1.638
5514;5.513;2.913;-8.814;1634.153;0.0718;-0.169;-0.0023;-2.764;-2.535
5515;5.514;4.922;-6.917;1646.805;0.1094;-0.1377;-0.0056;9.687;0.079
5516;5.515;4.574;-13.896;1648.765;0.0922;-0.2724;-0.0052;-1.039;1.864
5517;5.516;7.415;-8.13;1637.035;0.1506;-0.1399;0.009;-2.974;-4.325
5518;5.517;8.785;-6.622;1623.497;0.1739;-0.1305;-0.0093;5.052;-3.716
5519;5.518;9.629;-9.034;1630.425;0.1797;-0.1815;0.0061;0.447;0.687
5520;5.519;4.218;-9.427;1612.075;0.0923;-0.1835;-0.0043;-9.933;1.952
5521;5.52;2.07;-8.979;1607.435;0.0417;-0.1742;-0.0027;9.685;8.539
5522;5.521;6.988;-7.228;1605.766;0.1356;-0.1457;-0.0026;-5.77;0.841
5523;5.522;10.287;-7.581;1590.981;0.2141;-0.1374;0.0004;0.2;-1.948
5524;5.523;7.947;-11.947;1573.885;0.1613;-0.2557;-0.0009;5.555;-14.854
5525;5.524;5.409;-7.523;1587.652;0.1172;-0.147;-0.0003;-1.64;1.247
5526;5.525;6.824;-13.436;1569.504;0.1304;-0.2723;0.0022;3.048;1.636
5527;5.526;3.153;-7.635;1570.015;0.0763;-0.1411;0.0017;5.072;-3.042
5528;5.527;7.837;-10.779;1560.662;0.152;-0.2136;0.0056;0.437;4.884
5529;5.528;2.308;-11.632;1550.428;0.0476;-0.2286;0.0042;-3.688;-4.439
5530;5.529;7.228;-7.626;1538.318;0.1256;-0.1509;-0.0019;0.144;-8.461
5531;5.53;3.145;-9.821;1527.317;0.0742;-0.2136;-0.0027;4.049;3.981
5532;5.531;7.102;-5.404;1514.986;0.1295;-0.1091;0.0009;0.02;-6.131
5533;5.532;7.676;-4.771;1499.481;0.1677;-0.0867;0.0048;-6.213;4.135
5534;5.533;4.927;-8.497;1503.278;0.0884;-0.1602;-0.0059;6.89;-2.386
5535;5.534;3.402;-9.229;1485.71;0.078;-0.1903;-0.0099;-8.032;6.573
5536;5.535;8.695;-7.955;1472.631;0.1622;-0.1747;0.0019;3.901;4.148
5537;5.536;5.865;-9.539;1469.489;0.1135;-0.1898;-0.0049;-4.518;-5.086
5538;5.537;5.125;-8.782;1458.179;0.1036;-0.1814;0.0023;4.911;-8.479
5539;5.538;5.61;-8.623;1441.813;0.0995;-0.1532;-0.0002;-2.223;2.447
5540;5.539;6.166;-10.709;1431.009;0.1397;-0.2285;0.0018;4.757;1.065
5541;5.54;5.476;-9.029;1430.029;0.115;-0.1845;-0.0013;-4.61;-7.101
5542;5.541;7.329;-9.362;1409.421;0.1409;-0.1795;-0.0049;3.907;-4.119
5543;5.542;0.72;-5.964;1414.006;0.0153;-0.1101;0.0071;-5.013;-4.397
5544;5.543;5.46;-7.622;1394.637;0.1241;-0.1379;0.0024;-0.467;-3.677
5545;5.544;5.852;-10.046;1390.302;0.1226;-0.1889;-0.002;-2.257;-1.149
5546;5.545;1.527;-11.922;1364.815;0.0158;-0.2388;-0.0076;-2.525;-2.592
5547;5.546;2.093;-8.858;1358.874;0.0392;-0.1849;-0.0055;5.609;-9.284
5548;5.547;4.316;-9.732;1338.871;0.1044;-0.1944;0.0004;-3.103;3.062
5549;5.548;2.91;-11.873;1341.028;0.0517;-0.2434;-0.0031;3.559;-0.922
5550;5.549;7.347;-8.505;1337.393;0.1505;-0.1683;0.0037;-2.804;-4.625
5551;5.55;7.732;-12.259;1299.662;0.1455;-0.2562;-0.0002;3.022;5.56
5552;5.551;2.547;-6.463;1302.469;0.0493;-0.1322;0.0028;6.779;4.853
5553;5.552;-0.038;-10.72;1288.173;0.0024;-0.2139;-0.0086;5.08;6.011
5554;5.553;3.825;-8.204;1291.364;0.0722;-0.1669;0.0025;-2.096;-1.479
5555;5.554;5.015;-11.683;1251.24;0.0983;-0.2278;-0.0022;2.629;7.991
5556;5.555;7.886;-10.39;1253.552;0.1681;-0.2186;-0.0029;6.301;-2.481
5557;5.556;3.776;-4.822;1246.723;0.083;-0.099;0.0037;5.484;-3.273
5558;5.557;5.54;-9.632;1237.427;0.1084;-0.2031;0.0008;-1.762;1.997
5559;5.558;11.096;-9.462;1216.329;0.226;-0.1872;-0.0018;-4.483;13.634
5560;5.559;5.533;-12.181;1197.276;0.1127;-0.239;-0.0066;3.287;-0.562
5561;5.56;2.163;-9.449;1194.094;0.0421;-0.195;0.005;2.413;-2.487
5562;5.561;6.155;-10.073;1177.094;0.1161;-0.1948;0.0074;8.457;-2.964
5563;5.562;5.931;-4.925;1175.636;0.1179;-0.0955;-0.0011;-3.033;-3.952
5564;5.563;5.825;-7.704;1160.12;0.1305;-0.1438;0.0057;-2.229;-7.254
5565;5.564;1.653;-10.773;1150.925;0.0109;-0.2083;0.0068;0.307;2.135
5566;5.565;-0.329;-7.285;1136.784;-0.0124;-0.1553;0.0024;-4.145;-0.667
5567;5.566;0.473;-8.426;1132.322;0.0153;-0.1515;0.0041;-3.686;4.99
5568;5.567;5.858;-11.02;1123.383;0.1054;-0.218;0.0037;-1.073;-3.364
5569;5.568;3.703;-4.58;1098.268;0.0766;-0.0915;-0.0067;2.874;5.524
5570;5.569;5.809;-12.758;1095.599;0.1139;-0.2574;0.0036;3.064;4.684
5571;5.57;5.486;-9.97;1069.315;0.1212;-0.1906;-0.0096;0.247;1.446
5572;5.571;3.081;-13.577;1070.662;0.0566;-0.282;-0.005;0.176;8.899
5573;5.572;4.272;-9.472;1063.917;0.0888;-0.1909;-0.0097;-11.764;2.299
5574;5.573;6.709;-7.226;1046.92;0.1358;-0.1484;0.0065;0.927;6.018
5575;5.574;5.87;-10.42;1044.689;0.1141;-0.2054;0.0006;10.711;-1.225
5576;5.575;5.6;-9.822;1026.847;0.1085;-0.2092;-0.0133;-4.419;-5.444
5577;5.576;5.706;-7.996;1018.798;0.1175;-0.1625;0.0002;-2.111;-14.134
5578;5.577;-3.223;-9.788;999.568;-0.0684;-0.1996;-0.0;-3.023;4.721
5579;5.578;2.986;-9.934;1017.39;0.0508;-0.2038;-0.0055;-4.705;-9.438
5580;5.579;3.265;-12.908;1003.396;0.0617;-0.2571;-0.0005;-3.318;4.531
5581;5.58;4.667;-10.923;984.38;0.0857;-0.2177;-0.0049;-4.487;-6.456
5582;5.581;7.211;-13.65;984.335;0.1491;-0.2865;-0.0001;4.391;-7.107
5583;5.582;1.87;-12.843;966.706;0.0397;-0.2433;-0.0024;2.617;-3.624
5584;5.583;4.164;-7.64;959.993;0.0802;-0.1579;0.0007;-1.522;6.206
5585;5.584;1.109;-5.965;958.404;0.0204;-0.1362;-0.004;0.707;0.205
5586;5.585;4.278;-7.96;948.434;0.089;-0.1514;-0.0007;-3.083;-0.785
5587;5.586;2.357;-5.892;928.72;0.0454;-0.1197;-0.006;-2.796;14.762
5588;5.587;1.013;-8.333;927.158;0.0215;-0.1541;-0.0025;-4.397;-5.904
5589;5.588;1.213;-6.714;917.739;0.0279;-0.1392;-0.0005;5.871;11.719
5590;5.589;4.495;-11.659;906.463;0.0942;-0.2351;0.007;5.201;1.799
5591;5.59;1.576;-8.177;907.467;0.029;-0.1488;-0.0023;4.266;0.203
5592;5.591;-0.837;-6.306;889.529;-0.0151;-0.1218;0.0089;-3.14;8.696
5593;5.592;0.376;-7.364;900.523;-0.0079;-0.1629;0.0031;-5.061;3.647
5594;5.593;3.369;-7.908;883.695;0.0659;-0.1611;0.0113;0.938;-2.953
5595;5.594;3.058;-10.113;871.266;0.076;-0.2143;-0.0004;6.129;-1.396
5596;5.595;-0.214;-8.514;870.765;-0.0083;-0.1868;0.0063;8.346;-0.047
5597;5.596;4.612;-6.553;873.321;0.0846;-0.111;0.0013;1.798;0.734
5598;5.597;0.045;-5.098;867.308;-0.01;-0.0975;0.0042;-2.561;-2.808
5599;5.598;0.741;-7.938;859.22;0.0209;-0.1699;0.0027;-2.101;-9.521
5600;5.599;0.099;-11.128;856.412;-0.0011;-0.2244;0.0038;-3.216;-1.872
5601;5.6;-1.02;-9.058;844.217;-0.0101;-0.1832;-0.0039;-3.901;0.357
5602;5.601;5.213;-9.565;844.563;0.1282;-0.1928;-0.0004;1.303;5.059
5603;5.602;2.059;-9.346;838.779;0.0272;-0.1727;-0.0113;-8.311;4.004
5604;5.603;1.036;-11.592;831.068;0.0327;-0.2221;-0.0033;2.858;1.708
5605;5.604;2.953;-8.807;823.011;0.0498;-0.1639;-0.0026;-0.135;2.827
5606;5.605;5.294;-7.699;829.155;0.1097;-0.1643;0.0013;-3.161;-3.812
5607;5.606;-0.547;-6.872;808.921;-0.0276;-0.1387;0.0025;3.102;3.059
5608;5.607;-1.159;-10.704;816.254;-0.0249;-0.2108;-0.0033;-10.072;-0.555
5609;5.608;1.354;-6.563;802.588;0.0229;-0.1337;0.0062;-3.241;7.795
5610;5.609;1.769;-8.885;809.489;0.0221;-0.1807;-0.0109;-5.458;-4.49
5611;5.61;2.625;-10.455;798.794;0.0484;-0.2107;-0.0117;-2.873;-1.643
5612;5.611;-2.128;-5.97;802.872;-0.0278;-0.0972;0.0041;-9.05;-0.346
5613;5.612;3.128;-8.08;799.664;0.0677;-0.1479;-0.0052;-2.717;-6.857
5614;5.613;-0.096;-8.956;798.659;-0.0024;-0.1685;-0.0017;0.93;-9.853
5615;5.614;0.656;-11.849;803.416;0.0144;-0.2446;-0.0054;-0.672;0.153
5616;5.615;0.649;-9.528;808.798;0.012;-0.1733;0.0087;2.958;0.483
5617;5.616;0.646;-4.838;781.151;0.0149;-0.0807;-0.0104;-0.149;5.699
5618;5.617;-3.038;-6.529;788.085;-0.0673;-0.1197;-0.0027;3.811;2.761
5619;5.618;-1.397;-11.944;794.972;-0.0271;-0.2269;-0.0002;-1.46;-1.533
5620;5.619;2.184;-8.293;773.623;0.0346;-0.1613;-0.0135;2.827;2.821
5621;5.62;2.028;-5.556;779.309;0.0517;-0.1404;-0.0039;-4.091;-2.213
5622;5.621;2.014;-6.375;788.542;0.046;-0.151;0.0013;-11.741;-3.831
5623;5.622;2.789;-5.137;785.812;0.0624;-0.1051;0.0042;5.263;-2.182
5624;5.623;3.77;-4.261;777.643;0.0701;-0.0701;-0.0027;2.391;8.777
5625;5.624;2.799;-5.337;778.323;0.0517;-0.106;0.0019;5.582;-4.208
5626;5.625;2.871;-9.66;764.362;0.0717;-0.1894;0.0023;0.444;9.584
5627;5.626;-2.191;-8.469;768.714;-0.0537;-0.181;-0.0076;-0.527;5.82
5628;5.627;0.815;-12.941;789.191;0.0238;-0.2511;-0.0071;-5.248;-5.797
5629;5.628;1.181;-6.836;768.151;0.0433;-0.1333;-0.0051;-1.854;3.641
5630;5.629;-1.589;-4.719;766.901;-0.0421;-0.0894;-0.0041;8.103;-8.091
5631;5.63;1.206;-4.413;763.264;0.01;-0.0842;0.0028;7.219;6.391
5632;5.631;3.101;-9.344;776.559;0.0835;-0.2002;0.0041;13.645;0.06
5633;5.632;-1.547;-7.654;767.659;-0.0196;-0.1321;0.0029;-2.268;3.583
5634;5.633;-1.957;-11.397;765.075;-0.0327;-0.215;-0.0028;-1.205;-8.263
5635;5.634;-0.513;-6.122;758.113;-0.0102;-0.1328;0.0105;2.146;-4.246
5636;5.635;1.491;-9.439;763.187;0.0213;-0.1916;0.0054;-2.766;-0.594
5637;5.636;2.671;-7.372;766.912;0.0432;-0.1423;-0.0066;-2.985;7.371
5638;5.637;-3.32;-6.087;755.182;-0.0664;-0.1196;-0.0012;0.483;2.521
5639;5.638;-5.201;-9.678;757.129;-0.105;-0.2056;0.0044;4.682;7.476
5640;5.639;2.123;-6.059;765.983;0.0504;-0.1441;0.0;11.194;-4.088
5641;5.64;0.134;-5.802;771.02;0.0027;-0.1283;0.0016;-11.38;-2.38
5642;5.641;0.75;-5.939;749.619;-0.0028;-0.1338;-0.0156;5.56;-4.029
5643;5.642;-0.568;-8.605;774.75;-0.0111;-0.1832;-0.0011;-11.297;1.477
5644;5.643;-2.682;-8.943;769.308;-0.0511;-0.1493;-0.0045;3.926;3.743
5645;5.644;-2.201;-4.117;760.584;-0.047;-0.0784;-0.0094;0.015;1.014
5646;5.645;-1.314;-6.895;755.255;-0.0276;-0.1407;0.004;1.997;2.8
5647;5.646;-1.672;-8.5;760.929;-0.02;-0.1552;0.008;-0.729;1.415
5648;5.647;-5.887;-5.523;741.317;-0.1102;-0.109;-0.0059;8.119;4.912
5649;5.648;-2.55;-4.566;753.731;-0.0477;-0.0857;-0.0022;-6.18;-3.596
5650;5.649;-2.173;-6.726;751.203;-0.0437;-0.1299;0.0015;-5.276;-0.73
5651;5.65;-1.431;-4.426;756.622;-0.0495;-0.0855;-0.0035;2.684;-13.413
5652;5.651;-2.412;-7.197;766.744;-0.0565;-0.1257;0.0047;-0.74;-1.285
5653;5.652;3.089;-7.681;755.091;0.0679;-0.1461;0.0049;4.622;-9.571
5654;5.653;-4.47;-5.796;745.465;-0.0936;-0.1166;-0.0026;-2.561;-0.592
5655;5.654;-1.774;-8.04;742.214;-0.0326;-0.1559;0.0079;-1.293;3.335
5656;5.655;-0.692;-7.163;732.769;-0.0261;-0.1442;-0.0017;3.505;3.47
5657;5.656;-2.151;-4.634;752.789;-0.0479;-0.0824;-0.0058;-6.911;6.208
5658;5.657;-0.251;-2.305;740.067;-0.0224;-0.0431;0.0075;-3.782;-1.39
5659;5.658;-2.685;-4.428;752.374;-0.0602;-0.0831;0.0027;1.596;-3.994
5660;5.659;-4.79;-6.7;751.158;-0.0911;-0.1416;-0.0006;2.999;2.612
5661;5.66;-4.765;-5.472;754.358;-0.0904;-0.1092;-0.0012;3.433;-6.763
5662;5.661;-1.34;-8.489;762.063;-0.0314;-0.1833;-0.0022;-11.5;-8.163
5663;5.662;-4.006;-3.698;747.476;-0.0854;-0.0619;0.0117;-2.561;-1.311
5664;5.663;-3.121;-6.544;744.03;-0.0636;-0.1321;-0.0058;-9.635;7.767
5665;5.664;-4.914;-6.683;751.021;-0.091;-0.1246;0.007;6.406;-1.588
5666;5.665;-1.261;-7.261;751.141;-0.0261;-0.1327;0.0043;-1.395;-1.048
5667;5.666;-1.566;-6.566;748.697;-0.0206;-0.138;0.0;-7.556;7.074
5668;5.667;-1.444;-6.092;742.898;-0.0218;-0.1314;0.0093;-5.228;-11.174
5669;5.668;-3.469;-6.954;743.745;-0.0645;-0.1275;0.0065;1.197;-2.609
5670;5.669;0.584;-6.012;732.025;0.01;-0.1301;-0.0055;-3.943;-8.633
5671;5.67;-5.273;-5.857;741.692;-0.0948;-0.1096;-0.002;3.609;3.418
5672;5.671;-3.664;-4.118;736.807;-0.0651;-0.0633;-0.0043;9.022;-0.792
5673;5.672;-5.596;-7.835;739.844;-0.106;-0.1476;-0.007;-1.318;-7.197
5674;5.673;-3.92;-3.676;722.401;-0.0929;-0.078;0.0036;2.311;-2.285
5675;5.674;-0.084;-7.807;734.481;0.0068;-0.1574;-0.0006;3.793;-4.213
5676;5.675;-4.259;-3.862;728.765;-0.0739;-0.0741;-0.0011;9.83;12.411
5677;5.676;-0.782;-4.567;735.803;-0.0063;-0.0987;0.0036;-1.509;4.417
5678;5.677;-2.831;-5.624;734.017;-0.0448;-0.1155;-0.0007;-2.503;-0.012
5679;5.678;-1.532;-6.944;727.163;-0.0286;-0.1536;-0.0012;3.125;-0.702
5680;5.679;-3.449;-7.49;721.482;-0.0899;-0.1387;-0.0002;-0.565;-9.078
5681;5.68;-1.98;-8.155;717.416;-0.0296;-0.1678;0.0028;-0.488;9.291
5682;5.681;-3.197;-6.664;725.079;-0.0658;-0.1296;-0.002;-1.699;3.836
5683;5.682;-1.342;-5.58;722.845;-0.0165;-0.1082;-0.0024;8.924;-13.739
5684;5.683;-5.315;-6.268;718.834;-0.1091;-0.1153;0.0018;-6.356;1.845
5685;5.684;-8.43;-5.173;721.187;-0.1529;-0.0985;0.0056;3.381;-0.722
5686;5.685;-3.67;-1.932;725.873;-0.0721;-0.027;-0.0069;1.167;-1.478
5687;5.686;-1.553;-6.445;697.614;-0.0266;-0.1221;-0.0031;-0.033;0.65
5688;5.687;-3.39;-6.72;720.787;-0.0592;-0.1453;-0.0055;3.611;-4.931
5689;5.688;-1.752;-5.785;722.723;-0.0311;-0.1182;0.0022;-3.298;-3.356
5690;5.689;-5.371;-5.821;703.947;-0.103;-0.1259;-0.0038;-2.92;1.607
5691;5.69;-5.743;-2.876;713.4;-0.1201;-0.0719;0.002;3.676;-8.153
5692;5.691;-2.336;-3.267;706.212;-0.046;-0.0767;0.0016;5.894;-2.199
5693;5.692;-1.596;-5.68;710.155;-0.0372;-0.1107;-0.0056;1.599;-1.523
5694;5.693;-0.794;-5.643;702.097;-0.0111;-0.1163;0.0034;-0.607;3.897
5695;5.694;-2.724;-3.095;714.015;-0.0559;-0.0492;0.0046;1.581;-9.23
5696;5.695;-3.731;-5.478;700.863;-0.0686;-0.1296;-0.0015;2.562;-5.789
5697;5.696;-7.08;1.428;716.799;-0.1353;0.0438;-0.0005;-1.878;8.247
5698;5.697;-4.649;-6.139;688.276;-0.1039;-0.1304;-0.0036;-3.166;4.5
5699;5.698;-2.905;-3.694;698.771;-0.0797;-0.0643;-0.0025;4.22;-3.581
5700;5.699;-3.287;-3.65;690.982;-0.0575;-0.0861;0.0019;-3.481;-2.307
5701;5.7;-8.37;-2.924;687.217;-0.1628;-0.0739;-0.0046;5.905;3.686
5702;5.701;-7.858;-3.355;698.531;-0.1444;-0.0758;-0.0031;1.193;-0.498
5703;5.702;-7.122;-5.639;712.255;-0.1422;-0.0925;-0.0015;-4.134;1.002
5704;5.703;-5.679;-3.646;694.832;-0.1088;-0.0729;0.0001;4.374;2.648
5705;5.704;-6.159;-3.449;691.921;-0.1068;-0.0747;0.003;-0.773;-10.928
5706;5.705;-8.947;-6.576;693.847;-0.1995;-0.1342;0.004;-1.122;-1.339
5707;5.706;-3.032;-0.124;691.119;-0.0617;0.007;-0.0024;-8.963;1.571
5708;5.707;-2.038;-4.456;691.977;-0.029;-0.0876;-0.0055;2.587;2.185
5709;5.708;-6.398;-0.893;687.808;-0.1386;-0.0155;0.0;-5.184;-1.1
5710;5.709;-3.219;-3.482;693.825;-0.0671;-0.0753;0.0008;-4.816;-2.474
5711;5.71;-7.765;-2.844;686.942;-0.1608;-0.0525;0.0003;5.094;2.371
5712;5.711;-5.032;-3.445;685.658;-0.1034;-0.0723;0.0077;-5.918;-8.642
5713;5.712;-3.753;-7.61;704.438;-0.0613;-0.1575;0.0073;-6.346;7.527
5714;5.713;-5.318;-4.172;681.495;-0.1238;-0.0839;0.0007;0.629;-6.977
5715;5.714;-2.331;-2.798;694.387;-0.0541;-0.0385;-0.0039;13.144;5.676
5716;5.715;-3.286;-0.004;682.077;-0.0721;0.0263;0.004;-4.546;-3.204
5717;5.716;-9.689;-3.801;685.816;-0.1874;-0.0862;0.0028;-0.265;5.441
5718;5.717;-3.441;-4.464;685.075;-0.0611;-0.0974;0.0031;6.007;-2.934
5719;5.718;-9.719;-1.707;677.7;-0.1931;-0.0069;-0.0014;-0.998;-3.512
5720;5.719;-5.827;-3.134;688.09;-0.1304;-0.0459;0.0005;1.437;9.598
5721;5.72;-2.478;-4.566;681.618;-0.056;-0.0956;0.0051;-1.803;3.234
5722;5.721;-3.131;-6.771;682.696;-0.0756;-0.1503;-0.0109;4.4;-9.354
5723;5.722;-6.44;-4.319;671.558;-0.1126;-0.0791;0.001;-2.308;-3.586
5724;5.723;-5.86;-3.864;701.724;-0.1328;-0.0508;0.0026;-4.383;3.274
5725;5.724;-6.189;-1.827;680.338;-0.1067;-0.0419;-0.0025;13.302;-2.792
5726;5.725;-6.636;-0.609;674.108;-0.1393;-0.019;-0.0024;-1.632;10.037
5727;5.726;-4.025;-2.375;686.634;-0.0848;-0.0556;0.0061;7.633;-10.75
5728;5.727;-3.875;-1.124;681.041;-0.0883;-0.0081;-0.0033;-0.887;-0.586
5729;5.728;-1.931;-4.072;683.442;-0.0601;-0.1033;-0.0036;6.091;-0.751
5730;5.729;-7.581;-1.906;682.11;-0.1455;-0.032;0.0019;-4.857;-9.194
5731;5.73;-9.206;-5.949;669.2;-0.1822;-0.1326;0.0022;-3.192;-1.989
5732;5.731;-8.984;-0.189;684.625;-0.1925;-0.006;-0.0035;-0.765;0.14
5733;5.732;-5.168;-2.37;683.221;-0.0898;-0.0509;-0.0016;-0.669;3.335
5734;5.733;-6.21;-1.892;673.201;-0.1254;-0.0304;0.0038;-10.326;3.823
5735;5.734;-6.188;-0.535;684.969;-0.1288;-0.0254;0.0045;6.76;-0.616
5736;5.735;-5.652;-4.939;682.511;-0.1097;-0.0983;0.0007;5.695;2.374
5737;5.736;-6.694;-5.337;681.032;-0.1301;-0.1012;0.0033;3.358;0.776
5738;5.737;-10.263;-1.984;678.109;-0.1898;-0.0391;0.0046;4.663;2.676
5739;5.738;-8.844;-0.698;690.665;-0.1841;-0.0059;-0.0012;3.83;-4.835
5740;5.739;-9.021;-2.803;678.537;-0.176;-0.0453;-0.0042;4.689;-6.415
5741;5.74;-3.571;-3.455;685.131;-0.0707;-0.0756;-0.0037;-5.281;2.123
5742;5.741;-4.035;-3.92;685.091;-0.0819;-0.0704;-0.0021;-4.034;0.607
5743;5.742;-3.973;-2.503;697.144;-0.0835;-0.0511;0.0054;1.131;-9.282
5744;5.743;-3.62;1.8;691.096;-0.0664;0.0509;-0.0098;0.993;-2.41
5745;5.744;-9.92;-3.099;684.558;-0.202;-0.0721;-0.0093;9.086;-2.979
5746;5.745;-7.733;-5.077;704.014;-0.1652;-0.1014;0.0035;4.627;-5.081
5747;5.746;-4.965;-0.95;705.176;-0.1122;-0.0287;0.0004;0.129;-1.525
5748;5.747;-5.096;-1.142;704.55;-0.1089;-0.0245;-0.0015;5.863;2.132
5749;5.748;-7.259;-0.78;683.505;-0.1397;-0.0183;0.0045;-5.437;1.14
5750;5.749;-3.132;0.489;695.259;-0.0606;0.0037;0.0024;-0.246;-6.158
5751;5.75;-8.959;1.586;676.754;-0.1878;0.0157;0.0005;2.47;6.907
5752;5.751;-8.775;-2.714;690.325;-0.1841;-0.0559;-0.0058;6.835;-1.795
5753;5.752;-12.514;0.636;702.277;-0.2495;0.0224;-0.0073;-4.155;0.209
5754;5.753;-5.055;0.889;690.9;-0.0813;0.0411;-0.0117;-5.693;0.114
5755;5.754;-10.294;2.739;691.737;-0.195;0.0677;-0.0095;-4.431;2.437
5756;5.755;-5.91;-3.974;690.809;-0.1223;-0.0729;0.0024;5.337;4.02
5757;5.756;-9.588;0.941;695.91;-0.2095;0.0244;0.001;-3.374;1.014
5758;5.757;-3.768;-3.226;682.409;-0.064;-0.05;0.0019;-3.717;-8.03
5759;5.758;-4.115;0.346;692.969;-0.0767;0.0032;-0.0081;6.167;2.246
5760;5.759;-7.489;-1.18;714.93;-0.1506;-0.0142;0.0019;-0.67;-0.443
5761;5.76;-6.823;-3.509;715.961;-0.135;-0.0674;-0.0012;6.46;-5.875
5762;5.761;-3.702;-2.004;703.602;-0.0737;-0.0201;-0.0015;-6.573;0.89
5763;5.762;-13.26;-0.625;698.878;-0.2508;-0.0156;0.0023;3.014;-2.36
5764;5.763;-11.76;-0.234;698.737;-0.2368;0.0083;-0.0057;5.247;-3.884
5765;5.764;-5.681;0.807;709.215;-0.1215;-0.0144;0.005;-2.051;5.234
5766;5.765;-10.294;-0.725;705.904;-0.2243;-0.0213;-0.0029;9.993;1.432
5767;5.766;-4.095;0.867;696.997;-0.0742;0.009;-0.0082;0.728;2.592
5768;5.767;-6.668;-2.984;694.232;-0.1273;-0.0612;-0.0042;-0.551;-2.65
5769;5.768;-8.813;-0.625;701.246;-0.1801;0.0028;0.0055;-1.679;8.784
5770;5.769;-6.571;0.097;709.204;-0.1361;0.0145;0.0074;-2.4;-4.857
5771;5.77;-6.187;3.0;691.561;-0.1406;0.0664;-0.0016;1.736;-2.413
5772;5.771;-6.592;-1.637;697.287;-0.1199;-0.0433;0.0068;2.003;-2.691
5773;5.772;-10.294;-2.899;710.214;-0.2051;-0.0607;0.0047;6.051;4.97
5774;5.773;-7.112;1.829;705.824;-0.1314;0.0224;-0.0002;2.299;-0.951
5775;5.774;-5.723;1.478;699.333;-0.1139;0.024;0.0033;3.391;-0.659
5776;5.775;-9.748;-2.747;700.763;-0.1903;-0.0633;-0.0104;-0.16;-6.195
5777;5.776;-8.404;3.462;708.926;-0.1845;0.0639;-0.0017;-3.08;1.314
5778;5.777;-8.148;0.712;709.025;-0.163;0.0266;-0.0016;10.795;-2.804
5779;5.778;-8.531;-0.617;694.825;-0.1906;-0.0285;0.0054;-1.78;8.655
5780;5.779;-10.07;-4.019;713.053;-0.2;-0.0652;-0.0044;5.918;-5.298
5781;5.78;-10.413;3.598;710.619;-0.2048;0.0763;0.0043;3.425;-3.571
5782;5.781;-6.679;0.892;704.83;-0.1369;0.0055;0.015;-8.819;3.3
5783;5.782;-6.851;-3.923;693.092;-0.1505;-0.0925;-0.0072;2.09;-1.178
5784;5.783;-4.809;1.203;686.568;-0.0939;0.0273;0.0023;-6.165;-8.293
5785;5.784;-0.576;1.449;703.724;-0.015;0.0341;-0.0046;0.9;-4.427
5786;5.785;-5.927;2.491;708.727;-0.1057;0.0496;0.001;0.623;-0.109
5787;5.786;-5.64;-2.358;705.484;-0.1216;-0.0598;0.007;-4.076;2.403
5788;5.787;-11.833;1.043;710.427;-0.2503;0.0189;-0.0026;-2.446;6.471
5789;5.788;-10.077;0.984;704.759;-0.2078;0.0157;0.0034;-3.912;6.804
5790;5.789;-8.886;0.254;700.382;-0.1866;-0.0063;-0.0049;1.433;-2.748
5791;5.79;-9.302;1.035;706.13;-0.1837;0.0191;-0.0082;7.234;-9.891
5792;5.791;-5.98;0.982;708.735;-0.123;0.0292;0.0065;0.292;4.597
5793;5.792;-7.432;1.499;692.692;-0.1404;0.043;-0.0086;-2.877;-1.012
5794;5.793;-13.295;1.548;708.972;-0.2715;0.0374;-0.0065;-1.841;-0.184
5795;5.794;-11.791;1.144;701.265;-0.2393;0.0255;0.0044;-9.514;4.218
5796;5.795;-9.899;2.285;696.419;-0.1921;0.047;0.0014;2.818;-3.537
5797;5.796;-10.612;4.809;706.838;-0.1977;0.0976;0.0054;8.061;1.689
5798;5.797;-7.911;4.039;694.357;-0.1773;0.0911;-0.0026;2.355;-1.71
5799;5.798;-8.55;3.947;699.96;-0.1574;0.0695;0.001;4.65;-0.657
5800;5.799;-7.95;-3.224;708.469;-0.1535;-0.0727;-0.0112;2.445;-3.908
5801;5.8;-8.254;5.557;696.38;-0.1582;0.0988;0.0025;-6.379;0.459
5802;5.801;-10.297;-0.048;686.29;-0.185;-0.0031;0.0048;4.02;-0.076
5803;5.802;-8.217;3.541;698.008;-0.1605;0.0834;0.0052;-0.051;0.135
5804;5.803;-8.248;0.101;683.347;-0.1571;-0.0072;0.0008;2.724;-1.008
5805;5.804;-7.775;4.984;701.252;-0.1365;0.1102;-0.0038;7.62;6.451
5806;5.805;-11.016;5.388;689.734;-0.2245;0.0997;0.0006;6.868;-0.045
5807;5.806;-9.94;3.084;695.628;-0.2048;0.077;0.0018;-4.939;3.915
5808;5.807;-7.58;3.367;680.157;-0.1409;0.0749;0.0081;-2.191;4.956
5809;5.808;-9.344;4.332;683.211;-0.1655;0.0717;-0.0026;1.718;1.658
5810;5.809;-10.398;1.086;695.87;-0.2011;0.022;0.0064;6.589;0.62
5811;5.81;-7.927;5.346;696.25;-0.1689;0.1134;-0.0017;-3.045;5.212
5812;5.811;-11.519;3.62;672.991;-0.2259;0.0778;-0.0052;-8.741;4.047
5813;5.812;-12.069;4.237;677.721;-0.2176;0.0827;-0.0031;-0.483;-8.931
5814;5.813;-13.344;0.598;675.579;-0.2404;0.0208;0.0046;-0.135;-3.001
5815;5.814;-10.013;3.732;665.976;-0.1962;0.0813;-0.0006;2.922;-0.788
5816;5.815;-6.718;2.604;675.374;-0.1337;0.0591;-0.0037;6.859;5.113
5817;5.816;-9.242;2.642;680.476;-0.1887;0.0576;0.0029;-1.993;2.767
5818;5.817;-9.466;4.311;675.832;-0.1961;0.0746;-0.0004;3.411;-12.086
5819;5.818;-9.025;7.25;680.869;-0.1628;0.1596;0.0103;-9.041;-0.326
5820;5.819;-12.877;2.854;682.693;-0.248;0.0623;0.0081;2.172;-2.58
5821;5.82;-9.313;4.127;681.702;-0.192;0.1018;-0.0027;0.504;-3.498
5822;5.821;-7.107;4.0;679.332;-0.1337;0.0883;-0.0032;-5.073;1.057
5823;5.822;-14.946;3.113;673.855;-0.2812;0.0541;-0.0009;7.175;-6.643
5824;5.823;-10.129;4.806;661.0;-0.2075;0.0881;-0.002;4.709;4.099
5825;5.824;-9.946;3.816;660.714;-0.2136;0.0838;-0.0037;-5.216;-1.177
5826;5.825;-7.057;1.841;671.106;-0.1397;0.0426;-0.0044;0.67;0.053
5827;5.826;-12.332;6.025;659.299;-0.2437;0.1149;-0.0065;-4.312;-7.16
5828;5.827;-9.397;0.919;672.976;-0.1867;0.032;0.0072;6.285;-1.043
5829;5.828;-12.308;3.802;664.204;-0.2551;0.0907;0.0022;5.32;-13.656
5830;5.829;-8.129;7.751;663.841;-0.1646;0.1398;-0.0031;7.935;0.624
5831;5.83;-8.019;6.563;646.484;-0.1573;0.1419;-0.0017;-1.314;-2.899
5832;5.831;-11.748;2.294;672.877;-0.243;0.0383;0.0027;5.446;-10.64
5833;5.832;-9.962;1.041;668.587;-0.1975;0.0185;0.0042;3.838;5.889
5834;5.833;-11.048;5.79;655.8;-0.2202;0.11;-0.0046;-3.497;-5.866
5835;5.834;-8.899;2.853;663.166;-0.1817;0.051;0.0042;9.149;-1.89
5836;5.835;-7.014;4.994;666.897;-0.1392;0.0913;0.002;2.033;-4.411
5837;5.836;-7.545;4.623;643.582;-0.1412;0.0954;-0.0029;-1.225;3.819
5838;5.837;-14.871;3.167;654.825;-0.289;0.0486;0.0056;5.262;1.246
5839;5.838;-11.41;7.097;670.008;-0.2256;0.1068;0.0045;3.516;2.949
5840;5.839;-6.298;6.295;652.367;-0.1172;0.1322;-0.0061;-6.083;4.874
5841;5.84;-8.005;1.602;654.962;-0.1469;0.0207;0.0002;-6.379;-1.155
5842;5.841;-8.973;7.339;677.042;-0.1624;0.1561;-0.0003;0.907;-10.248
5843;5.842;-11.635;5.648;652.192;-0.2355;0.0995;0.0094;-1.111;3.307
5844;5.843;-12.658;4.192;669.153;-0.2559;0.0683;-0.0026;0.43;-7.139
5845;5.844;-8.699;7.623;658.22;-0.1582;0.1425;-0.0004;-4.334;-3.795
5846;5.845;-11.112;3.374;646.541;-0.2125;0.045;-0.0012;-4.726;-0.425
5847;5.846;-11.488;6.073;654.569;-0.235;0.1121;0.0055;4.913;-3.538
5848;5.847;-14.173;5.28;660.143;-0.2988;0.1027;0.0032;-2.472;5.907
5849;5.848;-8.154;6.235;661.262;-0.1686;0.1183;-0.0043;1.753;-6.626
5850;5.849;-10.646;4.962;663.676;-0.2275;0.0951;-0.0045;3.037;-1.967
5851;5.85;-6.019;2.896;650.237;-0.1353;0.0633;-0.0054;0.769;5.804
5852;5.851;-8.014;3.575;661.653;-0.1623;0.0662;-0.0011;4.506;3.589
5853;5.852;-8.098;6.617;673.347;-0.1718;0.1395;0.0091;5.1;-3.306
5854;5.853;-12.08;4.059;654.483;-0.2503;0.0779;0.0014;3.351;4.277
5855;5.854;-7.705;6.808;654.448;-0.1581;0.1562;-0.0036;0.189;-5.925
5856;5.855;-14.444;4.377;676.732;-0.3077;0.07;0.0038;-1.251;-8.004
5857;5.856;-9.382;4.356;667.114;-0.1889;0.0716;0.0013;-5.471;-12.594
5858;5.857;-10.284;1.449;653.057;-0.1951;0.0286;-0.0076;-1.343;-3.739
5859;5.858;-10.804;6.518;658.346;-0.2216;0.1367;-0.0016;-5.26;5.82
5860;5.859;-12.885;5.641;660.47;-0.2551;0.1173;0.0021;8.945;-5.606
5861;5.86;-12.932;2.433;670.923;-0.2602;0.0639;0.001;-5.733;-0.416
5862;5.861;-12.207;5.324;673.383;-0.2567;0.1001;0.0024;1.376;-4.026
5863;5.862;-9.656;6.184;675.665;-0.1969;0.122;0.0056;1.299;2.596
5864;5.863;-7.816;3.476;678.938;-0.1537;0.0637;-0.002;0.11;3.224
5865;5.864;-8.698;3.287;676.285;-0.1735;0.0598;-0.0025;0.992;-0.372
5866;5.865;-12.7;7.287;674.44;-0.236;0.1445;0.0125;3.425;-2.733
5867;5.866;-9.056;3.142;679.419;-0.1756;0.0465;-0.0025;-0.431;-16.091
5868;5.867;-11.396;5.638;665.966;-0.2432;0.1227;0.0005;-0.484;-5.831
5869;5.868;-7.699;-0.6;688.378;-0.1542;-0.0106;-0.0033;1.386;-2.486
5870;5.869;-14.85;6.703;675.89;-0.3036;0.137;0.006;2.801;0.998
5871;5.87;-7.327;8.27;677.933;-0.1493;0.1792;-0.0012;3.911;-12.269
5872;5.871;-12.116;9.903;683.706;-0.2389;0.1972;-0.0035;-4.225;4.717
5873;5.872;-12.96;8.897;668.184;-0.2515;0.1718;0.009;6.922;1.737
5874;5.873;-9.978;5.904;676.133;-0.2165;0.1093;-0.002;-3.02;-8.131
5875;5.874;-10.344;7.23;682.729;-0.2177;0.127;0.0024;7.727;-4.379
5876;5.875;-10.175;7.643;678.882;-0.2169;0.1616;0.0028;3.06;2.611
5877;5.876;-13.106;7.762;678.068;-0.2658;0.1475;0.0077;4.747;-1.814
5878;5.877;-12.499;4.574;683.607;-0.2416;0.0915;0.0012;0.632;-3.325
5879;5.878;-8.537;5.456;692.826;-0.174;0.1191;0.0099;-5.952;5.902
5880;5.879;-10.754;11.69;702.45;-0.2111;0.2493;-0.0;-2.9;5.11
5881;5.88;-16.344;7.482;694.655;-0.3453;0.1508;0.0026;-5.944;1.636
5882;5.881;-17.503;4.779;699.805;-0.3335;0.0799;0.0057;-2.194;4.152
5883;5.882;-11.224;5.983;698.087;-0.2175;0.1144;0.0029;-1.582;-1.476
5884;5.883;-9.028;6.918;705.819;-0.1756;0.1278;0.0072;2.929;-4.7
5885;5.884;-13.203;5.196;701.34;-0.249;0.0898;0.0038;3.212;-7.655
5886;5.885;-13.902;8.936;671.798;-0.2903;0.1837;0.0098;-4.147;1.151
5887;5.886;-10.271;4.951;702.23;-0.214;0.0851;0.0021;-5.447;2.183
5888;5.887;-14.976;5.783;696.559;-0.3009;0.1078;0.0029;4.887;-7.708
5889;5.888;-16.208;8.08;702.207;-0.3282;0.148;-0.0022;-2.466;-2.32
5890;5.889;-10.013;8.528;701.619;-0.1971;0.1726;-0.0072;2.499;0.716
5891;5.89;-10.693;4.209;695.483;-0.199;0.0668;-0.0053;1.028;-8.64
5892;5.891;-12.548;3.775;709.773;-0.2447;0.0743;-0.0043;4.71;-0.004
5893;5.892;-12.226;12.546;707.844;-0.2514;0.2378;0.0044;3.79;7.43
5894;5.893;-11.445;7.764;701.658;-0.2218;0.1595;0.0027;-9.683;0.661
5895;5.894;-11.389;10.438;697.571;-0.2261;0.2077;-0.0048;0.117;-6.451
5896;5.895;-8.646;10.72;695.751;-0.1585;0.2032;0.0048;5.866;8.471
5897;5.896;-11.863;7.415;708.076;-0.2312;0.1526;-0.01;-3.271;0.719
5898;5.897;-15.724;8.864;718.553;-0.3091;0.1849;-0.0007;0.466;-6.475
5899;5.898;-12.224;8.015;697.574;-0.2387;0.1664;0.0056;-3.494;5.197
5900;5.899;-12.918;10.076;706.365;-0.2643;0.1884;0.0083;-9.724;3.147
5901;5.9;-12.296;7.631;709.589;-0.2338;0.1567;0.0025;-2.506;1.88
5902;5.901;-12.297;5.694;712.347;-0.2439;0.1235;-0.0053;14.383;3.832
5903;5.902;-14.693;6.732;717.318;-0.2958;0.1323;-0.0045;-10.106;-2.562
5904;5.903;-14.722;8.261;715.526;-0.3039;0.1545;0.002;-0.718;-11.288
5905;5.904;-9.891;6.597;701.05;-0.1897;0.1357;-0.0011;0.399;2.714
5906;5.905;-11.377;7.984;703.241;-0.2451;0.1612;0.0005;8.892;-2.212
5907;5.906;-13.882;8.084;721.55;-0.284;0.1588;0.0079;6.91;3.385
5908;5.907;-9.278;6.951;710.155;-0.1842;0.1448;0.0016;1.643;-1.173
5909;5.908;-10.979;5.544;701.58;-0.2329;0.0961;-0.0048;-5.642;4.912
5910;5.909;-8.756;7.775;712.713;-0.1599;0.1643;-0.002;-4.967;1.016
5911;5.91;-11.497;7.157;714.664;-0.2313;0.1531;-0.0046;-5.331;-2.848
5912;5.911;-11.05;7.674;720.913;-0.2257;0.1445;0.0073;-1.001;-0.21
5913;5.912;-9.886;8.942;715.703;-0.1935;0.1744;-0.0032;3.768;4.543
5914;5.913;-11.292;7.982;714.185;-0.2136;0.1644;-0.0021;5.236;-5.453
5915;5.914;-11.237;9.029;708.253;-0.2236;0.1905;0.0025;-0.895;-5.664
5916;5.915;-11.561;5.931;703.581;-0.2285;0.1031;-0.0001;-3.235;-7.118
5917;5.916;-13.698;7.968;700.932;-0.2629;0.1728;0.0063;-2.264;-6.392
5918;5.917;-8.079;8.768;715.43;-0.1584;0.1631;-0.0067;-3.302;-11.979
5919;5.918;-6.63;9.325;708.785;-0.1014;0.189;-0.0046;-1.363;4.174
5920;5.919;-7.549;6.207;699.741;-0.1606;0.1153;-0.0039;-3.363;-6.424
5921;5.92;-13.278;5.936;705.854;-0.2764;0.1215;-0.0056;4.417;4.898
5922;5.921;-6.066;11.362;709.565;-0.1109;0.2245;0.0031;-7.253;5.149
5923;5.922;-10.017;7.915;709.151;-0.1896;0.1547;0.01;-7.687;8.906
5924;5.923;-14.046;5.415;695.91;-0.2792;0.1087;0.0004;3.302;0.862
5925;5.924;-10.987;8.343;720.396;-0.2358;0.1538;-0.002;0.809;0.368
5926;5.925;-9.696;10.241;695.212;-0.1884;0.2136;-0.0032;3.601;9.165
5927;5.926;-11.347;8.494;714.852;-0.2343;0.1819;0.0083;1.244;-0.591
5928;5.927;-13.22;9.902;694.156;-0.2685;0.1838;-0.0063;3.644;3.487
5929;5.928;-13.523;10.422;702.41;-0.2433;0.2095;-0.0022;-7.653;-4.039
5930;5.929;-14.512;9.832;713.102;-0.2826;0.1954;0.0041;-1.119;2.222
5931;5.93;-12.056;7.766;709.28;-0.2307;0.1448;-0.0009;-0.018;1.291
5932;5.931;-7.679;8.47;705.634;-0.1627;0.1654;-0.0015;-6.421;1.147
5933;5.932;-11.731;12.423;701.566;-0.2242;0.249;-0.0066;-0.251;-0.275
5934;5.933;-11.519;10.112;698.308;-0.2387;0.208;0.0083;2.787;3.774
5935;5.934;-11.127;12.217;704.321;-0.2196;0.2509;-0.0118;-2.848;2.672
5936;5.935;-10.459;8.134;712.607;-0.2157;0.1551;-0.0024;-0.293;-3.823
5937;5.936;-12.562;8.914;695.242;-0.274;0.1716;0.0009;2.599;2.961
5938;5.937;-11.813;13.614;677.867;-0.252;0.2742;0.0002;-4.72;0.186
5939;5.938;-7.934;5.972;705.103;-0.1683;0.1241;0.0047;-7.761;-0.268
5940;5.939;-11.044;5.997;708.114;-0.2455;0.1345;-0.0023;-5.796;1.019
5941;5.94;-11.222;9.555;692.527;-0.2273;0.1804;0.0099;-2.789;-3.362
5942;5.941;-11.178;7.639;691.846;-0.2152;0.1436;-0.0012;-1.925;-1.214
5943;5.942;-15.383;10.377;706.015;-0.2971;0.2251;0.0008;-5.672;-7.098
5944;5.943;-14.819;9.52;700.656;-0.2924;0.1977;0.0084;7.376;0.088
5945;5.944;-15.833;11.877;687.736;-0.2949;0.23;-0.0038;-7.864;0.829
5946;5.945;-14.637;9.835;680.397;-0.2897;0.2134;-0.0073;-3.539;-4.419
5947;5.946;-14.865;7.549;686.501;-0.3157;0.1602;0.0087;4.005;8.394
5948;5.947;-12.759;5.571;687.556;-0.2501;0.1127;0.005;4.282;0.506
5949;5.948;-11.705;8.103;675.135;-0.2296;0.1568;-0.0014;-2.852;5.735
5950;5.949;-8.397;13.614;686.702;-0.1609;0.2756;0.0026;-4.643;-0.149
5951;5.95;-11.325;8.803;675.86;-0.2245;0.1825;-0.0028;2.69;1.913
5952;5.951;-11.896;8.857;685.579;-0.2408;0.159;-0.0012;1.456;1.836
5953;5.952;-11.308;8.601;707.524;-0.2347;0.1841;-0.0093;0.461;0.412
5954;5.953;-14.533;3.002;679.508;-0.2919;0.061;0.0014;-0.569;4.824
5955;5.954;-9.749;10.306;690.935;-0.1921;0.2089;0.0006;3.73;3.252
5956;5.955;-13.765;10.317;675.53;-0.2723;0.1973;0.0003;-11.235;0.262
5957;5.956;-13.75;9.04;697.119;-0.2761;0.1702;0.0003;3.33;6.475
5958;5.957;-12.681;7.306;684.392;-0.2449;0.1529;-0.0033;0.591;2.811
5959;5.958;-12.975;5.323;704.951;-0.2561;0.1166;0.0099;-4.126;8.097
5960;5.959;-13.665;4.773;686.068;-0.2778;0.1071;-0.0029;5.01;2.756
5961;5.96;-11.147;8.304;694.804;-0.2198;0.1683;-0.0103;0.46;-3.992
5962;5.961;-10.911;6.0;690.414;-0.2175;0.1214;0.0045;4.601;4.058
5963;5.962;-12.958;9.815;667.564;-0.2458;0.1962;0.0102;1.122;9.564
5964;5.963;-10.448;10.751;691.35;-0.1982;0.2005;-0.0096;0.94;-0.783
5965;5.964;-10.389;7.725;697.603;-0.2038;0.1508;0.0059;-0.193;3.218
5966;5.965;-11.641;13.717;679.662;-0.222;0.2733;-0.0035;0.292;1.87
5967;5.966;-12.225;11.536;695.558;-0.2479;0.2354;-0.001;-0.045;6.828
5968;5.967;-9.927;6.952;700.303;-0.2086;0.133;-0.0024;-5.944;-5.145
5969;5.968;-11.795;2.309;678.529;-0.2309;0.0328;-0.0015;5.537;-1.33
5970;5.969;-15.222;8.716;684.014;-0.3101;0.1816;0.0075;1.477;2.085
5971;5.97;-12.123;7.294;700.05;-0.2406;0.1485;-0.0011;6.094;-5.481
5972;5.971;-13.117;9.307;702.996;-0.2719;0.1975;-0.0025;-10.68;-2.538
5973;5.972;-10.817;8.37;695.272;-0.2218;0.1887;-0.0179;-5.204;3.536
5974;5.973;-10.269;6.991;701.518;-0.2059;0.1382;-0.0052;-4.717;0.56
5975;5.974;-14.508;12.115;697.149;-0.2864;0.2714;-0.005;0.363;0.171
5976;5.975;-10.978;11.143;685.461;-0.2158;0.2266;0.0071;-1.249;-0.121
5977;5.976;-7.845;12.041;679.681;-0.1495;0.2558;0.0012;0.434;-6.036
5978;5.977;-9.104;11.816;705.756;-0.1711;0.2421;0.0024;6.236;-2.539
5979;5.978;-15.81;9.541;687.977;-0.3134;0.1899;-0.0028;-1.471;-1.229
5980;5.979;-10.952;7.266;689.129;-0.2464;0.1503;0.0001;0.957;1.332
5981;5.98;-11.417;9.598;688.652;-0.2189;0.1938;-0.0115;4.832;-4.259
5982;5.981;-12.699;9.216;690.492;-0.2475;0.1759;0.0006;-0.966;-0.028
5983;5.982;-11.404;7.882;704.026;-0.2213;0.1602;-0.0047;-10.889;8.169
5984;5.983;-12.8;9.382;700.549;-0.2606;0.1976;0.0029;-6.347;6.64
5985;5.984;-12.132;9.221;706.217;-0.2231;0.1765;0.0057;3.276;-3.665
5986;5.985;-15.587;7.72;696.358;-0.3145;0.142;-0.0071;0.745;-1.421
5987;5.986;-11.198;9.394;700.658;-0.2073;0.1977;-0.0098;2.362;4.99
5988;5.987;-11.125;10.622;691.95;-0.2134;0.2123;0.0008;-5.551;6.169
5989;5.988;-11.212;4.555;689.943;-0.2264;0.0888;0.0024;3.995;2.421
5990;5.989;-12.516;10.469;697.022;-0.257;0.2172;0.0009;-1.694;4.334
5991;5.99;-12.621;10.774;697.2;-0.2632;0.2189;-0.0005;2.194;2.932
5992;5.991;-14.194;6.937;688.618;-0.2785;0.1344;0.0057;-8.776;2.722
5993;5.992;-13.933;5.915;707.171;-0.2661;0.1235;0.0016;6.543;1.294
5994;5.993;-11.258;5.678;710.667;-0.2216;0.0941;-0.0088;-9.991;1.727
5995;5.994;-12.736;9.386;701.048;-0.2393;0.1856;0.0004;5.937;4.852
5996;5.995;-7.945;8.895;702.887;-0.1547;0.1866;-0.0036;7.421;4.562
5997;5.996;-14.688;8.553;717.673;-0.2981;0.1641;-0.0075;-5.909;-1.973
5998;5.997;-10.125;10.158;713.974;-0.1986;0.2146;-0.0002;0.801;-7.531
5999;5.998;-12.467;8.61;708.354;-0.2494;0.1822;0.0016;-1.17;8.045
6000;5.999;-10.864;10.735;716.033;-0.1963;0.2054;0.0015;-3.571;-2.582
6001;6.0;-12.59;6.733;714.041;-0.253;0.1488;0.0049;-3.02;-6.445
6002;6.001;-14.532;8.256;719.829;-0.3;0.1542;-0.0025;-8.99;2.077
6003;6.002;-11.454;7.465;710.725;-0.2291;0.1558;0.0003;-5.51;10.346
6004;6.003;-12.827;6.414;720.143;-0.2674;0.124;0.0036;-2.852;4.505
6005;6.004;-12.547;10.914;731.738;-0.2566;0.2177;-0.0117;0.644;-1.306
6006;6.005;-11.414;5.563;718.095;-0.2241;0.1026;-0.0012;-4.619;-10.823
6007;6.006;-10.96;7.763;751.373;-0.2373;0.1618;-0.0029;-1.742;0.553
6008;6.007;-13.816;7.412;731.368;-0.2733;0.1424;-0.0056;-1.963;3.015
6009;6.008;-11.753;10.239;716.426;-0.233;0.2051;-0.004;-1.004;-0.035
6010;6.009;-13.195;8.017;724.413;-0.2643;0.1582;-0.0087;-1.865;1.362
6011;6.01;-10.674;6.959;730.095;-0.2138;0.126;-0.0046;9.957;-5.43
6012;6.011;-11.417;7.199;736.726;-0.2418;0.1352;0.0104;-1.274;-6.364
6013;6.012;-9.554;7.733;723.745;-0.1837;0.1477;-0.0034;1.906;3.895
6014;6.013;-9.372;8.98;741.431;-0.1821;0.1832;0.0005;0.003;6.381
6015;6.014;-10.814;9.226;733.937;-0.2105;0.1914;-0.0032;0.576;0.407
6016;6.015;-14.49;3.319;749.268;-0.2759;0.0702;0.0016;7.046;7.227
6017;6.016;-8.367;7.44;740.939;-0.1864;0.1629;-0.0016;-2.182;0.884
6018;6.017;-12.987;7.156;733.901;-0.2726;0.1482;0.0077;-12.012;-0.257
6019;6.018;-7.595;9.958;731.761;-0.1517;0.1905;-0.0023;2.949;0.316
6020;6.019;-13.234;7.405;742.544;-0.2752;0.1563;-0.0066;-1.008;2.051
6021;6.02;-6.814;11.537;751.174;-0.1184;0.2292;0.001;-1.124;-8.422
6022;6.021;-8.588;6.605;748.956;-0.1675;0.1314;0.0013;-2.143;-1.912
6023;6.022;-8.602;8.52;751.918;-0.1716;0.1646;-0.0015;-0.278;-7.106
6024;6.023;-14.082;7.268;746.582;-0.2885;0.1399;0.0067;1.411;7.803
6025;6.024;-12.208;8.987;747.069;-0.2544;0.1841;-0.003;2.483;-3.093
6026;6.025;-8.351;10.941;747.57;-0.167;0.2137;0.0002;-1.532;-2.344
6027;6.026;-7.392;7.402;752.594;-0.1402;0.149;-0.0076;6.012;-0.983
6028;6.027;-8.033;10.674;750.369;-0.1638;0.2139;0.0066;3.183;9.499
6029;6.028;-14.699;7.131;744.752;-0.3027;0.1316;0.0057;1.112;0.203
6030;6.029;-8.318;13.658;749.259;-0.1597;0.2829;0.0035;9.122;1.624
6031;6.03;-7.56;9.732;749.349;-0.1509;0.1837;0.0006;-1.147;-6.178
6032;6.031;-10.583;10.587;754.82;-0.203;0.2222;-0.0019;-1.479;-2.683
6033;6.032;-14.553;6.527;747.441;-0.3144;0.1345;-0.0057;1.267;-9.264
6034;6.033;-11.527;10.098;765.767;-0.2338;0.213;0.0024;11.346;2.1
6035;6.034;-11.694;8.214;764.681;-0.2399;0.158;-0.0065;-3.567;-4.048
6036;6.035;-14.203;6.282;762.183;-0.2919;0.1232;0.0028;10.634;-0.777
6037;6.036;-9.93;9.339;761.12;-0.1783;0.1864;-0.0009;5.898;1.187
6038;6.037;-12.941;9.956;748.381;-0.2503;0.2002;0.0005;-5.177;4.996
6039;6.038;-12.128;5.567;749.56;-0.2535;0.111;-0.0086;9.787;-4.26
6040;6.039;-17.258;8.337;744.677;-0.3637;0.1806;0.0061;-2.381;6.104
6041;6.04;-10.784;5.991;747.295;-0.2072;0.1158;0.0085;6.166;2.012
6042;6.041;-10.553;11.136;757.411;-0.2125;0.223;-0.0027;-1.715;1.792
6043;6.042;-10.618;10.622;753.01;-0.2116;0.2133;-0.0014;-4.579;-2.377
6044;6.043;-14.783;5.118;745.59;-0.2986;0.105;-0.0097;6.283;1.128
6045;6.044;-9.546;9.413;757.969;-0.1824;0.1948;0.0015;-4.335;1.066
6046;6.045;-4.674;11.56;755.987;-0.0728;0.2383;-0.0018;18.425;6.81
6047;6.046;-7.502;9.707;750.459;-0.1573;0.2009;-0.006;-7.128;-10.842
6048;6.047;-6.598;3.616;754.778;-0.1312;0.0771;0.009;7.048;-2.9
6049;6.048;-9.51;5.471;755.444;-0.204;0.0946;0.0076;1.956;-3.546
6050;6.049;-12.079;5.871;739.164;-0.239;0.1259;0.0084;9.606;-10.023
6051;6.05;-7.958;7.435;744.486;-0.1697;0.1638;-0.0048;-1.299;-6.4
6052;6.051;-7.683;10.387;749.139;-0.1741;0.212;-0.0014;-6.289;-9.788
6053;6.052;-13.408;4.398;748.998;-0.2707;0.1014;-0.005;8.468;0.592
6054;6.053;-11.435;5.404;745.869;-0.2233;0.0971;0.0082;1.592;-7.554
6055;6.054;-9.114;4.477;765.665;-0.1872;0.0809;-0.0025;8.339;-7.721
6056;6.055;-9.299;4.883;746.573;-0.1676;0.1076;-0.0029;-5.202;-1.053
6057;6.056;-13.878;5.346;738.959;-0.2736;0.0956;-0.0065;-1.502;3.126
6058;6.057;-8.339;11.162;758.08;-0.1731;0.2108;-0.0014;-2.185;-3.639
6059;6.058;-10.812;8.47;747.099;-0.2127;0.162;0.0006;1.123;-1.721
6060;6.059;-5.266;6.69;731.932;-0.0998;0.1334;0.0005;-2.079;4.276
6061;6.06;-9.324;5.671;748.567;-0.1794;0.1193;0.0015;5.075;-2.357
6062;6.061;-9.814;9.251;739.038;-0.1904;0.1802;-0.0051;-1.151;-2.209
6063;6.062;-11.658;4.12;739.991;-0.2356;0.0731;-0.0041;3.159;-2.205
6064;6.063;-10.558;6.09;753.699;-0.1978;0.1293;-0.003;4.316;1.19
6065;6.064;-11.115;6.496;737.796;-0.2233;0.1229;-0.0101;0.892;-0.873
6066;6.065;-12.448;11.38;736.805;-0.2692;0.2295;0.006;-6.306;-8.324
6067;6.066;-11.101;7.184;737.005;-0.2151;0.1285;0.0009;-3.945;-0.559
6068;6.067;-9.643;9.614;749.347;-0.2012;0.1925;0.0016;-3.507;-2.115
6069;6.068;-12.365;11.161;739.409;-0.2531;0.2306;0.0023;-9.676;-0.415
6070;6.069;-6.687;4.76;735.859;-0.0901;0.108;0.0005;2.022;1.293
6071;6.07;-9.931;5.903;746.014;-0.189;0.1091;0.0009;12.178;-0.487
6072;6.071;-11.457;6.233;741.102;-0.2452;0.1149;-0.005;3.733;4.833
6073;6.072;-13.206;7.5;738.648;-0.262;0.1547;-0.0027;1.309;3.663
6074;6.073;-10.044;9.719;739.093;-0.1981;0.1966;0.0076;-0.988;1.886
6075;6.074;-14.853;3.629;726.867;-0.3019;0.087;-0.0005;-6.42;4.452
6076;6.075;-5.684;4.002;749.343;-0.1028;0.0824;-0.0058;-0.929;2.842
6077;6.076;-10.177;8.089;748.24;-0.2069;0.1612;-0.0042;-0.18;3.778
6078;6.077;-11.911;2.851;729.144;-0.2452;0.0709;-0.0043;2.923;-2.26
6079;6.078;-7.116;5.889;738.343;-0.1356;0.1219;0.0009;3.081;6.428
6080;6.079;-13.005;8.085;739.489;-0.2278;0.1793;-0.004;11.658;1.725
6081;6.08;-11.002;8.237;719.094;-0.2063;0.1702;-0.0037;10.643;1.036
6082;6.081;-9.48;4.018;723.278;-0.1821;0.0753;0.0017;-1.19;2.918
6083;6.082;-8.368;3.592;750.529;-0.1675;0.0851;0.0035;0.753;-3.495
6084;6.083;-11.356;6.69;731.602;-0.2064;0.1442;0.0027;4.657;-1.957
6085;6.084;-7.794;5.536;728.998;-0.1691;0.0871;0.0074;-7.125;-4.391
6086;6.085;-12.087;4.172;717.92;-0.2434;0.0964;0.0095;-2.158;2.086
6087;6.086;-9.62;7.234;728.309;-0.176;0.1529;0.0009;-1.178;3.71
6088;6.087;-11.545;4.094;729.031;-0.2234;0.0847;-0.0119;-3.729;1.241
6089;6.088;-9.2;3.38;734.057;-0.1739;0.0545;-0.0037;-5.13;5.204
6090;6.089;-9.806;6.25;739.188;-0.2237;0.1226;-0.0032;-4.872;-3.498
6091;6.09;-6.709;3.125;729.497;-0.1259;0.0612;0.0026;-6.071;0.069
6092;6.091;-10.0;6.425;725.728;-0.1942;0.1274;0.0035;-1.915;-6.01
6093;6.092;-9.134;7.478;725.095;-0.1763;0.1621;0.0027;-0.077;-4.956
6094;6.093;-6.586;4.709;735.01;-0.1276;0.1156;0.006;-4.892;-14.637
6095;6.094;-8.434;5.979;722.692;-0.1801;0.1243;-0.0074;-4.267;-0.259
6096;6.095;-9.102;9.949;733.453;-0.1742;0.1995;-0.0043;8.575;2.453
6097;6.096;-10.237;3.732;744.683;-0.1977;0.076;-0.0003;-7.093;8.846
6098;6.097;-6.859;5.965;727.012;-0.1672;0.1384;-0.0005;3.05;-4.44
6099;6.098;-7.57;4.973;723.528;-0.1475;0.0976;-0.001;5.768;1.345
6100;6.099;-7.71;2.657;732.355;-0.1567;0.0573;0.0004;6.108;-7.25
6101;6.1;-8.15;7.403;722.92;-0.1678;0.1478;0.001;-2.833;-2.68
6102;6.101;-10.858;2.891;735.896;-0.2217;0.0718;-0.01;7.735;3.451
6103;6.102;-6.935;7.191;729.506;-0.1303;0.1498;-0.0045;1.118;-12.385
6104;6.103;-11.493;7.341;745.414;-0.2353;0.1582;-0.0019;2.389;-6.647
6105;6.104;-7.072;4.315;742.262;-0.14;0.0796;0.0042;-11.935;-11.831
6106;6.105;-4.819;7.223;725.755;-0.0928;0.162;0.0017;3.077;2.54
6107;6.106;-4.605;7.695;737.914;-0.084;0.1406;0.007;-3.259;-1.554
6108;6.107;-7.307;2.104;740.746;-0.1437;0.0197;0.0076;2.391;4.62
6109;6.108;-10.405;2.835;737.362;-0.2206;0.068;-0.0056;-4.922;2.373
6110;6.109;-6.268;1.452;735.886;-0.1399;0.0322;0.0038;-1.845;-2.091
6111;6.11;-12.14;7.396;733.926;-0.2518;0.1581;-0.0078;-3.282;-4.784
6112;6.111;-12.259;5.609;747.419;-0.262;0.107;-0.0009;1.141;-0.537
6113;6.112;-5.223;5.73;738.578;-0.1001;0.1062;-0.0011;-0.342;-4.387
6114;6.113;-9.298;9.712;732.775;-0.1625;0.1978;0.007;-3.526;3.835
6115;6.114;-2.715;5.619;739.067;-0.0544;0.1174;-0.0033;-0.322;-3.589
6116;6.115;-3.828;1.955;736.712;-0.0614;0.0285;0.0034;4.387;-0.431
6117;6.116;-6.225;0.346;732.014;-0.1441;0.0092;0.0018;1.907;-3.066
6118;6.117;-8.325;1.782;754.161;-0.1649;0.0283;-0.0082;7.737;-8.438
6119;6.118;-8.217;2.652;746.052;-0.1493;0.0576;-0.0039;4.375;-1.174
6120;6.119;-10.541;6.36;740.2;-0.1961;0.1129;-0.0011;-4.702;3.127
6121;6.12;-6.652;4.745;743.454;-0.1197;0.1025;-0.0004;-7.36;-3.081
6122;6.121;-6.526;6.731;743.046;-0.1082;0.1281;-0.007;1.848;4.212
6123;6.122;-6.068;0.193;743.678;-0.1281;-0.0185;-0.0016;2.106;1.073
6124;6.123;-9.225;0.531;761.167;-0.1765;0.0148;0.0004;-1.625;5.841
6125;6.124;-5.712;0.626;770.353;-0.113;-0.0183;0.0027;2.806;-0.684
6126;6.125;-5.729;1.997;750.198;-0.0965;0.0321;0.0002;3.527;13.066
6127;6.126;-6.25;6.507;766.87;-0.1289;0.1262;-0.0053;3.657;-2.463
6128;6.127;-3.707;5.051;765.063;-0.0601;0.1136;-0.0055;6.95;1.014
6129;6.128;-8.061;2.812;770.396;-0.1694;0.0526;0.0025;-0.487;-3.082
6130;6.129;-2.717;2.736;759.314;-0.0466;0.0495;0.0039;2.87;2.271
6131;6.13;-3.2;4.796;766.948;-0.0545;0.1079;-0.0065;2.561;-2.633
6132;6.131;-1.028;3.194;760.379;-0.0255;0.0667;-0.004;5.238;2.223
6133;6.132;-8.916;2.789;768.532;-0.1986;0.0582;0.001;7.219;0.002
6134;6.133;-6.218;2.183;764.315;-0.1261;0.0525;0.0019;-5.147;-5.451
6135;6.134;-7.647;-0.744;762.381;-0.1712;-0.0422;-0.0028;-4.087;3.666
6136;6.135;-5.172;2.697;767.54;-0.0967;0.055;-0.0026;-2.389;10.835
6137;6.136;-7.684;2.862;772.655;-0.1449;0.0653;0.003;-6.516;-1.642
6138;6.137;-4.611;1.685;778.698;-0.0988;0.04;0.0012;5.712;9.324
6139;6.138;-4.47;6.867;787.472;-0.0935;0.147;0.0077;-5.206;0.108
6140;6.139;-4.578;2.466;781.577;-0.099;0.047;-0.0042;6.567;0.344
6141;6.14;-8.041;4.548;770.494;-0.1566;0.0906;-0.0008;-11.027;-6.926
6142;6.141;-3.272;8.189;771.769;-0.0749;0.1657;-0.0106;5.563;-2.374
6143;6.142;-12.976;3.692;762.772;-0.2578;0.0744;-0.0059;7.431;7.323
6144;6.143;-7.778;7.855;765.017;-0.1663;0.1467;0.005;-3.352;-6.893
6145;6.144;-6.868;5.722;773.618;-0.1263;0.1007;-0.0045;-1.694;-2.412
6146;6.145;-6.01;3.804;780.967;-0.1303;0.0598;-0.0033;0.888;6.519
6147;6.146;-7.945;3.454;776.304;-0.1542;0.0797;0.0076;-3.429;-7.345
6148;6.147;-7.535;2.754;773.719;-0.148;0.0681;-0.0036;-2.784;5.911
6149;6.148;-0.101;6.154;768.452;0.0097;0.1144;0.0094;7.762;4.466
6150;6.149;-4.444;2.312;766.495;-0.0808;0.0365;0.0026;3.583;-1.502
6151;6.15;-5.696;4.119;792.197;-0.1034;0.0742;-0.01;0.199;-2.177
6152;6.151;-8.394;2.063;762.821;-0.1591;0.0511;-0.0042;-10.702;3.089
6153;6.152;-6.391;-0.021;773.09;-0.1274;-0.0115;0.004;-1.25;6.124
6154;6.153;-6.775;2.543;773.047;-0.1466;0.0435;-0.0019;3.674;12.732
6155;6.154;-2.146;2.124;760.901;-0.0434;0.0428;-0.0072;-7.699;4.719
6156;6.155;-2.178;-0.525;787.281;-0.0513;-0.0227;0.0054;8.929;-5.385
6157;6.156;-4.164;5.106;773.48;-0.0964;0.1021;-0.0049;-3.821;3.625
6158;6.157;-4.947;3.072;781.476;-0.1102;0.0599;0.0059;9.852;4.061
6159;6.158;-8.532;-0.215;780.74;-0.157;-0.0049;0.0026;-0.486;2.833
6160;6.159;-6.331;0.449;785.573;-0.1143;-0.0021;-0.0064;3.61;6.686
6161;6.16;-13.444;4.823;780.348;-0.2615;0.0974;-0.0021;11.312;11.254
6162;6.161;-8.527;3.198;781.15;-0.1684;0.064;0.007;0.91;2.241
6163;6.162;-1.445;2.348;777.187;-0.0206;0.0569;-0.0065;2.596;-2.373
6164;6.163;-3.432;1.146;780.101;-0.0668;0.0266;0.0094;6.395;-1.946
6165;6.164;-3.869;0.436;787.827;-0.0589;0.0277;0.0018;6.87;-1.13
6166;6.165;-5.256;2.272;764.028;-0.0954;0.0453;-0.0069;-2.134;-1.211
6167;6.166;-7.548;5.149;776.545;-0.1376;0.1035;0.0008;1.919;2.387
6168;6.167;-7.268;0.894;775.201;-0.1474;0.0088;0.0022;-1.157;-5.191
6169;6.168;-5.758;3.473;768.778;-0.0958;0.0616;-0.0071;4.885;-2.846
6170;6.169;-4.235;0.517;769.895;-0.068;0.0023;0.0004;0.196;-2.288
6171;6.17;-0.897;-0.056;781.382;-0.013;-0.0227;-0.0002;-9.027;0.644
6172;6.171;-8.477;-0.182;768.675;-0.1688;-0.0007;0.0068;-2.33;0.665
6173;6.172;-2.44;2.387;764.177;-0.0516;0.0625;0.0022;-2.539;0.382
6174;6.173;-6.05;3.794;786.448;-0.1291;0.073;0.0038;6.192;3.922
6175;6.174;-7.992;-1.371;758.284;-0.1491;-0.0355;-0.0057;4.755;0.207
6176;6.175;-2.606;1.667;777.027;-0.033;0.0274;-0.0041;1.517;1.388
6177;6.176;-4.072;2.464;775.856;-0.0945;0.0631;0.0049;-2.028;-1.479
6178;6.177;-1.499;-3.206;769.045;-0.0328;-0.0484;-0.0019;-0.678;-5.013
6179;6.178;-5.612;3.676;758.71;-0.1122;0.0545;0.0064;8.494;-4.177
6180;6.179;1.849;-0.622;765.621;0.04;-0.0266;0.0005;-1.106;-1.154
6181;6.18;-5.149;0.445;763.909;-0.1148;0.0128;0.0018;-6.902;7.857
6182;6.181;-4.391;0.942;781.285;-0.0861;0.0342;0.0053;-6.624;9.074
6183;6.182;-1.803;-1.49;758.923;-0.0173;-0.0382;-0.0032;7.368;-4.358
6184;6.183;-5.911;0.863;763.782;-0.1089;0.0316;0.002;-1.719;-2.169
6185;6.184;-2.765;-0.061;767.643;-0.0582;-0.0023;-0.0012;6.9;-0.917
6186;6.185;-3.793;1.366;766.963;-0.0846;0.0237;-0.0058;-2.853;3.728
6187;6.186;-6.316;4.591;754.098;-0.1263;0.0892;0.0001;1.777;0.7
6188;6.187;-3.644;2.38;771.292;-0.0805;0.0299;0.0124;1.751;-11.468
6189;6.188;-2.733;3.39;760.183;-0.0575;0.082;-0.0057;3.182;-7.62
6190;6.189;-2.476;-3.419;751.218;-0.0393;-0.0785;0.0042;-0.616;-4.055
6191;6.19;-4.299;1.049;766.246;-0.0761;0.0029;0.008;-1.874;-4.585
6192;6.191;-3.768;1.607;766.613;-0.0749;0.0386;0.0019;11.491;7.519
6193;6.192;1.701;-0.87;761.276;0.0251;-0.0176;0.0059;-1.343;0.1
6194;6.193;-5.424;4.368;770.472;-0.1133;0.1074;0.0053;1.674;-1.382
6195;6.194;-7.11;-3.96;756.422;-0.1204;-0.0911;0.0012;-2.461;10.431
6196;6.195;-1.269;-1.946;755.604;-0.0349;-0.0385;-0.0093;0.211;2.066
6197;6.196;-5.223;0.401;745.805;-0.092;0.0266;0.0008;7.722;-5.365
6198;6.197;-2.517;-3.039;752.617;-0.051;-0.0737;0.0059;2.533;-4.352
6199;6.198;-5.84;-2.61;760.971;-0.1134;-0.0518;-0.0007;-5.244;-5.969
6200;6.199;-3.692;-2.206;739.367;-0.079;-0.0508;0.0023;-9.333;3.599
6201;6.2;-4.238;-1.46;751.33;-0.0826;-0.0247;0.0057;8.36;3.785
6202;6.201;-2.958;-1.454;748.177;-0.0607;-0.0333;0.0023;-7.357;4.671
6203;6.202;-5.308;-7.755;742.87;-0.0967;-0.1484;-0.0052;-3.227;0.732
6204;6.203;-5.094;-1.368;747.329;-0.0883;-0.0314;-0.0041;1.144;4.052
6205;6.204;0.307;2.072;740.087;0.0124;0.0221;-0.0048;-5.94;-1.113
6206;6.205;-1.241;-2.829;747.028;-0.0317;-0.0743;0.0036;2.298;5.967
6207;6.206;-1.224;-2.044;748.502;-0.0314;-0.0473;0.0049;0.731;1.909
6208;6.207;-6.571;-1.061;739.184;-0.1147;-0.022;-0.0013;-1.205;-1.266
6209;6.208;-4.472;-1.742;753.086;-0.0986;-0.0222;0.0034;-1.947;2.278
6210;6.209;-2.994;-1.897;733.664;-0.0644;-0.0387;-0.0049;3.726;-12.447
6211;6.21;-0.275;0.081;742.363;-0.0026;0.0028;0.0007;-2.008;3.02
6212;6.211;-2.263;0.466;730.979;-0.0539;-0.0053;0.0066;-4.329;-3.331
6213;6.212;-2.084;-3.263;735.031;-0.0493;-0.0756;-0.0015;-2.519;-2.963
6214;6.213;-6.023;-4.008;743.49;-0.1356;-0.0962;0.0069;-8.496;-1.263
6215;6.214;-1.052;-1.24;728.061;-0.0282;-0.0475;-0.0005;-1.645;-1.217
6216;6.215;-2.427;-1.001;750.789;-0.0549;-0.0139;0.0025;-0.804;-1.568
6217;6.216;-4.111;0.595;727.65;-0.0943;0.0211;-0.0044;-3.778;1.821
6218;6.217;-4.204;2.57;727.161;-0.1053;0.0731;-0.0001;-4.763;-2.992
6219;6.218;-5.496;-5.979;725.041;-0.104;-0.1199;0.0023;6.812;7.709
6220;6.219;-5.198;-1.335;733.431;-0.1133;-0.0388;-0.0014;-2.847;0.813
6221;6.22;-3.822;0.627;729.732;-0.08;0.0214;-0.0014;2.944;-12.427
6222;6.221;-1.061;-0.668;748.68;-0.02;-0.0118;-0.0008;-0.245;1.749
6223;6.222;-2.456;-4.564;744.563;-0.0525;-0.0902;-0.0006;4.965;2.651
6224;6.223;-2.555;-4.494;719.243;-0.0572;-0.0871;-0.0038;4.038;-0.003
6225;6.224;0.007;-7.864;739.181;0.0109;-0.1515;0.0086;6.909;-5.329
6226;6.225;-1.868;-5.013;737.521;-0.0328;-0.0988;0.0057;-2.15;-1.593
6227;6.226;5.554;1.246;740.203;0.1172;0.0331;-0.0095;14.31;1.755
6228;6.227;-3.502;-2.936;738.972;-0.0744;-0.0621;-0.0041;-2.461;4.345
6229;6.228;2.499;-0.468;742.649;0.0638;0.0029;0.0038;-4.758;3.521
6230;6.229;-3.698;-2.308;739.908;-0.0641;-0.0707;-0.0034;4.021;-7.832
6231;6.23;-2.04;-3.849;736.649;-0.0472;-0.0774;-0.0083;-4.242;8.418
6232;6.231;-2.116;-5.978;746.91;-0.03;-0.0974;-0.0035;-5.927;-7.565
6233;6.232;1.015;-4.737;745.596;0.0083;-0.0882;-0.0063;9.061;-1.659
6234;6.233;-3.092;-0.349;730.42;-0.0416;0.0052;0.0075;0.215;10.314
6235;6.234;1.372;-6.041;739.724;0.0275;-0.1234;0.0185;2.755;-1.035
6236;6.235;-4.15;-1.878;740.896;-0.0947;-0.0465;-0.0106;0.818;3.406
6237;6.236;-4.611;-3.169;742.481;-0.0745;-0.0466;0.0053;8.266;5.125
6238;6.237;-7.472;-3.447;731.685;-0.1737;-0.0588;-0.0006;-7.765;-1.582
6239;6.238;-1.594;-2.916;736.052;-0.0319;-0.0618;0.003;2.76;3.845
6240;6.239;2.167;-1.792;731.611;0.0525;-0.0459;-0.0098;0.787;-5.105
6241;6.24;-2.007;-3.604;737.387;-0.0586;-0.0866;0.0082;0.106;-2.791
6242;6.241;-0.997;-5.425;747.499;-0.0186;-0.102;0.0048;1.908;0.714
6243;6.242;-0.168;-4.892;743.031;0.0001;-0.0952;-0.0007;8.587;-1.489
6244;6.243;-1.44;-6.006;734.294;-0.0253;-0.1111;0.0022;-0.453;-6.149
6245;6.244;-2.193;-5.51;753.193;-0.0375;-0.1041;0.0003;4.691;-1.651
6246;6.245;0.948;-9.773;753.578;0.0172;-0.1902;-0.0015;0.519;2.716
6247;6.246;0.029;-3.475;741.455;-0.0075;-0.0872;0.0003;-3.505;4.002
6248;6.247;-1.518;-4.951;739.364;-0.0226;-0.0983;0.0004;1.55;-5.104
6249;6.248;-0.958;-3.256;749.553;-0.0267;-0.0592;0.009;-3.547;5.414
6250;6.249;-4.566;-6.715;760.788;-0.0801;-0.1407;-0.008;0.514;4.261
6251;6.25;-0.283;-1.09;740.633;-0.0022;-0.0205;0.0001;8.875;-2.7
6252;6.251;-2.505;-6.804;750.285;-0.0448;-0.1393;0.0019;2.362;4.809
6253;6.252;3.09;-1.556;751.835;0.0766;-0.0443;0.0006;6.114;-10.497
6254;6.253;-2.516;-2.728;752.058;-0.0663;-0.0556;-0.0063;-5.221;-1.479
6255;6.254;1.176;-6.05;743.93;0.0318;-0.1175;-0.0057;4.263;7.72
6256;6.255;-1.274;-4.11;768.123;-0.0161;-0.0696;0.004;4.005;0.751
6257;6.256;5.17;-6.555;743.639;0.0969;-0.118;-0.0019;-6.639;-3.653
6258;6.257;1.611;-2.66;765.071;0.0312;-0.066;-0.0014;-2.929;-2.898
6259;6.258;1.56;-8.153;754.754;0.0347;-0.1523;-0.0046;2.01;6.699
6260;6.259;0.63;-4.706;753.519;0.0153;-0.0901;-0.0011;9.253;-3.45
6261;6.26;0.625;-2.687;748.237;0.0156;-0.0699;-0.0;12.874;6.457
6262;6.261;5.673;-3.167;744.573;0.1165;-0.0657;-0.0024;6.506;-2.888
6263;6.262;4.28;-4.206;752.194;0.0899;-0.078;0.0036;-6.276;-6.53
6264;6.263;3.719;-5.916;775.903;0.079;-0.1105;0.004;8.411;-6.108
6265;6.264;4.683;-2.757;766.875;0.0787;-0.0508;-0.0033;-3.946;-2.018
6266;6.265;2.063;-3.231;760.144;0.0508;-0.0723;0.0071;0.198;2.554
6267;6.266;2.883;-0.259;752.518;0.0615;-0.0196;-0.0098;2.337;2.897
6268;6.267;4.624;-6.159;759.631;0.0697;-0.1207;0.0045;2.42;3.305
6269;6.268;-3.973;-2.384;758.037;-0.0667;-0.043;-0.003;-2.923;9.472
6270;6.269;5.393;-2.955;755.548;0.1085;-0.0489;0.0029;-2.634;-6.542
6271;6.27;6.762;-3.63;774.196;0.1294;-0.0802;0.0019;-1.426;-6.455
6272;6.271;1.38;-3.238;762.104;0.0172;-0.0696;-0.0016;-1.743;0.883
6273;6.272;7.946;-5.132;764.609;0.155;-0.1073;0.0001;8.157;2.301
6274;6.273;2.316;-5.753;764.72;0.0517;-0.1332;0.0042;-3.006;4.997
6275;6.274;4.949;-6.532;754.348;0.1029;-0.1112;-0.0062;2.55;-3.66
6276;6.275;2.031;-8.881;755.852;0.0446;-0.1781;-0.0118;4.586;2.557
6277;6.276;4.672;-4.613;765.125;0.0727;-0.1077;0.0059;2.648;1.975
6278;6.277;-1.967;-4.198;741.028;-0.0511;-0.0729;0.0015;-1.074;0.112
6279;6.278;-2.632;-8.069;768.587;-0.048;-0.1481;-0.0093;-3.565;7.144
6280;6.279;-4.491;-2.86;761.392;-0.0942;-0.0627;0.0057;2.055;2.458
6281;6.28;6.256;-10.626;770.074;0.1166;-0.2239;0.0113;-2.146;-1.936
6282;6.281;1.088;-8.125;754.225;0.0161;-0.1593;-0.0034;-2.584;1.493
6283;6.282;-2.608;-5.302;755.24;-0.0518;-0.1009;0.0091;-1.661;1.963
6284;6.283;2.065;-6.999;751.14;0.0434;-0.1592;0.003;-8.357;-1.287
6285;6.284;3.794;-7.468;756.64;0.066;-0.1551;0.0031;4.457;2.592
6286;6.285;2.995;-7.474;753.493;0.0596;-0.1577;0.0021;0.261;4.724
6287;6.286;-2.36;-5.408;770.44;-0.0417;-0.1041;-0.0095;5.753;1.163
6288;6.287;-3.116;-6.428;753.826;-0.0513;-0.1156;-0.0036;-1.153;4.737
6289;6.288;-6.682;-3.996;762.291;-0.1251;-0.0654;-0.0075;-0.09;3.642
6290;6.289;-1.631;-8.279;766.983;-0.0511;-0.1675;-0.0073;-2.867;-7.138
6291;6.29;-0.674;-6.061;751.075;-0.0243;-0.1204;0.0002;5.367;3.235
6292;6.291;1.822;-7.626;757.576;0.0579;-0.1515;0.0002;-1.197;-0.59
6293;6.292;2.328;-5.037;750.093;0.0332;-0.0977;0.0075;-11.344;-5.377
6294;6.293;5.689;-9.108;754.411;0.1087;-0.1726;-0.0054;9.548;-3.004
6295;6.294;1.138;-6.657;750.357;0.0265;-0.1288;-0.0033;7.546;-0.938
6296;6.295;2.62;-4.852;749.584;0.0582;-0.1029;-0.0071;4.625;0.534
6297;6.296;3.967;-4.37;738.807;0.0794;-0.0879;0.0005;-1.53;0.758
6298;6.297;-0.193;-7.985;751.454;-0.0102;-0.1637;0.0041;-2.881;-10.866
6299;6.298;1.628;-5.483;732.539;0.0405;-0.1114;0.0095;-6.335;-3.725
6300;6.299;2.835;-5.791;736.338;0.0542;-0.1169;0.0036;7.585;1.359
6301;6.3;3.591;-8.315;736.81;0.0703;-0.1479;-0.0037;-1.542;-1.877
6302;6.301;3.876;-5.355;741.829;0.0799;-0.1192;0.0007;2.548;-2.447
6303;6.302;1.596;-5.843;749.11;0.0287;-0.1301;0.0034;2.398;-0.045
6304;6.303;0.198;-7.161;746.032;-0.0013;-0.1294;-0.0042;3.803;0.748
6305;6.304;4.356;-5.698;737.456;0.0847;-0.1144;0.0022;-1.624;4.35
6306;6.305;5.763;-9.272;737.024;0.1011;-0.1954;0.0004;5.937;3.592
6307;6.306;6.012;-5.701;725.838;0.1204;-0.1216;0.0025;-3.584;-4.838
6308;6.307;2.206;-8.52;738.167;0.0458;-0.1735;0.0048;0.169;-8.147
6309;6.308;5.318;-5.144;733.338;0.1153;-0.1008;0.0029;4.806;-6.572
6310;6.309;3.211;-6.898;734.892;0.0583;-0.1312;0.0009;-3.238;4.098
6311;6.31;2.89;-6.542;741.354;0.0568;-0.1444;-0.0005;-3.528;2.734
6312;6.311;3.302;-5.142;730.836;0.0524;-0.0914;-0.0035;-2.071;-1.96
6313;6.312;-0.775;-3.16;707.544;-0.012;-0.0449;-0.0019;-6.92;-8.876
6314;6.313;1.397;-4.384;733.985;0.0284;-0.0752;-0.0034;7.743;0.282
6315;6.314;5.344;-8.133;726.725;0.0991;-0.1387;-0.0008;4.196;0.393
6316;6.315;10.224;-8.915;733.772;0.2065;-0.174;-0.0029;-2.227;1.645
6317;6.316;1.827;-4.732;711.691;0.0458;-0.0986;-0.0001;6.85;-0.821
6318;6.317;8.221;-6.948;719.571;0.1544;-0.1405;-0.0023;-0.211;-4.665
6319;6.318;7.119;-4.611;721.817;0.143;-0.0908;-0.0064;-6.773;-7.871
6320;6.319;4.828;-10.337;723.303;0.0719;-0.218;-0.0015;9.726;2.613
6321;6.32;4.68;-7.256;726.807;0.0931;-0.1289;-0.0051;3.257;-2.182
6322;6.321;2.436;-7.232;696.198;0.042;-0.1421;0.0118;1.824;-0.868
6323;6.322;2.138;-6.698;725.88;0.0469;-0.1333;0.0007;-3.27;-0.724
6324;6.323;3.5;-12.458;713.823;0.071;-0.2632;0.0068;4.427;4.424
6325;6.324;3.359;-8.091;725.27;0.0713;-0.1671;-0.0068;1.125;1.186
6326;6.325;2.107;-7.69;718.562;0.0379;-0.1602;-0.0012;6.691;2.042
6327;6.326;6.177;-7.196;705.92;0.1183;-0.1533;0.0074;-1.42;-7.719
6328;6.327;4.67;-9.141;717.09;0.0791;-0.1968;0.0038;4.091;2.196
6329;6.328;6.203;-10.494;699.751;0.1252;-0.1929;-0.0059;5.45;-5.592
6330;6.329;4.495;-5.116;707.305;0.0958;-0.1123;-0.0062;0.685;0.575
6331;6.33;2.703;-9.34;702.634;0.059;-0.1748;0.0004;7.226;2.3
6332;6.331;5.66;-9.614;708.743;0.1126;-0.2002;0.0024;2.59;-3.626
6333;6.332;7.203;-11.025;698.094;0.1385;-0.2266;0.0014;7.065;0.221
6334;6.333;6.668;-6.532;702.597;0.1219;-0.1407;0.0005;-14.891;7.36
6335;6.334;4.933;-8.82;696.627;0.104;-0.1748;-0.0013;-0.614;2.815
6336;6.335;-0.061;-8.511;700.583;-0.0055;-0.1811;0.0087;2.289;6.747
6337;6.336;4.168;-7.572;710.757;0.0817;-0.1406;0.0017;-6.057;3.643
6338;6.337;1.976;-8.848;702.483;0.0333;-0.1647;0.0077;1.567;-0.239
6339;6.338;1.642;-9.676;713.097;0.0255;-0.1914;0.0007;-10.222;3.379
6340;6.339;6.949;-10.834;703.936;0.1453;-0.2137;0.0025;2.979;-6.072
6341;6.34;3.788;-9.532;686.539;0.0744;-0.1779;0.0065;9.043;-1.296
6342;6.341;4.691;-7.232;702.535;0.0888;-0.1338;-0.0003;-4.1;5.38
6343;6.342;3.175;-11.37;699.496;0.0705;-0.2389;0.0006;-3.664;3.109
6344;6.343;7.415;-8.295;692.135;0.1392;-0.1574;-0.0072;2.495;-4.448
6345;6.344;6.075;-5.112;697.265;0.1276;-0.0969;0.0018;2.095;-3.108
6346;6.345;7.878;-6.657;684.552;0.1569;-0.132;-0.0082;-1.121;-0.756
6347;6.346;8.756;-9.291;688.588;0.1595;-0.2045;-0.008;-3.249;-1.891
6348;6.347;3.437;-12.057;698.835;0.0837;-0.2385;0.0001;5.739;-0.437
6349;6.348;11.816;-8.577;693.071;0.2233;-0.1701;-0.0039;1.291;5.169
6350;6.349;5.604;-7.279;698.011;0.1192;-0.1499;-0.0128;-4.07;4.315
6351;6.35;6.915;-8.177;706.741;0.1531;-0.1641;0.0022;5.421;2.138
6352;6.351;4.179;-7.64;694.1;0.0798;-0.1532;-0.0008;-2.774;-8.064
6353;6.352;11.113;-6.899;694.465;0.2092;-0.1341;0.001;0.974;1.325
6354;6.353;8.757;-11.691;690.31;0.1853;-0.2545;-0.0026;-9.855;5.174
6355;6.354;4.841;-7.502;700.604;0.1073;-0.144;-0.0025;-1.314;-1.935
6356;6.355;7.139;-7.238;677.136;0.1457;-0.1523;0.0028;1.021;3.548
6357;6.356;3.586;-12.086;681.627;0.0745;-0.2167;-0.0075;-7.228;1.989
6358;6.357;11.444;-6.456;692.595;0.2406;-0.1201;0.0094;0.576;-8.919
6359;6.358;9.315;-9.771;702.43;0.1815;-0.1971;0.0034;6.21;5.588
6360;6.359;8.089;-11.53;693.073;0.1649;-0.2292;0.0029;-3.256;-3.144
6361;6.36;8.51;-12.544;691.126;0.1601;-0.2452;-0.0019;-8.789;1.387
6362;6.361;6.569;-8.497;691.482;0.1513;-0.1678;-0.0092;-0.912;5.151
6363;6.362;6.752;-5.82;697.287;0.1386;-0.1196;0.0018;-1.157;0.513
6364;6.363;11.616;-4.877;710.104;0.2288;-0.1077;-0.005;-5.493;0.62
6365;6.364;7.045;-10.571;696.891;0.139;-0.22;-0.0028;7.725;0.448
6366;6.365;6.401;-10.23;700.633;0.1301;-0.1949;-0.0084;4.713;-7.852
6367;6.366;0.996;-12.755;689.91;0.0186;-0.2494;-0.0029;1.152;-10.536
6368;6.367;9.641;-14.835;703.242;0.2006;-0.2838;-0.0103;7.034;2.399
6369;6.368;10.708;-7.811;685.743;0.223;-0.1492;-0.0048;-0.059;2.121
6370;6.369;10.452;-7.458;703.944;0.2095;-0.1582;0.0073;7.504;2.873
6371;6.37;10.355;-8.363;697.741;0.2025;-0.184;0.0054;7.83;-6.008
6372;6.371;6.918;-6.195;704.54;0.156;-0.128;-0.0063;2.279;2.381
6373;6.372;6.585;-10.918;707.552;0.1382;-0.2222;0.0059;-0.342;-7.704
6374;6.373;4.602;-9.308;688.701;0.0955;-0.1802;-0.0085;1.995;-0.563
6375;6.374;13.012;-8.072;714.889;0.28;-0.1637;0.004;-7.237;-3.759
6376;6.375;9.744;-7.213;702.81;0.172;-0.1315;0.0044;-1.052;1.762
6377;6.376;9.937;-7.015;694.006;0.1887;-0.1376;-0.0027;3.125;-2.0
6378;6.377;5.603;-11.714;711.155;0.1155;-0.233;0.0035;-5.814;-2.904
6379;6.378;7.216;-10.216;694.928;0.1388;-0.1965;0.0032;-5.532;-3.68
6380;6.379;6.677;-7.294;714.699;0.138;-0.1423;0.0128;6.528;10.302
6381;6.38;5.477;-10.488;707.802;0.1222;-0.1946;0.0054;3.138;10.233
6382;6.381;6.604;-11.018;707.534;0.1344;-0.2151;0.0049;-8.792;3.369
6383;6.382;4.496;-11.536;715.928;0.0966;-0.2123;0.0046;-6.093;1.44
6384;6.383;7.951;-12.858;720.981;0.1524;-0.2504;0.0054;-3.943;1.909
6385;6.384;5.006;-8.978;695.569;0.0954;-0.1848;-0.0072;-4.348;0.574
6386;6.385;6.617;-13.613;727.978;0.1323;-0.2593;-0.0013;4.59;7.579
6387;6.386;6.056;-11.488;700.467;0.1243;-0.2291;-0.0018;6.008;1.492
6388;6.387;7.521;-12.495;701.557;0.1504;-0.2672;-0.0029;2.059;-2.351
6389;6.388;7.599;-7.832;699.847;0.1382;-0.1617;0.0001;2.671;4.139
6390;6.389;5.627;-11.424;703.182;0.1142;-0.2342;-0.0002;-4.125;-5.069
6391;6.39;6.418;-7.94;710.183;0.131;-0.1512;0.0053;-0.779;4.316
6392;6.391;8.307;-9.752;710.391;0.1701;-0.1968;-0.0044;-1.209;-2.675
6393;6.392;9.722;-7.823;709.686;0.1875;-0.1536;-0.0047;-5.221;-2.661
6394;6.393;11.377;-10.188;707.137;0.2308;-0.1985;0.0015;-1.131;7.662
6395;6.394;6.651;-7.378;717.223;0.1247;-0.1385;-0.0007;-4.505;-2.491
6396;6.395;7.335;-6.881;721.984;0.1568;-0.12;-0.001;-6.875;0.489
6397;6.396;7.227;-10.388;719.354;0.1391;-0.2211;0.0094;-0.609;0.967
6398;6.397;9.397;-4.594;718.19;0.1806;-0.099;-0.0035;-12.245;-2.796
6399;6.398;12.121;-9.196;714.675;0.2606;-0.188;0.0014;0.12;5.319
6400;6.399;6.712;-7.24;721.545;0.1454;-0.1322;-0.0044;-0.573;-0.444
6401;6.4;14.434;-7.872;727.375;0.2778;-0.1592;0.0015;-0.932;7.23
6402;6.401;8.932;-7.42;704.205;0.1749;-0.1557;-0.0066;7.629;2.873
6403;6.402;12.593;-10.892;713.038;0.2519;-0.2035;-0.0033;0.711;1.799
6404;6.403;9.125;-11.546;711.441;0.1947;-0.2425;0.0036;3.034;-9.717
6405;6.404;6.814;-10.18;715.993;0.1411;-0.194;-0.0027;-2.803;-2.905
6406;6.405;11.129;-7.516;703.825;0.2081;-0.1506;-0.0062;1.113;5.171
6407;6.406;8.92;-13.232;714.601;0.1869;-0.2657;0.0015;-5.635;-1.976
6408;6.407;4.218;-10.52;708.16;0.0763;-0.1945;0.0093;-2.23;0.376
6409;6.408;10.322;-11.929;721.558;0.2071;-0.2463;0.004;-1.74;3.187
6410;6.409;4.121;-9.175;718.555;0.0694;-0.1791;0.0053;4.831;-1.112
6411;6.41;7.031;-9.667;700.65;0.1385;-0.1816;0.0006;2.018;-4.681
6412;6.411;7.821;-10.688;704.319;0.1721;-0.2072;0.01;-1.109;-2.946
6413;6.412;12.476;-8.859;735.142;0.2601;-0.1884;-0.0097;-2.852;-2.413
6414;6.413;7.791;-7.877;710.948;0.1584;-0.1696;0.0082;-2.276;2.938
6415;6.414;10.265;-9.517;706.939;0.2075;-0.176;0.0025;-0.69;1.547
6416;6.415;6.646;-7.385;705.732;0.1396;-0.1378;0.0037;1.271;0.027
6417;6.416;11.428;-12.871;720.905;0.2532;-0.2671;0.0015;1.282;-7.658
6418;6.417;10.268;-9.021;717.262;0.2071;-0.1768;-0.0068;0.07;-6.208
6419;6.418;12.116;-6.747;706.732;0.253;-0.1265;0.0008;3.547;10.789
6420;6.419;10.0;-9.582;716.466;0.2008;-0.1921;-0.0075;3.834;1.056
6421;6.42;6.39;-12.508;696.939;0.1209;-0.2581;0.0032;-10.082;-6.092
6422;6.421;7.091;-8.846;706.694;0.1327;-0.1712;-0.0008;-3.358;-7.095
6423;6.422;13.378;-8.539;692.952;0.2716;-0.1993;-0.0035;2.718;4.263
6424;6.423;10.495;-9.58;712.286;0.2083;-0.1921;0.0;-1.921;-3.484
6425;6.424;8.501;-8.17;705.821;0.1818;-0.1614;0.0049;-2.408;3.273
6426;6.425;10.688;-12.483;682.446;0.2105;-0.2502;-0.0127;3.639;1.057
6427;6.426;7.927;-6.569;701.778;0.1605;-0.1442;0.0016;-4.756;6.315
6428;6.427;5.562;-8.382;706.147;0.1307;-0.1756;-0.0027;0.184;-7.734
6429;6.428;8.737;-6.73;705.447;0.1784;-0.1375;-0.0042;-0.331;-3.245
6430;6.429;5.513;-9.821;697.114;0.0957;-0.1943;0.004;3.671;1.0
6431;6.43;7.372;-5.961;700.943;0.1406;-0.1076;-0.0043;6.283;6.965
6432;6.431;13.915;-10.291;712.928;0.2744;-0.196;-0.0019;-2.737;8.865
6433;6.432;5.485;-11.354;697.058;0.1164;-0.2224;-0.001;4.068;3.045
6434;6.433;12.3;-4.829;698.142;0.2525;-0.1029;-0.0134;-3.543;-0.303
6435;6.434;6.438;-9.333;691.014;0.1172;-0.1832;-0.0018;1.959;-8.429
6436;6.435;10.582;-6.884;703.539;0.2184;-0.1392;0.0027;-10.96;5.752
6437;6.436;8.98;-9.76;690.304;0.1977;-0.1916;-0.0;1.297;-1.03
6438;6.437;9.626;-9.496;667.551;0.1871;-0.2002;0.0007;1.035;4.841
6439;6.438;7.483;-2.325;686.557;0.1451;-0.0347;0.0032;-3.696;-3.643
6440;6.439;12.015;-10.612;694.799;0.2455;-0.2201;-0.0024;1.752;-2.409
6441;6.44;9.434;-9.346;686.863;0.1953;-0.2061;-0.0035;4.968;2.469
6442;6.441;7.78;-7.838;677.192;0.1578;-0.1435;-0.0068;7.201;4.48
6443;6.442;9.286;-7.322;681.381;0.1836;-0.1487;0.0057;-0.033;-2.656
6444;6.443;7.783;-13.864;676.573;0.142;-0.28;0.0025;4.567;7.259
6445;6.444;12.393;-9.38;679.575;0.246;-0.1999;-0.0005;1.546;-9.934
6446;6.445;10.989;-8.605;665.921;0.2163;-0.1675;-0.0011;-0.921;-5.557
6447;6.446;9.791;-5.825;678.508;0.2108;-0.1174;0.0011;3.826;6.847
6448;6.447;9.393;-9.815;683.423;0.1684;-0.1936;0.0001;2.066;1.391
6449;6.448;13.34;-5.765;676.837;0.2632;-0.106;0.0045;-0.876;2.237
6450;6.449;11.461;-11.01;658.022;0.2343;-0.2132;0.0001;-4.092;0.935
6451;6.45;8.379;-7.922;659.922;0.1636;-0.1643;-0.0079;3.116;-10.835
6452;6.451;13.496;-9.316;666.467;0.2588;-0.1936;-0.0032;0.601;3.946
6453;6.452;11.42;-9.038;676.304;0.2147;-0.1801;0.006;-0.572;-1.06
6454;6.453;9.951;-8.286;664.407;0.2027;-0.19;-0.0084;-3.453;2.464
6455;6.454;8.256;-8.129;663.404;0.1785;-0.17;-0.0032;0.482;-2.882
6456;6.455;13.324;-7.439;675.793;0.2941;-0.1532;-0.0038;3.421;2.02
6457;6.456;11.512;-8.483;661.984;0.2269;-0.1927;0.0016;4.914;-0.817
6458;6.457;8.8;-9.952;661.343;0.165;-0.1875;-0.0042;-10.457;8.165
6459;6.458;10.669;-10.06;666.384;0.2149;-0.2065;0.0131;-3.646;8.213
6460;6.459;10.803;-5.329;660.508;0.2261;-0.113;-0.0016;3.893;-1.239
6461;6.46;7.714;-5.45;677.345;0.1623;-0.0919;0.0083;-2.933;6.936
6462;6.461;13.275;-12.971;668.938;0.262;-0.2545;0.0063;1.576;2.791
6463;6.462;13.489;-9.255;664.127;0.2874;-0.1854;0.0039;1.05;4.517
6464;6.463;13.95;-10.269;640.879;0.2716;-0.1918;0.0032;-8.58;-8.179
6465;6.464;12.011;-9.784;674.648;0.2416;-0.1929;0.0001;-5.336;-6.841
6466;6.465;11.543;-6.847;680.512;0.2281;-0.1542;-0.0063;5.099;10.869
6467;6.466;10.239;-8.536;659.105;0.2088;-0.1923;-0.0075;4.05;-0.428
6468;6.467;5.73;-7.819;659.989;0.1119;-0.1547;-0.0075;10.401;-1.093
6469;6.468;8.283;-7.735;666.042;0.1473;-0.1639;0.0028;1.754;-0.845
6470;6.469;10.754;-6.779;669.482;0.2263;-0.1324;-0.0064;-5.617;-6.326
6471;6.47;15.923;-8.066;660.359;0.3348;-0.166;0.005;-6.117;0.403
6472;6.471;7.117;-7.1;665.319;0.1616;-0.1294;0.006;3.884;1.112
6473;6.472;8.615;-6.636;661.111;0.1598;-0.1393;0.0006;2.418;-3.344
6474;6.473;12.272;-9.026;660.278;0.256;-0.182;-0.0125;7.347;-8.785
6475;6.474;10.79;-7.027;655.516;0.2206;-0.1374;-0.0034;-1.935;-6.582
6476;6.475;9.821;-6.057;661.716;0.1899;-0.1098;0.0051;0.948;5.879
6477;6.476;15.038;-10.001;652.35;0.3086;-0.1957;0.0048;-1.329;-2.665
6478;6.477;6.841;-9.057;662.762;0.1479;-0.1627;-0.001;1.89;-3.827
6479;6.478;12.24;-7.493;652.428;0.2366;-0.1409;0.0002;-4.605;0.996
6480;6.479;8.957;-3.66;674.428;0.1755;-0.0764;-0.0027;11.506;1.861
6481;6.48;11.89;-4.673;666.784;0.227;-0.0946;0.0037;-5.236;-9.019
6482;6.481;12.439;-7.544;660.219;0.2507;-0.1509;0.0084;-2.538;2.942
6483;6.482;12.615;-5.114;670.264;0.2515;-0.1047;-0.0017;-2.253;-3.022
6484;6.483;9.648;-5.88;663.338;0.1938;-0.0968;-0.001;-3.56;10.979
6485;6.484;12.06;-5.431;661.489;0.2597;-0.1169;-0.003;1.694;0.675
6486;6.485;13.628;-5.112;673.717;0.2646;-0.0959;0.0018;-7.267;2.944
6487;6.486;9.457;-8.349;667.361;0.1938;-0.1696;-0.0072;-1.479;0.909
6488;6.487;7.371;-7.311;666.343;0.1396;-0.13;-0.0027;-0.781;2.302
6489;6.488;11.152;-8.758;670.172;0.2218;-0.1771;-0.0077;-14.191;1.467
6490;6.489;14.274;-7.043;671.289;0.2804;-0.1465;-0.0005;3.88;-7.639
6491;6.49;13.71;-2.991;666.361;0.269;-0.0608;0.0006;-7.314;13.434
6492;6.491;6.632;-8.202;672.535;0.1433;-0.1495;0.0042;0.31;-4.647
6493;6.492;12.598;-0.931;660.764;0.2613;-0.0142;-0.0052;4.622;1.956
6494;6.493;12.144;-4.621;678.08;0.2576;-0.1112;-0.0007;8.741;7.761
6495;6.494;10.734;-10.253;686.509;0.2188;-0.1945;0.0044;-1.514;-1.55
6496;6.495;9.339;-7.311;680.436;0.1901;-0.1376;0.0038;-12.5;-8.802
6497;6.496;10.997;-7.015;687.36;0.2034;-0.1292;0.0057;4.646;-5.694
6498;6.497;10.599;-3.847;661.021;0.2318;-0.0864;0.0064;-4.92;-6.458
6499;6.498;11.007;-9.089;693.37;0.2376;-0.1799;-0.001;-3.044;-7.842
6500;6.499;11.45;-7.028;671.403;0.2131;-0.1465;-0.0004;2.509;5.212
6501;6.5;7.348;-2.696;686.461;0.1529;-0.0586;0.0008;0.17;-0.165
6502;6.501;12.363;-10.142;686.214;0.2432;-0.206;-0.001;-7.426;2.677
6503;6.502;11.143;-6.671;668.773;0.2142;-0.1286;-0.0006;-13.357;3.777
6504;6.503;10.459;-7.267;680.332;0.232;-0.1462;0.0035;0.675;7.552
6505;6.504;12.757;-5.751;689.444;0.255;-0.0981;0.0052;-4.072;-1.228
6506;6.505;8.893;-6.463;675.796;0.1851;-0.1269;0.0029;-3.617;1.027
6507;6.506;13.163;-6.03;692.565;0.2761;-0.1473;0.0093;0.32;-5.726
6508;6.507;10.53;-3.224;690.707;0.2017;-0.0341;0.0069;-1.663;-7.301
6509;6.508;11.279;-7.936;689.272;0.2249;-0.1507;-0.0085;-0.322;-13.834
6510;6.509;8.581;-3.19;702.351;0.1714;-0.061;-0.0067;-2.354;-3.431
6511;6.51;8.931;-5.144;696.412;0.172;-0.113;-0.0034;10.162;1.008
6512;6.511;13.768;-7.331;703.402;0.2749;-0.1569;0.0037;1.061;5.637
6513;6.512;14.193;-6.134;677.684;0.2768;-0.1345;-0.001;-5.041;0.003
6514;6.513;11.278;-5.842;711.607;0.2231;-0.1209;0.0006;3.349;-4.132
6515;6.514;13.791;-7.818;705.969;0.288;-0.1635;-0.004;-4.779;1.094
6516;6.515;9.664;-8.61;679.559;0.1977;-0.181;0.0043;6.366;1.95
6517;6.516;9.07;-4.983;716.286;0.1817;-0.0763;0.0052;3.332;-8.647
6518;6.517;12.433;-6.635;694.816;0.2466;-0.1232;-0.0029;-4.229;3.37
6519;6.518;9.977;-5.977;702.348;0.2067;-0.1152;0.0045;2.093;0.138
6520;6.519;9.829;-2.087;695.509;0.1977;-0.0212;0.0075;-2.056;1.146
6521;6.52;13.068;-7.973;714.08;0.2515;-0.1506;-0.0041;-1.178;-8.489
6522;6.521;10.249;-1.066;692.664;0.213;-0.0121;-0.0035;1.404;-4.079
6523;6.522;14.586;-3.264;690.863;0.2936;-0.0569;0.0023;-0.339;1.232
6524;6.523;15.589;-4.73;704.545;0.3084;-0.0932;-0.0054;-0.296;-3.079
6525;6.524;8.57;-5.965;704.75;0.1683;-0.1146;0.0029;3.352;-5.153
6526;6.525;15.282;-5.099;697.317;0.3033;-0.1132;-0.0034;-4.85;7.256
6527;6.526;14.65;-4.024;694.838;0.2934;-0.0876;0.0006;0.613;0.02
6528;6.527;11.947;-3.826;704.514;0.2359;-0.0633;0.0045;-2.845;-2.751
6529;6.528;9.457;-4.412;691.003;0.1989;-0.1021;0.0084;-0.125;5.777
6530;6.529;13.088;-2.961;701.564;0.2635;-0.0599;-0.0003;0.789;2.519
6531;6.53;10.191;-3.936;708.772;0.2143;-0.0819;-0.005;2.563;3.13
6532;6.531;12.555;-3.289;710.262;0.2451;-0.054;0.0044;1.7;-1.192
6533;6.532;8.247;-3.502;712.344;0.1717;-0.0687;0.001;-0.823;6.74
6534;6.533;9.399;-2.441;700.313;0.1798;-0.045;-0.0016;-5.334;7.518
6535;6.534;8.853;-4.875;711.226;0.1774;-0.1105;-0.0055;-0.793;7.281
6536;6.535;9.765;-7.458;693.27;0.1982;-0.1502;-0.002;-0.146;0.126
6537;6.536;13.317;-3.881;711.54;0.2652;-0.0712;0.0068;0.409;-8.069
6538;6.537;10.13;-4.127;706.251;0.201;-0.0917;0.0105;-8.513;9.392
6539;6.538;15.189;-5.02;707.218;0.3018;-0.1175;0.0014;1.326;3.237
6540;6.539;12.37;-7.895;695.094;0.2543;-0.1562;-0.0011;-0.356;-3.143
6541;6.54;11.657;-4.323;704.513;0.234;-0.0819;0.0027;8.109;10.539
6542;6.541;8.153;-3.372;698.198;0.146;-0.082;-0.0083;-0.044;4.468
6543;6.542;10.61;-1.128;706.976;0.2115;-0.0261;-0.0127;2.724;7.121
6544;6.543;9.443;-4.596;703.537;0.199;-0.1025;-0.0074;6.952;2.321
6545;6.544;14.187;-4.111;700.493;0.288;-0.0671;0.0024;-13.233;1.008
6546;6.545;12.81;-3.298;706.825;0.2554;-0.0492;-0.004;-9.446;4.384
6547;6.546;9.946;-5.696;706.113;0.2095;-0.1179;-0.0056;-4.904;-1.183
6548;6.547;15.971;-3.162;695.213;0.3256;-0.0531;0.0033;4.337;-2.198
6549;6.548;10.803;-0.045;694.717;0.2149;-0.0164;0.0071;-2.882;-2.529
6550;6.549;14.848;1.561;694.032;0.291;0.0372;-0.0075;2.057;-4.855
6551;6.55;13.499;-4.156;703.9;0.2661;-0.0678;-0.0084;7.76;-0.544
6552;6.551;14.088;-5.495;694.917;0.269;-0.0999;0.0021;3.681;3.397
6553;6.552;6.696;-3.525;686.822;0.1317;-0.0721;-0.0033;-1.651;-5.541
6554;6.553;14.324;-0.608;698.481;0.2532;-0.0235;-0.0002;-2.456;-0.113
6555;6.554;9.753;-3.613;700.643;0.2025;-0.0653;-0.0072;-2.291;6.788
6556;6.555;12.616;-1.83;688.646;0.2417;-0.0224;0.0013;0.521;0.406
6557;6.556;14.209;-0.329;696.752;0.2765;0.0148;0.0074;-8.295;2.456
6558;6.557;12.485;-7.161;697.803;0.2494;-0.1199;0.0016;2.574;-2.206
6559;6.558;9.081;-2.564;691.505;0.1816;-0.041;0.006;0.414;15.555
6560;6.559;12.49;-1.118;678.622;0.2554;-0.0192;-0.0102;4.686;-3.118
6561;6.56;11.886;-1.017;699.417;0.2279;-0.0154;-0.0102;10.479;-7.388
6562;6.561;13.546;-0.413;694.291;0.2794;-0.0199;0.0008;7.372;1.643
6563;6.562;12.907;-3.081;672.823;0.2487;-0.066;-0.0015;-6.272;-9.933
6564;6.563;6.966;-1.156;678.63;0.131;-0.0379;0.0051;-1.685;-1.562
6565;6.564;9.76;-6.444;691.741;0.1955;-0.1266;-0.0006;-3.157;-7.198
6566;6.565;14.962;-2.281;684.184;0.2907;-0.0309;-0.0016;6.188;3.235
6567;6.566;12.812;0.375;697.481;0.255;-0.001;0.0015;-3.392;-6.867
6568;6.567;11.636;-1.607;678.032;0.236;-0.0103;0.0039;-5.951;3.718
6569;6.568;10.738;1.069;683.571;0.2317;0.0175;0.0038;-4.912;3.059
6570;6.569;11.036;-2.255;680.622;0.2338;-0.0532;-0.0023;-3.8;-7.456
6571;6.57;10.584;0.019;671.59;0.2157;0.005;-0.0045;15.069;5.694
6572;6.571;14.223;-4.566;669.212;0.2799;-0.1037;0.0019;7.085;-0.896
6573;6.572;16.267;-4.119;673.457;0.3208;-0.088;-0.008;1.642;-0.329
6574;6.573;14.118;2.614;668.549;0.2982;0.0572;0.002;1.464;2.718
6575;6.574;13.188;0.524;688.716;0.2517;0.0108;0.0068;5.536;1.331
6576;6.575;15.36;1.287;673.356;0.3079;0.0301;0.0019;7.362;-3.464
6577;6.576;12.808;-3.218;667.809;0.2594;-0.0421;-0.0078;-7.475;-4.52
6578;6.577;9.972;-4.161;680.693;0.2175;-0.0672;0.0012;-3.964;2.246
6579;6.578;12.559;-0.491;679.305;0.2555;-0.0199;0.0004;2.885;-2.277
6580;6.579;14.878;-1.518;686.057;0.2914;-0.0468;-0.0008;1.057;-0.112
6581;6.58;11.907;-3.401;679.343;0.2232;-0.0776;-0.0038;-0.337;1.901
6582;6.581;9.948;-1.101;667.16;0.2043;-0.0205;-0.0037;10.994;6.013
6583;6.582;11.46;1.675;674.677;0.23;0.0476;0.0;2.49;2.673
6584;6.583;13.376;-3.752;675.523;0.2597;-0.0899;0.006;4.609;-1.162
6585;6.584;16.269;-3.672;677.019;0.3168;-0.0824;0.0041;6.932;2.792
6586;6.585;6.061;-1.093;690.191;0.1025;-0.0177;-0.0066;4.185;-1.361
6587;6.586;11.6;-4.168;673.683;0.2284;-0.0871;-0.005;-4.282;1.361
6588;6.587;9.193;3.422;689.985;0.1799;0.0607;-0.0056;1.923;-7.34
6589;6.588;16.428;-5.793;669.087;0.3268;-0.1279;0.0001;1.262;0.412
6590;6.589;8.051;0.045;673.853;0.167;-0.0153;-0.0004;-1.713;-3.758
6591;6.59;12.033;-1.638;666.487;0.2423;-0.0372;-0.0011;-10.78;1.133
6592;6.591;15.877;0.569;671.629;0.3178;0.0011;-0.0033;-4.833;-8.374
6593;6.592;13.433;1.651;672.276;0.2455;0.0355;0.0061;4.538;-3.404
6594;6.593;9.374;-1.61;686.838;0.1747;-0.0437;0.0031;-7.691;2.883
6595;6.594;12.412;-6.053;670.858;0.2526;-0.1333;-0.0163;0.536;-0.486
6596;6.595;13.123;2.748;679.116;0.2549;0.0533;-0.0027;-9.303;7.43
6597;6.596;12.28;-3.287;657.663;0.2459;-0.0657;-0.0036;-4.884;-1.246
6598;6.597;11.957;-0.218;678.611;0.236;0.0005;-0.0033;-6.733;-2.077
6599;6.598;7.526;-5.662;659.514;0.1466;-0.1176;-0.0016;-1.447;3.877
6600;6.599;10.055;2.998;668.378;0.2058;0.0707;0.0095;-1.047;5.015
6601;6.6;17.176;-1.815;689.001;0.3406;-0.0247;-0.006;-11.751;4.918
6602;6.601;8.45;-1.253;671.89;0.1543;-0.0344;-0.0108;-7.196;2.776
6603;6.602;11.469;-2.625;688.666;0.2284;-0.051;-0.0053;-1.569;-1.855
6604;6.603;11.071;0.195;676.423;0.2343;0.0104;-0.0074;11.608;-4.799
6605;6.604;12.052;0.394;687.589;0.2279;0.0169;-0.0058;8.106;-1.174
6606;6.605;14.517;-3.623;674.117;0.2749;-0.0739;-0.0024;-6.599;-6.292
6607;6.606;16.702;4.134;675.17;0.3406;0.0735;-0.0027;-2.777;3.488
6608;6.607;11.225;1.447;686.97;0.2231;0.0416;0.0028;-11.565;6.737
6609;6.608;11.03;-1.315;681.761;0.2171;-0.0132;-0.0053;3.135;-6.849
6610;6.609;11.886;1.807;668.047;0.232;0.0279;0.0035;9.877;2.238
6611;6.61;14.612;-1.502;688.13;0.293;-0.0146;-0.0026;1.884;-9.565
6612;6.611;12.919;3.33;685.802;0.2471;0.0599;-0.0081;-2.173;3.814
6613;6.612;12.901;2.908;698.356;0.2469;0.0509;-0.0004;0.738;-6.083
6614;6.613;9.632;0.59;695.053;0.1883;0.0133;-0.0003;4.021;0.518
6615;6.614;12.146;1.708;694.395;0.2437;0.0439;0.0032;0.571;2.482
6616;6.615;9.624;2.607;684.492;0.1814;0.0401;0.0006;-2.678;6.481
6617;6.616;7.955;-2.458;687.156;0.1634;-0.0442;-0.0004;4.676;0.922
6618;6.617;9.899;1.937;693.707;0.2002;0.0491;0.006;-0.71;0.204
6619;6.618;11.101;-0.719;706.318;0.2304;-0.0191;0.0015;2.57;0.698
6620;6.619;12.471;0.033;691.951;0.2434;-0.0032;-0.0011;0.798;3.264
6621;6.62;12.613;0.65;697.321;0.2339;-0.0029;0.001;5.099;-2.816
6622;6.621;7.02;2.381;697.529;0.1519;0.0369;-0.0043;2.605;2.891
6623;6.622;13.319;2.962;705.887;0.2708;0.0411;0.002;0.996;13.562
6624;6.623;7.912;2.839;719.877;0.1544;0.0343;-0.0014;-8.642;-0.748
6625;6.624;13.123;1.683;729.891;0.2587;0.0346;-0.0031;4.164;1.327
6626;6.625;11.071;4.943;700.406;0.2294;0.1008;0.0007;1.671;-4.569
6627;6.626;10.023;2.686;702.188;0.2005;0.0528;0.0063;3.85;7.591
6628;6.627;13.765;1.308;698.077;0.2673;0.0315;0.0016;1.935;-1.636
6629;6.628;9.988;0.491;704.893;0.1959;0.0193;-0.0025;3.869;2.166
6630;6.629;10.255;2.593;721.093;0.1901;0.0518;0.0047;-1.215;7.109
6631;6.63;12.662;4.796;718.126;0.261;0.0721;-0.0029;-7.353;-6.054
6632;6.631;6.987;6.105;704.315;0.1417;0.1196;-0.0032;3.862;-15.115
6633;6.632;16.409;6.385;706.377;0.3334;0.1312;-0.0006;-2.672;0.201
6634;6.633;11.61;4.128;719.238;0.2477;0.1033;-0.0016;-2.251;0.713
6635;6.634;11.574;1.321;711.346;0.2378;0.0561;0.0009;4.441;-2.76
6636;6.635;6.747;2.706;710.794;0.1194;0.0618;-0.0012;-1.046;7.111
6637;6.636;8.314;1.311;717.648;0.1842;0.0108;0.001;2.439;3.872
6638;6.637;15.294;0.812;713.534;0.3026;0.0241;0.0019;4.4;-3.381
6639;6.638;11.589;0.578;718.396;0.2272;0.0126;0.0001;0.245;3.477
6640;6.639;9.477;1.809;719.302;0.2005;0.0608;0.0037;3.789;4.038
6641;6.64;11.415;-2.398;721.65;0.223;-0.0419;0.002;-1.524;5.575
6642;6.641;15.715;5.423;724.45;0.3064;0.1258;0.0016;3.833;-7.97
6643;6.642;9.62;4.325;724.614;0.2112;0.0733;-0.0015;-4.346;5.358
6644;6.643;11.632;2.103;722.293;0.2322;0.0375;0.0066;-0.646;-0.261
6645;6.644;11.652;3.574;719.81;0.2548;0.069;-0.001;5.995;0.945
6646;6.645;12.372;-3.121;731.036;0.2312;-0.0714;0.0012;-10.921;1.018
6647;6.646;6.647;3.263;723.876;0.1399;0.0504;-0.0088;-3.654;-3.077
6648;6.647;10.797;2.124;739.038;0.2187;0.0307;0.0081;2.944;14.578
6649;6.648;9.189;1.728;745.401;0.1938;0.0373;-0.0011;-5.731;4.229
6650;6.649;11.76;0.516;731.098;0.2568;0.0089;0.0001;0.613;-13.106
6651;6.65;13.684;4.376;734.427;0.2888;0.0861;-0.0072;-3.761;-1.79
6652;6.651;11.07;-4.063;736.269;0.2326;-0.0739;0.0035;7.031;1.63
6653;6.652;13.62;2.635;738.464;0.2683;0.0363;-0.0065;-1.139;0.268
6654;6.653;11.355;2.832;742.914;0.2172;0.0643;-0.0011;2.297;1.36
6655;6.654;11.895;5.269;729.99;0.2567;0.0995;-0.0057;1.247;3.295
6656;6.655;6.95;3.285;745.042;0.1391;0.0576;0.0109;-1.079;4.656
6657;6.656;6.56;8.149;727.537;0.1208;0.161;-0.0017;-6.439;-9.333
6658;6.657;10.317;7.788;727.23;0.2007;0.1514;0.0031;-1.581;1.78
6659;6.658;7.798;9.206;721.373;0.1671;0.1926;0.0073;-3.673;5.022
6660;6.659;8.536;3.338;740.908;0.1632;0.053;0.0057;-4.059;-1.026
6661;6.66;8.178;2.505;741.706;0.158;0.0466;0.0042;-5.253;-7.668
6662;6.661;10.395;2.571;742.585;0.2073;0.0647;-0.0021;3.707;4.191
6663;6.662;6.956;6.995;753.15;0.1338;0.1341;-0.0009;1.284;6.471
6664;6.663;11.564;7.979;752.821;0.2531;0.1589;0.0003;-0.374;1.111
6665;6.664;15.429;3.143;737.605;0.3012;0.0567;0.0016;-2.783;-5.452
6666;6.665;11.88;5.938;733.206;0.2427;0.1267;0.0043;-5.526;-11.61
6667;6.666;9.241;9.188;743.185;0.1734;0.19;0.0053;4.273;-2.781
6668;6.667;9.6;3.538;746.6;0.195;0.0689;0.0007;1.583;-3.449
6669;6.668;12.398;4.891;733.241;0.2358;0.12;-0.0026;3.168;8.477
6670;6.669;14.238;1.958;741.926;0.275;0.0388;-0.0049;4.119;-4.686
6671;6.67;9.349;5.151;726.433;0.1822;0.1032;0.0017;-3.888;-1.39
6672;6.671;9.269;5.676;742.505;0.2104;0.1065;0.0055;9.392;7.23
6673;6.672;11.499;5.493;718.751;0.2181;0.1;0.0063;-4.398;3.407
6674;6.673;8.075;6.886;728.729;0.1654;0.1435;-0.0018;0.083;4.989
6675;6.674;10.299;1.18;733.777;0.2126;0.0118;-0.0043;5.328;-11.19
6676;6.675;14.646;0.525;739.212;0.2997;0.0274;0.0046;0.19;-5.065
6677;6.676;12.632;-1.025;719.753;0.2551;-0.0336;0.0019;-0.127;6.307
6678;6.677;11.461;7.893;736.647;0.2299;0.1239;0.0058;-2.626;1.177
6679;6.678;10.615;3.27;732.167;0.2055;0.0585;0.001;-4.882;2.971
6680;6.679;4.931;1.512;744.276;0.0952;0.0382;-0.0036;-3.857;-0.569
6681;6.68;7.931;8.523;750.361;0.1686;0.1671;0.0027;9.364;-0.074
6682;6.681;8.498;6.886;733.466;0.1457;0.1409;-0.0036;4.319;-1.416
6683;6.682;12.476;3.748;730.815;0.2427;0.0785;0.0058;-14.447;9.356
6684;6.683;10.276;4.922;723.087;0.1987;0.0875;-0.0059;8.894;-2.065
6685;6.684;9.178;1.032;718.749;0.1853;0.0322;0.0029;-5.738;2.998
6686;6.685;6.075;5.517;727.297;0.1207;0.11;-0.0018;-3.994;-0.096
6687;6.686;13.557;7.449;718.181;0.2795;0.1475;-0.0033;-6.052;-7.399
6688;6.687;10.396;5.882;725.345;0.2189;0.1256;-0.0068;-1.404;-1.639
6689;6.688;7.725;11.866;721.094;0.1495;0.2406;0.0025;5.956;0.125
6690;6.689;7.72;-0.164;735.494;0.1495;0.0104;-0.0058;-6.277;-2.63
6691;6.69;7.273;3.354;726.179;0.1403;0.0723;0.0087;-9.26;1.454
6692;6.691;11.676;5.434;721.881;0.2238;0.0977;-0.0004;3.247;-3.537
6693;6.692;11.377;6.834;725.018;0.2226;0.1324;-0.0016;8.739;-2.836
6694;6.693;9.669;3.504;727.337;0.1846;0.0551;-0.0064;-4.234;3.667
6695;6.694;8.388;4.92;719.106;0.1605;0.0782;0.0089;-3.045;0.361
6696;6.695;8.042;5.303;721.141;0.1585;0.1151;-0.0024;-1.42;7.531
6697;6.696;13.655;8.312;719.465;0.2651;0.1705;-0.0034;4.783;1.176
6698;6.697;9.643;2.067;730.28;0.2098;0.0444;0.0009;-2.217;-2.44
6699;6.698;15.416;5.07;720.456;0.298;0.0997;-0.0031;6.652;-6.873
6700;6.699;9.124;4.046;736.048;0.1883;0.086;0.0026;-8.034;-6.247
6701;6.7;5.32;5.12;736.583;0.0855;0.0878;-0.009;0.759;0.207
6702;6.701;10.627;5.54;717.802;0.2025;0.1186;-0.0081;0.158;-6.377
6703;6.702;9.599;4.497;719.288;0.1928;0.0945;-0.0011;-1.031;-6.126
6704;6.703;9.276;6.788;716.025;0.164;0.1386;0.006;2.589;5.461
6705;6.704;12.8;3.804;721.554;0.2478;0.0814;0.0036;-1.672;-4.869
6706;6.705;11.472;6.14;725.685;0.2358;0.1151;0.0002;4.062;4.725
6707;6.706;8.854;4.185;723.28;0.2065;0.086;-0.0019;4.977;2.966
6708;6.707;9.767;8.892;718.391;0.1748;0.1717;-0.0003;-1.725;5.906
6709;6.708;10.452;5.878;727.578;0.1985;0.114;-0.0029;-5.397;0.383
6710;6.709;9.624;5.687;710.871;0.1798;0.121;-0.0089;0.26;1.856
6711;6.71;9.455;5.925;723.993;0.1959;0.1191;0.0016;14.549;-9.659
6712;6.711;7.496;4.628;730.045;0.1403;0.095;-0.0075;10.608;8.647
6713;6.712;10.371;3.561;717.245;0.2147;0.0632;0.0148;-2.812;-4.33
6714;6.713;8.381;9.465;710.512;0.1592;0.1916;0.0026;-5.161;-7.201
6715;6.714;11.765;2.555;703.883;0.2427;0.0574;-0.0067;-5.463;1.921
6716;6.715;12.471;9.563;714.933;0.2278;0.206;0.0045;-5.03;10.976
6717;6.716;7.232;8.265;713.035;0.143;0.1869;0.0021;-7.384;0.251
6718;6.717;9.207;4.037;723.224;0.1958;0.0803;0.0022;-0.254;5.682
6719;6.718;10.898;3.321;717.525;0.2273;0.0624;-0.0052;4.209;-7.169
6720;6.719;8.121;5.74;725.009;0.166;0.1038;-0.0065;4.067;0.286
6721;6.72;9.364;5.897;720.0;0.1869;0.1081;0.0127;-0.423;1.707
6722;6.721;9.973;6.514;726.043;0.21;0.1328;0.0011;2.256;-5.684
6723;6.722;5.222;8.52;718.445;0.0924;0.1659;0.0084;-7.599;6.815
6724;6.723;8.217;3.116;712.939;0.166;0.0633;-0.0014;-7.518;2.1
6725;6.724;7.635;5.409;718.891;0.1626;0.1175;0.0095;-1.408;-6.387
6726;6.725;10.08;8.06;724.105;0.2138;0.1559;-0.0062;-5.746;3.173
6727;6.726;7.151;8.05;725.523;0.158;0.1723;-0.0006;8.171;4.797
6728;6.727;7.052;8.441;728.968;0.1475;0.1832;0.0063;-8.951;0.871
6729;6.728;7.461;5.414;715.299;0.1504;0.0803;0.0019;-2.445;-0.656
6730;6.729;9.015;7.627;740.098;0.1985;0.1499;0.0034;-7.733;-4.508
6731;6.73;7.343;4.999;725.978;0.1513;0.0917;-0.0015;9.987;1.181
6732;6.731;12.167;11.084;727.126;0.2284;0.2229;-0.0012;5.215;10.468
6733;6.732;7.947;8.203;725.057;0.1594;0.1624;0.0043;6.831;-2.496
6734;6.733;4.839;12.711;720.692;0.1118;0.2598;-0.0018;2.841;0.861
6735;6.734;7.588;9.544;746.108;0.145;0.1782;-0.002;-7.894;11.266
6736;6.735;5.568;9.28;729.011;0.0937;0.2011;-0.0032;4.721;-3.383
6737;6.736;10.065;7.693;719.003;0.1945;0.1474;-0.0031;0.859;-2.821
6738;6.737;8.653;8.235;729.342;0.1743;0.1592;-0.0023;-6.518;10.548
6739;6.738;7.721;8.851;738.124;0.142;0.1873;0.0039;-5.133;-2.019
6740;6.739;5.516;10.621;724.394;0.1228;0.205;0.0026;6.05;-3.623
6741;6.74;6.367;6.753;734.562;0.1287;0.1406;-0.0044;6.368;-2.556
6742;6.741;7.235;10.407;733.914;0.1475;0.1979;0.0028;-10.853;-3.188
6743;6.742;6.206;10.618;726.383;0.1288;0.2143;-0.0026;7.042;1.152
6744;6.743;3.972;5.224;740.383;0.0843;0.1107;0.0008;2.065;1.258
6745;6.744;9.353;9.068;730.953;0.1822;0.1681;0.0022;-2.558;1.059
6746;6.745;10.869;10.471;733.2;0.2146;0.218;-0.0021;-1.821;1.148
6747;6.746;6.147;8.102;755.496;0.1151;0.1668;-0.0017;-8.1;3.169
6748;6.747;7.819;6.789;741.663;0.1465;0.1314;0.0086;4.186;2.778
6749;6.748;2.874;7.048;758.235;0.0431;0.1398;-0.0042;0.424;-5.13
6750;6.749;7.419;7.311;746.004;0.1359;0.1419;-0.0028;7.681;-3.895
6751;6.75;5.922;9.342;748.653;0.111;0.1976;0.002;-4.896;7.67
6752;6.751;9.082;8.793;767.377;0.1891;0.1763;-0.0042;-1.454;0.799
6753;6.752;9.865;9.159;770.418;0.186;0.183;0.0054;-7.26;6.934
6754;6.753;6.395;9.133;759.993;0.1301;0.187;0.013;-3.35;-1.785
6755;6.754;3.836;2.789;747.925;0.0647;0.0646;0.0078;7.662;-7.109
6756;6.755;9.22;6.039;746.842;0.1894;0.1179;-0.0014;3.768;1.939
6757;6.756;7.299;6.073;751.019;0.1591;0.1376;0.0007;-1.449;-2.095
6758;6.757;10.477;5.349;748.233;0.1979;0.0907;-0.0013;12.091;-2.885
6759;6.758;7.616;9.795;747.944;0.1501;0.2008;0.0064;0.71;1.328
6760;6.759;5.086;12.269;761.913;0.0937;0.2327;0.0055;-0.976;4.53
6761;6.76;4.949;6.964;747.646;0.0926;0.1615;0.001;-3.038;-9.797
6762;6.761;5.615;8.829;759.975;0.1182;0.1647;0.0047;1.032;4.294
6763;6.762;7.703;8.527;764.273;0.1568;0.175;-0.0061;10.437;2.975
6764;6.763;5.428;6.857;756.721;0.0953;0.1438;0.0004;0.501;0.794
6765;6.764;7.451;8.126;775.506;0.1574;0.1731;-0.0113;1.971;-4.983
6766;6.765;5.408;9.006;780.057;0.1049;0.1675;-0.0118;-1.92;-4.113
6767;6.766;5.796;6.492;768.866;0.1208;0.1312;-0.0101;4.378;-8.001
6768;6.767;4.397;7.393;769.706;0.0908;0.1454;-0.0013;0.364;-0.128
6769;6.768;5.202;8.114;779.94;0.1093;0.1579;-0.0094;-1.321;6.42
6770;6.769;5.62;8.904;765.426;0.115;0.1841;-0.0059;-4.886;3.71
6771;6.77;8.836;10.347;777.758;0.1789;0.1966;-0.0015;-4.497;-0.376
6772;6.771;2.824;9.547;771.851;0.066;0.1883;0.0022;-3.721;-3.294
6773;6.772;6.538;7.754;770.828;0.132;0.1422;-0.0011;10.572;4.668
6774;6.773;-0.944;8.368;774.299;-0.0123;0.1653;-0.0001;-2.081;-0.971
6775;6.774;6.033;7.944;762.452;0.1317;0.1537;0.0038;-2.809;-0.996
6776;6.775;4.873;12.361;783.17;0.09;0.2456;-0.0012;2.838;-4.318
6777;6.776;7.709;9.786;777.097;0.1486;0.1934;0.0082;8.157;-3.674
6778;6.777;5.27;5.5;771.49;0.0962;0.0988;0.0054;-4.11;-10.207
6779;6.778;4.172;11.057;769.035;0.0865;0.2008;0.0023;-10.384;-4.42
6780;6.779;5.772;10.057;782.071;0.1173;0.1899;0.006;1.316;-0.151
6781;6.78;6.043;10.055;775.133;0.1272;0.2007;-0.0011;6.086;2.836
6782;6.781;7.429;10.262;769.473;0.1472;0.2013;-0.0154;-4.737;-3.828
6783;6.782;5.32;11.216;784.243;0.1068;0.221;0.0012;-4.314;2.032
6784;6.783;5.771;12.126;793.05;0.1201;0.2412;0.0095;0.305;-4.073
6785;6.784;0.682;7.169;774.916;0.0177;0.1365;-0.0079;4.916;-0.922
6786;6.785;3.236;7.753;786.022;0.038;0.1467;0.0053;3.339;-0.446
6787;6.786;8.24;7.132;781.189;0.1683;0.1482;-0.0017;2.077;0.819
6788;6.787;4.972;11.875;797.639;0.0998;0.2351;-0.0052;-2.666;3.963
6789;6.788;1.969;8.495;773.463;0.0458;0.1706;-0.0038;-0.486;-5.793
6790;6.789;5.864;4.812;779.855;0.1246;0.0856;-0.0082;0.453;0.588
6791;6.79;5.466;13.423;779.165;0.0853;0.2603;-0.0017;2.707;-4.791
6792;6.791;5.116;9.548;763.887;0.1172;0.1938;0.0008;1.56;6.572
6793;6.792;4.199;6.597;776.912;0.0791;0.1444;0.0049;1.29;-10.477
6794;6.793;7.06;10.043;778.353;0.1407;0.1984;0.0039;0.11;-1.354
6795;6.794;4.288;6.91;787.302;0.0921;0.1523;-0.0009;11.196;-4.494
6796;6.795;2.888;10.562;784.968;0.0562;0.2114;-0.0037;-0.885;-2.331
6797;6.796;6.775;11.494;775.139;0.1227;0.2399;0.0003;-9.372;-5.996
6798;6.797;-2.172;10.086;767.502;-0.0335;0.1931;-0.0017;2.777;-7.634
6799;6.798;2.437;7.948;758.314;0.0446;0.1642;-0.0044;-0.648;3.189
6800;6.799;4.527;9.852;766.983;0.0868;0.1904;0.0018;-3.975;1.993
6801;6.8;6.585;7.94;771.621;0.1363;0.1576;0.007;-1.328;2.196
6802;6.801;4.321;12.464;764.77;0.0574;0.2558;-0.0004;-0.123;4.637
6803;6.802;3.464;6.298;757.79;0.0752;0.1344;0.0016;-3.672;6.124
6804;6.803;3.56;9.183;774.186;0.0707;0.19;0.005;-0.714;-1.098
6805;6.804;4.645;4.749;763.873;0.0925;0.0931;0.0044;-7.929;1.624
6806;6.805;3.291;6.93;750.449;0.0717;0.1502;0.0015;-1.895;-3.473
6807;6.806;3.535;6.233;764.396;0.056;0.1379;0.0013;5.287;-4.089
6808;6.807;5.973;10.4;767.592;0.1209;0.2135;0.0012;1.843;-2.571
6809;6.808;4.304;10.223;769.308;0.0747;0.2038;-0.0033;-0.838;-2.947
6810;6.809;6.788;9.038;751.488;0.1116;0.1786;-0.0052;8.696;-1.524
6811;6.81;1.903;8.098;751.745;0.054;0.163;-0.0076;4.815;-3.078
6812;6.811;-0.686;8.958;755.391;-0.0004;0.1737;0.0075;-1.644;-2.776
6813;6.812;6.973;7.848;759.366;0.137;0.163;0.0066;12.282;-3.398
6814;6.813;6.759;7.425;757.973;0.1412;0.1587;0.0052;7.725;4.408
6815;6.814;5.464;9.758;760.702;0.0993;0.19;-0.0014;-8.798;0.937
6816;6.815;2.632;10.813;762.21;0.0522;0.1921;0.0003;6.911;1.521
6817;6.816;3.375;5.533;755.132;0.0769;0.1038;0.0046;-3.261;-3.394
6818;6.817;4.459;9.351;756.126;0.0807;0.1907;0.0099;0.163;-12.676
6819;6.818;-1.043;10.98;753.904;-0.0352;0.215;0.0021;1.548;7.517
6820;6.819;5.491;7.469;743.856;0.1057;0.1453;-0.002;-11.216;3.938
6821;6.82;6.792;10.489;751.238;0.1204;0.1944;-0.0011;1.54;-2.088
6822;6.821;0.837;7.039;740.75;0.029;0.1265;0.0027;3.274;1.397
6823;6.822;5.142;9.22;745.917;0.1128;0.1802;-0.0062;3.224;-11.702
6824;6.823;6.674;7.797;759.061;0.1362;0.1514;0.0075;0.321;0.674
6825;6.824;0.902;13.153;758.07;0.0223;0.2604;-0.0064;0.356;-4.979
6826;6.825;2.522;9.705;751.98;0.0685;0.1947;-0.001;3.783;14.49
6827;6.826;7.57;9.96;755.788;0.1473;0.1912;-0.0035;-0.459;3.502
6828;6.827;2.642;11.613;727.348;0.0659;0.2372;0.0039;0.012;3.04
6829;6.828;0.358;6.792;744.194;0.0093;0.1349;0.0025;-2.706;-0.975
6830;6.829;-2.487;7.105;738.511;-0.062;0.1416;0.0021;-7.596;-1.549
6831;6.83;1.967;8.967;745.94;0.0128;0.1929;0.0051;-4.754;-2.797
6832;6.831;1.5;9.845;739.928;0.0367;0.1801;0.0041;-0.401;8.812
6833;6.832;2.516;9.335;740.993;0.0448;0.1943;0.0013;0.654;-5.383
6834;6.833;4.887;7.057;740.184;0.0908;0.1343;-0.0013;9.136;-1.386
6835;6.834;2.941;6.534;750.312;0.0712;0.1448;-0.0015;-7.871;-0.924
6836;6.835;3.242;10.994;749.376;0.037;0.2096;-0.002;-1.197;-3.539
6837;6.836;2.644;9.839;763.154;0.0721;0.211;0.0033;-2.633;-5.907
6838;6.837;5.673;8.967;737.144;0.108;0.2011;-0.0037;2.175;4.211
6839;6.838;4.35;13.642;747.445;0.0963;0.2746;-0.0027;2.959;-4.012
6840;6.839;2.586;7.76;740.75;0.0485;0.1618;0.0042;-11.586;8.294
6841;6.84;2.884;8.412;750.473;0.0675;0.1607;-0.0014;12.817;-15.292
6842;6.841;1.436;8.092;740.576;0.0324;0.1601;-0.0071;-3.921;-0.944
6843;6.842;3.332;8.708;750.322;0.0482;0.1836;-0.0076;2.728;1.173
6844;6.843;4.152;8.772;750.81;0.0733;0.1685;-0.0046;-5.879;-2.388
6845;6.844;-2.202;13.912;737.028;-0.0573;0.278;0.0065;-1.978;-4.754
6846;6.845;1.521;6.512;731.167;0.02;0.1125;-0.0024;0.742;2.667
6847;6.846;-1.456;12.837;730.225;-0.0249;0.2451;0.0017;0.215;1.21
6848;6.847;1.471;9.155;738.022;0.0277;0.1654;-0.0039;4.454;5.647
6849;6.848;-1.474;8.799;712.862;-0.0261;0.1857;-0.0019;10.953;-8.727
6850;6.849;5.403;5.73;742.994;0.0993;0.1123;0.0002;-0.982;3.548
6851;6.85;2.201;10.264;736.969;0.0469;0.2069;0.0022;4.926;2.872
6852;6.851;1.385;5.153;754.483;0.0157;0.0982;-0.0018;-1.508;-6.954
6853;6.852;1.729;8.925;741.636;0.0284;0.1763;0.0016;4.725;2.601
6854;6.853;2.645;11.545;746.738;0.0593;0.2247;-0.0001;-12.906;2.111
6855;6.854;1.476;7.695;747.534;0.0337;0.154;0.0009;-5.368;0.491
6856;6.855;0.196;7.767;742.529;0.0054;0.1521;0.0002;2.229;-0.892
6857;6.856;1.061;10.646;748.422;0.0096;0.2081;0.004;-3.47;-0.47
6858;6.857;7.717;8.393;743.885;0.1424;0.1642;0.0033;0.904;-0.587
6859;6.858;-0.194;7.162;739.939;0.0169;0.1622;0.0024;-1.088;9.711
6860;6.859;-0.132;10.954;748.013;-0.0122;0.2156;0.0033;-3.901;-2.493
6861;6.86;2.744;5.852;732.073;0.0763;0.1001;-0.0049;9.589;-2.152
6862;6.861;0.085;8.143;736.828;0.0045;0.1615;-0.0104;-3.583;-6.674
6863;6.862;2.316;11.936;744.045;0.0386;0.253;0.0014;11.281;-3.203
6864;6.863;0.754;4.642;748.151;0.0089;0.1013;0.0031;-1.35;-1.775
6865;6.864;2.976;3.786;761.821;0.0516;0.0589;-0.0021;2.027;7.304
6866;6.865;-0.582;11.036;753.523;-0.004;0.2104;-0.0075;6.07;5.115
6867;6.866;-2.641;7.877;740.848;-0.0453;0.1389;0.0035;1.129;2.939
6868;6.867;3.188;11.681;760.316;0.0683;0.2404;-0.0006;3.555;6.094
6869;6.868;5.325;7.468;762.741;0.1049;0.1528;-0.0058;1.659;2.901
6870;6.869;-4.453;7.867;750.604;-0.0965;0.1688;0.0013;-3.098;6.452
6871;6.87;2.871;5.252;748.846;0.0705;0.0823;0.0005;-2.05;5.44
6872;6.871;2.475;9.067;762.355;0.0603;0.1859;-0.001;-0.056;-2.586
6873;6.872;-0.772;3.892;755.923;-0.0058;0.0529;-0.0024;-4.537;11.195
6874;6.873;-3.13;3.74;758.757;-0.0754;0.082;-0.0067;0.182;3.804
6875;6.874;-0.734;8.94;769.466;-0.0036;0.1557;-0.0084;-4.289;-7.69
6876;6.875;-1.387;8.037;757.063;-0.0395;0.1681;-0.0007;-5.92;6.464
6877;6.876;0.768;9.77;756.666;0.0281;0.1939;0.0135;3.882;-4.322
6878;6.877;-2.126;5.54;761.615;-0.0374;0.1161;0.0024;1.042;2.111
6879;6.878;2.076;7.954;760.634;0.0424;0.1553;-0.0082;-0.674;-0.487
6880;6.879;-1.027;8.808;754.703;-0.0069;0.1732;0.0064;-1.637;-6.131
6881;6.88;0.234;9.189;767.26;0.0158;0.19;0.0084;1.394;2.819
6882;6.881;-1.361;6.031;759.001;-0.0263;0.114;0.0006;-0.148;-2.007
6883;6.882;5.429;4.538;761.502;0.1045;0.1136;-0.0033;-0.344;2.553
6884;6.883;-2.303;10.688;777.63;-0.0586;0.2098;-0.0007;6.876;-6.283
6885;6.884;2.878;7.15;761.661;0.055;0.134;-0.0018;-0.301;4.951
6886;6.885;1.598;8.79;767.028;0.0488;0.1832;-0.0057;7.715;-9.812
6887;6.886;1.068;4.693;764.799;0.0259;0.0849;0.0022;-3.749;-2.288
6888;6.887;0.581;8.699;757.283;0.0254;0.1677;-0.0013;8.772;7.904
6889;6.888;1.973;9.265;767.301;0.0536;0.1913;0.0047;11.412;-7.216
6890;6.889;-3.748;8.845;766.399;-0.0898;0.1692;0.0027;-8.543;6.244
6891;6.89;1.069;6.24;769.503;0.0289;0.1139;-0.0033;-1.325;-1.753
6892;6.891;-0.703;6.282;762.925;-0.0266;0.1364;-0.0027;-7.032;-7.015
6893;6.892;-1.073;8.188;766.721;-0.0184;0.1621;0.0143;-6.219;7.887
6894;6.893;-0.455;6.522;775.852;0.0118;0.1165;0.0098;-0.371;0.939
6895;6.894;-0.143;8.466;756.844;-0.0053;0.1706;-0.0018;1.264;-2.77
6896;6.895;1.362;5.829;780.4;0.009;0.0971;-0.0029;-0.208;-3.409
6897;6.896;-3.83;8.823;782.941;-0.0752;0.1704;-0.0008;2.918;-7.364
6898;6.897;-1.938;9.157;785.696;-0.0578;0.1792;0.0105;3.542;-4.651
6899;6.898;-1.172;9.435;758.971;-0.0121;0.1833;-0.0008;-1.972;1.505
6900;6.899;0.803;6.755;762.831;0.0262;0.1474;0.0029;-0.553;-3.327
6901;6.9;-0.755;4.192;766.859;-0.0224;0.081;-0.0088;-2.861;-8.493
6902;6.901;3.948;2.773;767.283;0.0754;0.0553;-0.0022;3.107;1.299
6903;6.902;2.304;5.083;775.999;0.0455;0.1104;0.0053;3.181;-1.001
6904;6.903;-6.765;9.423;776.257;-0.1434;0.1889;-0.0055;-1.06;-5.873
6905;6.904;-5.419;8.303;788.074;-0.1209;0.1656;0.0074;2.842;1.616
6906;6.905;-4.841;9.187;774.717;-0.0996;0.1874;-0.0079;-1.044;0.642
6907;6.906;-3.504;8.677;777.377;-0.063;0.1831;-0.0036;-7.919;-2.011
6908;6.907;-2.069;5.032;755.593;-0.0522;0.0972;-0.0042;-1.531;0.265
6909;6.908;-1.324;7.572;768.163;-0.0189;0.1468;-0.0014;9.426;8.258
6910;6.909;-1.692;7.081;768.445;-0.0352;0.1303;0.0008;-3.218;1.497
6911;6.91;-2.394;8.558;763.0;-0.0674;0.1661;0.0008;-0.629;-9.451
6912;6.911;-1.852;7.308;766.57;-0.0427;0.1497;0.0029;-4.129;-9.213
6913;6.912;-0.838;4.802;755.681;-0.014;0.0936;-0.0052;-3.304;-4.871
6914;6.913;-3.288;11.004;768.663;-0.0648;0.2094;-0.0063;2.642;-3.136
6915;6.914;-7.511;7.538;772.793;-0.1465;0.169;0.0021;4.38;0.932
6916;6.915;-6.534;9.987;769.494;-0.1211;0.1847;-0.0039;1.295;1.874
6917;6.916;-4.776;6.494;767.812;-0.1065;0.1294;0.0038;2.486;-5.895
6918;6.917;-3.894;6.665;765.301;-0.0823;0.1486;0.0008;6.686;5.359
6919;6.918;-0.412;3.092;762.059;-0.0109;0.0718;-0.0031;3.936;-1.523
6920;6.919;-4.032;5.665;755.825;-0.0976;0.1185;0.0032;-1.089;2.214
6921;6.92;-6.613;5.067;779.541;-0.1229;0.1071;0.0041;4.027;-6.126
6922;6.921;-2.699;8.461;774.117;-0.0441;0.1675;-0.003;-2.84;-2.353
6923;6.922;-2.596;2.311;759.101;-0.0494;0.0399;0.0027;-5.274;-1.799
6924;6.923;-3.642;3.783;774.768;-0.0768;0.0921;-0.0044;-4.278;9.753
6925;6.924;0.757;6.415;757.446;0.0183;0.1281;-0.0021;-1.138;1.472
6926;6.925;-2.353;7.057;754.959;-0.0399;0.1387;0.001;-2.257;7.174
6927;6.926;-4.214;5.458;761.887;-0.076;0.0893;0.0024;2.55;2.246
6928;6.927;-3.82;4.847;748.057;-0.0668;0.0913;-0.0006;-2.101;2.766
6929;6.928;-0.574;9.197;759.0;0.0005;0.1939;-0.0017;10.162;5.557
6930;6.929;-5.414;0.196;754.689;-0.1249;0.022;0.0014;-4.097;0.996
6931;6.93;1.324;7.623;731.558;0.0242;0.1442;-0.0017;-3.98;-1.015
6932;6.931;-2.346;8.723;733.189;-0.0557;0.1681;0.0016;5.523;-1.226
6933;6.932;-0.576;2.556;761.929;-0.0113;0.0524;-0.0007;1.5;-2.727
6934;6.933;-2.115;4.735;743.753;-0.0371;0.1093;-0.004;-3.189;-0.601
6935;6.934;-5.837;1.744;737.83;-0.1127;0.0307;0.0064;-1.678;-0.499
6936;6.935;-1.93;0.886;740.437;-0.0355;-0.0;-0.0045;-8.052;-1.235
6937;6.936;0.406;7.174;753.585;-0.003;0.1439;0.0023;-7.819;-5.834
6938;6.937;-3.941;5.442;728.649;-0.0742;0.1214;-0.0058;0.53;-3.329
6939;6.938;-5.305;8.459;740.775;-0.1042;0.1605;0.006;1.828;-10.414
6940;6.939;-3.568;4.936;731.183;-0.0665;0.0911;-0.0001;-5.567;-1.656
6941;6.94;-5.924;5.943;731.294;-0.1173;0.1292;0.0035;12.59;-0.336
6942;6.941;-2.184;2.065;740.645;-0.0422;0.0576;-0.0002;-5.426;-0.538
6943;6.942;-5.13;7.045;744.157;-0.1241;0.1374;0.0083;7.934;-5.678
6944;6.943;-4.339;2.385;715.042;-0.0988;0.0387;0.0039;-1.502;-0.94
6945;6.944;3.064;2.6;733.338;0.0508;0.0523;0.0088;5.362;-5.749
6946;6.945;-5.539;7.449;733.936;-0.1118;0.1551;-0.0051;-3.57;1.422
6947;6.946;-1.971;5.702;727.203;-0.0291;0.1197;-0.0173;-8.116;2.441
6948;6.947;-5.083;8.288;729.894;-0.0901;0.157;-0.0057;2.067;2.527
6949;6.948;-5.341;2.049;730.278;-0.1077;0.0511;0.0003;7.64;4.25
6950;6.949;0.531;1.742;726.61;0.0031;0.0544;-0.0028;-4.366;9.325
6951;6.95;-6.596;1.896;720.625;-0.1349;0.0393;0.0015;-4.125;1.673
6952;6.951;-5.68;1.295;732.178;-0.1066;0.0127;0.0011;3.174;-6.647
6953;6.952;-6.331;6.867;712.968;-0.1275;0.14;-0.0028;0.996;-2.214
6954;6.953;-5.456;9.276;721.185;-0.1144;0.185;-0.0024;7.13;5.903
6955;6.954;-5.514;1.052;726.132;-0.1092;0.0112;0.0027;-2.562;-1.069
6956;6.955;-5.137;1.727;715.778;-0.0921;0.0386;-0.0003;-6.691;-4.804
6957;6.956;-2.215;4.206;723.022;-0.0371;0.0913;-0.0041;4.857;-2.527
6958;6.957;-5.386;3.511;725.13;-0.1154;0.0629;-0.0105;-2.262;-3.769
6959;6.958;-6.06;3.006;713.385;-0.1088;0.0463;-0.0031;-1.025;2.298
6960;6.959;-8.082;2.418;720.774;-0.1699;0.0598;0.0032;-1.726;-1.963
6961;6.96;-5.935;5.604;735.537;-0.1208;0.117;0.0052;1.751;-1.279
6962;6.961;-6.234;7.114;714.961;-0.1111;0.1541;0.0033;-6.096;2.683
6963;6.962;-4.549;4.121;706.526;-0.0897;0.0797;-0.0056;3.092;-1.326
6964;6.963;-5.092;3.95;716.135;-0.111;0.0751;-0.0018;-8.636;6.351
6965;6.964;-8.381;4.602;700.401;-0.1675;0.087;0.0012;12.631;4.702
6966;6.965;0.215;1.006;709.928;-0.0001;0.0107;-0.0005;3.699;0.928
6967;6.966;-3.004;5.745;720.053;-0.0725;0.1108;0.0061;-4.141;9.718
6968;6.967;-5.998;0.762;719.858;-0.1264;0.0072;-0.0082;-7.105;-4.791
6969;6.968;-7.317;2.172;696.963;-0.1252;0.0385;0.0081;3.101;3.173
6970;6.969;-7.496;0.291;730.098;-0.1374;-0.0001;0.0011;0.535;-2.946
6971;6.97;-6.631;1.048;696.995;-0.1288;0.0221;0.0019;-3.351;-0.757
6972;6.971;-8.516;5.518;711.641;-0.1888;0.1151;0.0025;-8.31;-1.586
6973;6.972;-7.738;2.514;712.996;-0.1562;0.0391;0.0034;0.926;4.697
6974;6.973;-7.545;-2.544;709.04;-0.1531;-0.0565;0.0033;-2.325;-3.973
6975;6.974;-1.728;4.286;714.176;-0.0192;0.0965;0.0068;-0.768;0.516
6976;6.975;-5.193;1.313;714.249;-0.1051;0.0246;0.0004;2.074;2.723
6977;6.976;-3.273;5.014;725.394;-0.0708;0.082;-0.0001;0.917;0.996
6978;6.977;1.018;1.858;719.306;0.0223;0.0287;0.0034;-3.436;4.514
6979;6.978;-7.62;1.886;720.965;-0.1653;0.0509;-0.0007;-3.512;-2.288
6980;6.979;-4.723;1.953;713.88;-0.0973;0.0509;0.0061;-5.722;6.856
6981;6.98;-5.676;6.906;701.83;-0.0989;0.1413;-0.0073;-0.402;-6.096
6982;6.981;-9.131;1.89;724.21;-0.1906;0.0311;-0.0047;-8.294;-2.042
6983;6.982;-6.648;4.711;708.24;-0.1348;0.0932;0.0013;-4.219;2.517
6984;6.983;-4.458;4.398;702.264;-0.1028;0.0686;-0.0031;5.018;10.544
6985;6.984;-7.086;0.861;720.899;-0.1435;0.02;0.0029;4.646;8.604
6986;6.985;-3.7;3.053;717.2;-0.0793;0.0652;0.002;-8.237;4.175
6987;6.986;-3.629;0.89;722.66;-0.0687;0.0049;0.0127;1.353;2.904
6988;6.987;-5.887;1.651;711.844;-0.1277;0.0335;-0.0004;-2.105;-3.452
6989;6.988;-6.708;4.938;720.268;-0.1401;0.0852;-0.0033;0.381;-3.817
6990;6.989;-5.256;0.456;718.13;-0.1003;0.0053;0.0075;-6.859;11.361
6991;6.99;-7.99;0.858;714.335;-0.1648;0.0176;0.0012;1.236;0.701
6992;6.991;-5.942;1.164;721.465;-0.1249;0.0217;0.0;4.008;-1.991
6993;6.992;-7.672;1.764;716.464;-0.1587;0.05;-0.0029;-2.388;0.484
6994;6.993;-8.761;5.734;720.052;-0.1807;0.1149;0.0041;-3.919;-2.776
6995;6.994;-5.203;0.721;710.981;-0.0898;0.017;0.0051;0.888;-3.652
6996;6.995;-8.46;-3.412;727.571;-0.166;-0.0745;-0.016;-2.172;6.666
6997;6.996;-6.74;3.654;725.001;-0.1451;0.0702;-0.0063;-1.15;-0.482
6998;6.997;-4.912;-0.528;696.941;-0.1028;-0.0236;0.0025;3.416;-3.567
6999;6.998;-11.427;-0.125;724.955;-0.2378;-0.0064;-0.0039;2.875;-0.102
7000;6.999;-8.216;2.696;719.747;-0.1631;0.0542;0.0007;-2.985;5.338
7001;7.0;-5.435;5.046;723.967;-0.1039;0.0977;0.0009;-3.957;-5.012
7002;7.001;-10.88;1.363;719.263;-0.2263;0.0111;0.0075;3.059;0.397
7003;7.002;-8.757;5.065;718.974;-0.1728;0.1;0.0018;0.072;-2.389
7004;7.003;-3.147;1.756;730.403;-0.0754;0.017;-0.009;-8.959;4.08
7005;7.004;-8.763;4.26;722.271;-0.1739;0.0825;-0.0038;-2.645;-0.148
7006;7.005;-10.021;3.373;732.699;-0.2085;0.0723;0.0088;-1.479;-5.778
7007;7.006;-11.713;1.014;717.162;-0.2442;0.0212;0.001;5.383;-5.819
7008;7.007;-6.063;2.811;724.634;-0.1096;0.0648;-0.0042;7.943;6.195
7009;7.008;-5.581;-0.134;724.983;-0.0912;-0.0039;0.007;-2.239;-2.561
7010;7.009;-8.906;1.267;708.773;-0.169;0.0194;0.0042;-6.364;6.297
7011;7.01;-7.15;0.315;728.232;-0.1559;0.0019;0.002;10.928;-0.184
7012;7.011;-4.806;-0.239;725.431;-0.0967;-0.0012;-0.0057;0.637;0.777
7013;7.012;-10.714;-0.164;722.366;-0.2156;0.0115;0.0074;4.948;6.432
7014;7.013;-12.066;-2.739;733.302;-0.2224;-0.0542;0.0048;0.335;-1.003
7015;7.014;-9.857;-2.069;725.449;-0.1899;-0.0539;0.0023;-4.663;2.265
7016;7.015;-5.282;-0.832;728.477;-0.1078;-0.027;-0.0013;3.394;1.788
7017;7.016;-11.75;-1.26;724.238;-0.2324;-0.0288;-0.0074;8.883;5.608
7018;7.017;-9.202;-2.783;743.706;-0.2034;-0.0582;0.0047;5.133;5.528
7019;7.018;-9.373;-1.001;724.977;-0.1836;-0.0151;-0.0003;0.865;0.194
7020;7.019;-9.06;-2.968;710.092;-0.1931;-0.0606;-0.0037;-5.16;-10.352
7021;7.02;-6.675;2.216;718.748;-0.1316;0.0501;0.0012;0.13;-8.015
7022;7.021;-4.786;-2.997;731.809;-0.0827;-0.0557;-0.0012;-1.683;-4.979
7023;7.022;-12.012;-0.437;731.272;-0.2324;-0.0127;-0.004;4.748;-0.717
7024;7.023;-8.216;0.355;724.04;-0.1584;0.0057;-0.0013;-0.965;-0.389
7025;7.024;-13.033;-1.909;737.833;-0.2506;-0.027;-0.0032;4.489;1.149
7026;7.025;-4.971;-0.172;712.377;-0.0995;0.0082;-0.0013;12.23;3.277
7027;7.026;-12.523;1.585;726.597;-0.2399;0.0443;-0.0032;5.606;7.01
7028;7.027;-14.332;0.888;744.859;-0.2798;0.0164;-0.0042;-2.608;5.53
7029;7.028;-10.562;1.935;727.174;-0.2102;0.0417;0.0032;-5.76;-7.353
7030;7.029;-7.534;-0.312;732.441;-0.1569;0.0013;0.0033;3.382;0.563
7031;7.03;-11.665;-0.466;725.912;-0.2158;0.0016;0.0004;9.702;5.599
7032;7.031;-8.066;-2.392;736.258;-0.1528;-0.0645;0.0023;-2.654;5.478
7033;7.032;-9.47;-0.229;717.468;-0.1802;-0.0145;0.0099;-3.796;2.217
7034;7.033;-9.104;1.74;729.953;-0.1832;0.0408;0.0016;0.873;-10.985
7035;7.034;-9.705;1.116;723.398;-0.2114;0.0306;-0.0057;0.954;-3.392
7036;7.035;-12.164;-4.264;732.817;-0.254;-0.1046;0.0086;1.966;6.979
7037;7.036;-9.53;-1.726;728.423;-0.1851;-0.0497;-0.0012;-2.223;13.571
7038;7.037;-8.758;1.956;724.675;-0.1632;0.0216;-0.0026;0.349;-3.126
7039;7.038;-13.11;0.421;711.012;-0.2664;-0.0044;-0.0085;0.251;3.296
7040;7.039;-9.634;-3.864;731.64;-0.1981;-0.0903;0.0028;0.194;-3.137
7041;7.04;-8.686;-4.109;731.51;-0.1609;-0.0952;0.0038;-4.847;0.271
7042;7.041;-9.29;-2.281;734.265;-0.1742;-0.054;0.0048;5.698;-3.687
7043;7.042;-8.099;-2.497;727.636;-0.1567;-0.0533;0.0036;-4.372;-1.329
7044;7.043;-9.781;-4.927;708.528;-0.1862;-0.0889;-0.0057;-1.585;1.661
7045;7.044;-10.438;-3.555;717.167;-0.205;-0.0777;0.0091;5.308;-3.942
7046;7.045;-11.032;-2.114;714.12;-0.2341;-0.0455;-0.0042;5.008;-0.749
7047;7.046;-10.108;1.968;726.021;-0.1801;0.0433;-0.0046;-0.772;-0.135
7048;7.047;-10.195;-0.975;709.527;-0.2205;-0.0124;0.0064;5.198;9.299
7049;7.048;-9.251;-4.407;709.169;-0.1784;-0.0853;0.0057;-7.786;0.965
7050;7.049;-8.176;0.067;726.085;-0.1859;0.0031;0.0061;-1.08;-20.326
7051;7.05;-12.292;1.143;712.999;-0.2334;0.0425;-0.0056;5.61;0.159
7052;7.051;-12.124;-2.297;719.729;-0.2489;-0.0139;0.0003;7.156;8.096
7053;7.052;-9.242;0.089;706.883;-0.2032;0.0044;-0.0027;7.456;-7.691
7054;7.053;-10.194;-3.69;705.173;-0.2009;-0.0914;0.001;1.793;-0.651
7055;7.054;-11.621;0.305;707.672;-0.2421;-0.0049;-0.0039;7.071;-4.329
7056;7.055;-13.467;-6.745;701.508;-0.2764;-0.1297;-0.0005;-4.183;-0.785
7057;7.056;-4.526;-3.954;706.275;-0.1073;-0.084;-0.0002;-1.606;5.777
7058;7.057;-12.57;-1.004;699.825;-0.2577;-0.0139;0.0061;2.601;-9.559
7059;7.058;-10.716;-1.055;706.992;-0.2123;-0.0129;-0.002;1.136;6.505
7060;7.059;-10.092;-3.428;698.295;-0.1999;-0.0758;-0.0002;-5.109;6.323
7061;7.06;-8.473;-1.806;704.218;-0.1782;-0.0194;-0.0004;0.915;-8.911
7062;7.061;-10.811;-3.074;696.758;-0.2096;-0.0731;-0.0068;-0.686;-1.988
7063;7.062;-12.463;-2.809;700.205;-0.2496;-0.0535;0.0008;2.71;0.211
7064;7.063;-11.69;-4.269;699.755;-0.2174;-0.077;-0.0017;-0.616;-2.226
7065;7.064;-10.695;-6.015;690.854;-0.2249;-0.1278;0.003;5.592;9.321
7066;7.065;-12.988;-6.567;706.332;-0.2486;-0.1478;0.0102;-1.279;0.082
7067;7.066;-9.235;-1.954;702.706;-0.1824;-0.0377;0.0047;-0.164;0.819
7068;7.067;-8.334;-1.824;696.383;-0.1698;-0.0429;-0.002;-1.264;4.269
7069;7.068;-7.943;-4.45;686.648;-0.1581;-0.0783;-0.0035;-1.719;-4.203
7070;7.069;-7.835;-4.612;672.585;-0.1617;-0.0971;0.0017;0.862;1.0
7071;7.07;-8.502;-6.591;667.639;-0.1641;-0.133;-0.0032;3.199;-5.212
7072;7.071;-7.931;-2.623;685.425;-0.1408;-0.0477;-0.0001;-5.875;1.345
7073;7.072;-6.15;-6.546;699.151;-0.1266;-0.1298;-0.0046;5.44;-0.302
7074;7.073;-12.8;-1.452;692.303;-0.2756;-0.0521;0.004;-0.792;-1.69
7075;7.074;-11.775;-4.609;681.757;-0.228;-0.0762;-0.005;7.399;5.661
7076;7.075;-12.397;-3.038;689.012;-0.2531;-0.0609;-0.0049;3.14;2.568
7077;7.076;-10.538;-3.046;682.767;-0.1987;-0.0523;-0.0058;-5.174;2.86
7078;7.077;-8.604;-4.828;672.381;-0.1795;-0.0893;0.0052;-9.509;3.169
7079;7.078;-9.011;-6.822;695.284;-0.1832;-0.1161;-0.0013;3.187;3.08
7080;7.079;-12.984;-4.918;667.991;-0.2517;-0.1035;0.0053;-3.376;-3.278
7081;7.08;-8.487;-3.596;692.323;-0.1715;-0.0733;-0.0035;2.506;6.532
7082;7.081;-9.195;-7.165;671.613;-0.1855;-0.146;0.0078;-0.967;2.077
7083;7.082;-8.006;-1.514;665.976;-0.1573;-0.0369;0.0026;0.421;1.836
7084;7.083;-9.701;-2.413;675.094;-0.201;-0.0603;0.0022;-4.982;3.64
7085;7.084;-10.902;-5.297;666.526;-0.2208;-0.0998;-0.0052;5.01;-5.995
7086;7.085;-6.818;-7.774;670.858;-0.1399;-0.1543;0.0131;-0.687;2.695
7087;7.086;-10.689;-5.593;664.068;-0.2192;-0.116;0.0052;3.866;4.281
7088;7.087;-9.727;-1.208;674.91;-0.2025;-0.0265;-0.0088;1.597;-8.18
7089;7.088;-9.807;-4.166;676.926;-0.1846;-0.0816;0.0044;-5.522;3.529
7090;7.089;-8.112;-5.52;668.937;-0.18;-0.1188;0.0051;5.323;1.197
7091;7.09;-10.411;-5.411;676.952;-0.217;-0.1161;-0.0004;2.49;-0.184
7092;7.091;-11.082;-4.89;662.262;-0.2223;-0.1098;-0.0027;-4.813;-0.331
7093;7.092;-10.108;-6.164;672.822;-0.2189;-0.1016;-0.0109;-4.149;-6.51
7094;7.093;-6.832;-4.586;676.757;-0.1425;-0.0994;0.0032;0.898;-8.225
7095;7.094;-10.157;-0.381;674.292;-0.222;0.0017;-0.0047;8.546;-2.996
7096;7.095;-14.434;-4.901;663.761;-0.3044;-0.0989;0.0006;-7.256;0.972
7097;7.096;-10.156;-6.114;677.557;-0.208;-0.107;-0.009;8.947;1.851
7098;7.097;-8.987;-7.569;665.185;-0.1653;-0.1603;-0.0016;-3.992;-3.5
7099;7.098;-11.95;-6.768;670.865;-0.2534;-0.1362;-0.0089;-7.05;-1.256
7100;7.099;-10.547;-6.85;668.147;-0.1959;-0.1433;-0.0019;-3.427;5.929
7101;7.1;-8.904;-4.584;676.861;-0.1926;-0.0909;0.0029;1.463;3.839
7102;7.101;-13.497;-6.944;679.553;-0.2763;-0.1357;0.0046;5.108;2.992
7103;7.102;-10.197;0.545;667.262;-0.198;-0.0003;-0.0083;5.116;1.908
7104;7.103;-14.252;-6.829;665.3;-0.2869;-0.1472;-0.0043;-11.613;-3.245
7105;7.104;-14.63;-4.491;658.871;-0.2921;-0.0827;-0.0069;4.548;3.008
7106;7.105;-11.866;-5.242;671.173;-0.241;-0.117;-0.0028;5.341;-4.816
7107;7.106;-8.864;-4.12;663.993;-0.1653;-0.0687;0.0029;6.558;-14.814
7108;7.107;-14.953;-6.199;668.629;-0.2958;-0.1283;-0.0053;1.247;6.846
7109;7.108;-12.049;-1.03;681.795;-0.234;-0.026;0.0031;7.464;4.833
7110;7.109;-11.457;-4.336;674.734;-0.2128;-0.0867;-0.0013;2.542;1.148
7111;7.11;-11.307;-5.733;666.502;-0.2193;-0.1223;0.0009;-1.128;6.769
7112;7.111;-11.871;-5.983;667.88;-0.2459;-0.1222;-0.0059;3.904;11.457
7113;7.112;-7.512;-4.179;675.892;-0.1475;-0.081;-0.0002;-0.332;10.326
7114;7.113;-9.785;-2.417;676.647;-0.2022;-0.0365;0.0039;7.756;-3.206
7115;7.114;-9.188;-5.503;659.937;-0.202;-0.1197;-0.0016;-0.429;-10.575
7116;7.115;-9.618;-8.207;668.493;-0.1853;-0.1625;-0.0072;-0.151;0.767
7117;7.116;-10.184;-7.393;673.976;-0.2036;-0.1599;-0.0014;2.96;-0.901
7118;7.117;-12.548;-4.466;669.588;-0.2528;-0.0887;-0.001;5.038;-2.207
7119;7.118;-9.666;-4.983;667.772;-0.2021;-0.0954;0.003;8.779;8.834
7120;7.119;-12.976;-9.197;660.583;-0.2439;-0.1841;0.0014;-2.607;-2.406
7121;7.12;-15.52;-9.683;667.776;-0.3012;-0.1761;-0.005;-0.1;9.467
7122;7.121;-9.622;-11.026;686.692;-0.2026;-0.2217;0.0066;-3.358;0.427
7123;7.122;-11.429;-3.078;691.274;-0.2238;-0.0766;-0.0061;-1.342;-8.383
7124;7.123;-11.064;-9.683;673.054;-0.2226;-0.1903;-0.0083;-0.538;-6.487
7125;7.124;-9.185;-9.92;690.185;-0.1779;-0.2029;-0.005;0.545;1.054
7126;7.125;-11.508;-4.41;673.339;-0.2111;-0.0695;-0.005;-1.417;4.429
7127;7.126;-8.926;-6.185;689.415;-0.1819;-0.1292;0.0072;-1.835;7.417
7128;7.127;-4.676;-6.353;681.519;-0.099;-0.1381;0.0013;7.182;1.756
7129;7.128;-12.11;-4.432;687.252;-0.2465;-0.0747;0.0012;-3.801;3.712
7130;7.129;-9.435;-8.455;694.503;-0.1821;-0.1765;-0.0049;8.512;-8.257
7131;7.13;-11.332;-5.052;689.782;-0.2222;-0.0962;0.0002;2.916;0.099
7132;7.131;-12.727;-2.876;697.003;-0.2498;-0.0522;0.0008;7.688;-1.841
7133;7.132;-11.927;-6.856;683.428;-0.239;-0.138;-0.0075;0.389;-7.742
7134;7.133;-6.547;-6.093;700.208;-0.1298;-0.1272;0.0044;-3.055;-3.045
7135;7.134;-10.774;-7.632;698.474;-0.2097;-0.1619;0.0012;-6.375;-4.317
7136;7.135;-13.403;-5.039;675.384;-0.2778;-0.0988;0.0026;-3.547;-1.813
7137;7.136;-7.86;-6.543;690.711;-0.16;-0.1136;-0.0002;-1.69;4.308
7138;7.137;-10.365;-4.657;690.982;-0.216;-0.0877;-0.0035;-2.691;-3.777
7139;7.138;-13.627;-8.772;694.088;-0.271;-0.1752;0.0012;-0.491;-1.206
7140;7.139;-12.918;-8.561;694.921;-0.2585;-0.1824;-0.0047;5.7;-0.457
7141;7.14;-10.334;-8.147;696.361;-0.2144;-0.1576;0.003;1.74;-0.706
7142;7.141;-9.456;-8.101;689.044;-0.1882;-0.1546;-0.006;-4.326;9.625
7143;7.142;-10.603;-5.278;689.018;-0.2297;-0.1011;0.0069;4.003;-3.059
7144;7.143;-9.593;-2.754;701.272;-0.1793;-0.0595;0.01;0.952;1.902
7145;7.144;-10.419;-5.899;682.577;-0.2108;-0.1237;0.004;3.686;-1.656
7146;7.145;-14.539;-5.654;684.991;-0.2992;-0.1203;-0.0027;11.107;6.477
7147;7.146;-14.181;-4.54;693.219;-0.2964;-0.0927;-0.0073;-2.721;-5.186
7148;7.147;-13.201;-5.259;705.604;-0.2483;-0.1182;0.0039;3.513;-2.161
7149;7.148;-9.693;-9.188;694.068;-0.1977;-0.1917;-0.0036;7.167;1.709
7150;7.149;-10.412;-5.724;684.102;-0.2001;-0.0877;0.0073;-0.188;-1.527
7151;7.15;-14.887;-7.99;689.256;-0.2816;-0.1623;-0.0126;0.482;7.185
7152;7.151;-6.155;-5.443;705.092;-0.1133;-0.1046;0.0024;-1.575;-0.063
7153;7.152;-13.276;-3.908;683.942;-0.2599;-0.0659;-0.0032;10.833;-5.587
7154;7.153;-12.667;-7.267;689.012;-0.2652;-0.1395;-0.0026;-0.66;-3.949
7155;7.154;-13.732;-7.911;696.348;-0.2732;-0.1638;-0.0033;-1.342;-1.43
7156;7.155;-12.985;-8.874;679.825;-0.2722;-0.179;-0.0068;-4.046;11.903
7157;7.156;-12.145;-7.499;703.166;-0.2375;-0.1562;0.0064;0.367;-8.873
7158;7.157;-16.421;-10.647;693.404;-0.3316;-0.2152;0.0021;8.65;0.658
7159;7.158;-14.864;-4.423;713.625;-0.2889;-0.0947;-0.0081;-1.848;0.554
7160;7.159;-13.934;-7.18;702.576;-0.2873;-0.1362;0.0045;-11.818;3.221
7161;7.16;-15.456;-9.987;699.643;-0.3062;-0.1932;-0.0039;11.909;-6.689
7162;7.161;-10.849;-5.544;691.814;-0.1919;-0.11;-0.0002;-0.431;0.17
7163;7.162;-9.421;-11.197;696.44;-0.1903;-0.2077;0.0021;4.603;-6.989
7164;7.163;-9.476;-3.794;690.118;-0.1893;-0.0693;-0.0092;3.033;7.47
7165;7.164;-10.504;-9.532;703.059;-0.2179;-0.2008;-0.0014;3.044;-7.94
7166;7.165;-10.128;-11.273;688.146;-0.206;-0.2358;0.0067;1.883;4.792
7167;7.166;-12.37;-8.222;698.315;-0.2502;-0.1657;0.004;4.352;-1.524
7168;7.167;-8.061;-6.072;685.751;-0.1437;-0.1283;0.0002;-2.421;-0.474
7169;7.168;-12.775;-5.574;705.784;-0.2603;-0.1078;-0.0003;3.229;-9.285
7170;7.169;-13.205;-7.337;687.086;-0.2563;-0.169;-0.0074;-6.27;0.868
7171;7.17;-12.184;-8.605;703.118;-0.2319;-0.1766;-0.0005;-3.624;-3.005
7172;7.171;-10.426;-8.543;687.705;-0.1947;-0.1716;-0.0007;-1.416;7.224
7173;7.172;-14.216;-10.9;679.072;-0.2704;-0.2079;-0.0094;8.224;3.041
7174;7.173;-12.27;-7.812;697.136;-0.2472;-0.1579;-0.0075;2.193;-6.227
7175;7.174;-14.828;-9.77;684.66;-0.2789;-0.1947;0.0092;-3.294;-1.649
7176;7.175;-12.055;-10.898;703.252;-0.2335;-0.2049;0.0029;0.15;12.004
7177;7.176;-13.922;-12.095;691.662;-0.2754;-0.2425;-0.0089;5.301;1.703
7178;7.177;-13.832;-6.524;701.284;-0.2797;-0.1129;0.0055;-0.605;1.749
7179;7.178;-12.28;-10.059;698.343;-0.2373;-0.2043;0.0062;2.824;-0.087
7180;7.179;-10.453;-7.564;681.628;-0.2019;-0.1565;0.0009;2.591;-3.374
7181;7.18;-16.164;-10.4;676.569;-0.3172;-0.2155;0.002;-3.797;-6.171
7182;7.181;-11.743;-9.038;692.374;-0.2333;-0.1704;-0.0031;-7.307;-5.735
7183;7.182;-11.548;-7.475;675.152;-0.2247;-0.1443;0.0042;4.428;-8.356
7184;7.183;-16.946;-7.896;684.941;-0.3338;-0.1353;0.0006;-7.325;-1.19
7185;7.184;-13.071;-6.356;668.679;-0.25;-0.1251;-0.0053;-7.897;-0.256
7186;7.185;-8.104;-10.321;681.787;-0.1369;-0.2276;0.0039;-8.094;-10.558
7187;7.186;-13.505;-4.503;685.274;-0.2661;-0.0868;-0.0031;2.645;-3.598
7188;7.187;-10.402;-8.526;670.847;-0.1968;-0.1564;-0.0032;1.739;0.102
7189;7.188;-10.914;-10.832;678.285;-0.2035;-0.2224;-0.0061;-1.865;-3.877
7190;7.189;-8.434;-7.69;674.714;-0.1607;-0.1453;-0.0009;6.346;5.143
7191;7.19;-12.323;-9.352;683.158;-0.2457;-0.1783;0.0044;-5.829;-6.329
7192;7.191;-15.022;-5.472;671.74;-0.2966;-0.0998;0.0021;-6.29;4.639
7193;7.192;-13.574;-9.351;676.139;-0.2658;-0.1874;0.0019;-2.059;-6.796
7194;7.193;-8.605;-9.025;664.502;-0.1779;-0.1831;0.005;7.283;-3.204
7195;7.194;-13.318;-5.562;673.061;-0.2634;-0.108;0.0008;2.819;-18.168
7196;7.195;-12.899;-9.762;689.768;-0.261;-0.1887;-0.0026;-4.65;-10.828
7197;7.196;-16.038;-9.685;669.542;-0.3194;-0.1941;0.0027;-1.155;-5.222
7198;7.197;-13.242;-9.715;677.059;-0.2712;-0.198;0.0015;8.409;-3.352
7199;7.198;-11.443;-9.797;678.21;-0.2231;-0.1979;0.005;-2.663;-6.169
7200;7.199;-9.773;-9.897;679.239;-0.199;-0.1998;0.0142;1.034;7.002
7201;7.2;-13.522;-8.619;670.784;-0.2685;-0.1621;0.002;1.598;1.676
7202;7.201;-13.505;-10.483;679.653;-0.2629;-0.2131;0.0034;1.38;5.47
7203;7.202;-10.681;-3.911;663.023;-0.1989;-0.082;0.0017;7.292;-8.741
7204;7.203;-11.777;-12.048;671.366;-0.247;-0.2359;0.0017;-1.95;10.307
7205;7.204;-9.739;-8.698;654.895;-0.1905;-0.1618;-0.0075;6.308;0.217
7206;7.205;-11.682;-8.071;666.474;-0.2259;-0.1574;0.0031;-3.322;-1.83
7207;7.206;-10.385;-9.52;670.239;-0.2032;-0.1816;-0.002;0.059;-4.781
7208;7.207;-8.333;-9.486;663.709;-0.1852;-0.187;0.0001;8.267;-1.233
7209;7.208;-14.076;-10.368;664.062;-0.279;-0.184;-0.0058;-3.438;-3.17
7210;7.209;-13.894;-7.484;672.052;-0.2685;-0.1536;0.003;6.076;3.426
7211;7.21;-13.18;-10.214;658.777;-0.2378;-0.1957;-0.0068;-2.888;-1.096
7212;7.211;-11.217;-8.547;667.732;-0.2237;-0.1569;0.0079;3.477;-1.125
7213;7.212;-10.891;-6.481;665.526;-0.1977;-0.1326;0.0115;-2.955;3.478
7214;7.213;-10.905;-6.885;666.365;-0.2286;-0.1502;0.0085;-8.226;-2.667
7215;7.214;-4.625;-10.124;659.686;-0.0985;-0.2075;-0.0008;2.276;-6.29
7216;7.215;-10.197;-10.181;685.455;-0.2237;-0.1951;0.0029;2.33;-2.026
7217;7.216;-13.65;-8.992;664.345;-0.265;-0.1707;-0.0037;0.636;-1.366
7218;7.217;-13.599;-10.391;663.156;-0.2795;-0.2027;0.002;-1.273;-2.07
7219;7.218;-14.658;-9.314;669.751;-0.2943;-0.186;0.0053;-3.483;0.361
7220;7.219;-13.441;-4.477;651.725;-0.2677;-0.0805;-0.0048;1.438;5.781
7221;7.22;-9.485;-7.098;674.033;-0.1728;-0.1398;-0.0029;-2.898;-4.043
7222;7.221;-10.49;-9.544;672.297;-0.2127;-0.1931;0.0017;4.863;-0.778
7223;7.222;-13.973;-8.301;664.595;-0.2821;-0.1592;0.0043;1.42;-7.583
7224;7.223;-11.328;-6.74;681.162;-0.2252;-0.1248;-0.0041;-1.058;-8.092
7225;7.224;-9.784;-11.658;662.346;-0.1874;-0.2343;0.01;-2.652;-3.903
7226;7.225;-13.729;-8.369;647.576;-0.2844;-0.1753;0.0049;-0.69;6.124
7227;7.226;-11.458;-8.323;663.83;-0.2283;-0.1658;-0.0011;-2.139;-0.43
7228;7.227;-11.647;-9.934;665.318;-0.2353;-0.1996;-0.0016;2.643;9.408
7229;7.228;-9.986;-7.498;665.635;-0.2024;-0.147;0.001;-2.171;9.557
7230;7.229;-12.927;-10.252;667.77;-0.2613;-0.1889;0.0065;4.258;1.975
7231;7.23;-11.802;-10.11;663.623;-0.2458;-0.1937;0.0006;3.427;3.277
7232;7.231;-9.157;-9.774;666.367;-0.204;-0.1917;0.0042;2.557;1.152
7233;7.232;-9.753;-8.601;667.557;-0.1867;-0.1956;-0.0019;5.065;3.589
7234;7.233;-10.662;-8.87;678.345;-0.2222;-0.1973;-0.0069;-8.36;-0.373
7235;7.234;-13.072;-10.218;683.446;-0.2632;-0.2115;0.0025;-0.926;2.179
7236;7.235;-10.703;-10.479;681.367;-0.2164;-0.2161;-0.0017;-5.092;-5.875
7237;7.236;-13.263;-7.632;682.608;-0.2551;-0.1696;0.009;3.963;0.416
7238;7.237;-11.614;-9.834;664.466;-0.2445;-0.1929;-0.0025;-1.998;4.251
7239;7.238;-7.798;-9.416;667.365;-0.1675;-0.2027;0.0057;2.705;0.753
7240;7.239;-12.099;-8.658;675.607;-0.2516;-0.1605;-0.0034;4.755;2.913
7241;7.24;-8.501;-3.857;681.844;-0.1743;-0.0961;-0.0006;0.166;10.096
7242;7.241;-15.421;-7.327;678.599;-0.3051;-0.1455;-0.0006;6.778;-4.145
7243;7.242;-13.953;-5.663;685.772;-0.2808;-0.0952;-0.0042;2.626;-0.608
7244;7.243;-18.477;-12.082;695.589;-0.3702;-0.227;0.002;-2.547;5.035
7245;7.244;-13.365;-8.96;686.804;-0.2663;-0.1728;-0.0007;-4.885;0.687
7246;7.245;-5.271;-7.63;695.888;-0.1099;-0.1488;0.0003;-2.89;7.048
7247;7.246;-10.598;-10.273;690.333;-0.2184;-0.2173;-0.0032;5.87;1.165
7248;7.247;-7.481;-9.744;697.609;-0.1266;-0.2016;0.0082;-0.584;-6.823
7249;7.248;-11.345;-11.006;683.489;-0.2374;-0.227;-0.0034;3.789;-2.273
7250;7.249;-10.794;-11.52;681.11;-0.1989;-0.2358;-0.002;-6.046;-1.108
7251;7.25;-8.512;-11.254;696.766;-0.1956;-0.2171;0.007;-3.374;1.66
7252;7.251;-10.356;-11.56;698.851;-0.2203;-0.2237;0.0003;-0.006;1.002
7253;7.252;-12.07;-9.779;707.28;-0.2405;-0.1971;0.0003;1.963;-5.232
7254;7.253;-6.815;-13.901;686.986;-0.1326;-0.2632;-0.0043;2.84;-5.486
7255;7.254;-16.711;-12.38;699.055;-0.3277;-0.2396;0.0016;3.444;-0.345
7256;7.255;-9.849;-6.004;687.344;-0.1782;-0.1028;0.0019;-1.53;-2.916
7257;7.256;-9.923;-9.246;710.529;-0.2205;-0.1926;0.0069;-9.152;1.621
7258;7.257;-10.746;-6.825;698.225;-0.2216;-0.1385;-0.0082;5.564;-13.876
7259;7.258;-13.503;-6.629;709.51;-0.261;-0.1328;0.0092;11.812;1.178
7260;7.259;-7.554;-8.834;700.371;-0.1463;-0.1906;-0.0053;7.59;3.386
7261;7.26;-12.285;-4.995;693.153;-0.2479;-0.1014;-0.0019;-3.032;-6.072
7262;7.261;-5.045;-7.254;698.916;-0.0881;-0.1511;-0.0037;-9.74;-1.992
7263;7.262;-13.492;-8.89;701.201;-0.2738;-0.1639;-0.0062;11.307;4.3
7264;7.263;-12.127;-10.257;706.129;-0.2425;-0.2183;-0.0033;-4.151;-1.882
7265;7.264;-6.429;-6.183;719.399;-0.1435;-0.1301;-0.0037;-3.467;-2.099
7266;7.265;-14.403;-7.699;717.56;-0.2816;-0.1584;0.0031;8.584;-3.663
7267;7.266;-13.165;-7.498;718.218;-0.2565;-0.1294;-0.0014;-6.243;-11.05
7268;7.267;-9.566;-5.703;717.892;-0.1831;-0.0929;0.0031;-1.968;4.824
7269;7.268;-7.938;-8.572;715.132;-0.1579;-0.168;-0.001;1.426;3.439
7270;7.269;-12.607;-12.337;722.327;-0.2523;-0.2528;0.003;-8.222;1.539
7271;7.27;-8.843;-8.9;730.298;-0.1907;-0.1623;0.0009;-3.783;-1.454
7272;7.271;-13.204;-10.638;718.509;-0.2815;-0.2114;-0.0008;-4.495;-1.486
7273;7.272;-12.277;-7.884;725.555;-0.2296;-0.1513;0.007;-3.941;2.558
7274;7.273;-9.848;-5.838;713.943;-0.1982;-0.1159;-0.0068;3.176;-2.284
7275;7.274;-11.7;-7.618;723.473;-0.2426;-0.1447;0.0011;2.362;-2.802
7276;7.275;-13.165;-9.202;709.013;-0.2471;-0.1882;-0.0007;-0.896;6.589
7277;7.276;-12.224;-5.428;718.192;-0.2521;-0.0979;-0.0044;9.511;2.668
7278;7.277;-10.876;-5.308;710.642;-0.2102;-0.1098;0.006;-2.895;-1.425
7279;7.278;-11.107;-4.31;717.636;-0.2279;-0.0808;-0.001;-6.102;3.55
7280;7.279;-11.311;-6.969;725.541;-0.2145;-0.1608;0.002;-4.697;-0.782
7281;7.28;-11.126;-7.141;725.814;-0.215;-0.1306;0.0034;8.337;5.189
7282;7.281;-9.445;-8.034;732.809;-0.1811;-0.154;-0.0039;-5.811;2.752
7283;7.282;-8.359;-8.974;717.387;-0.157;-0.1574;-0.005;-0.761;-2.697
7284;7.283;-8.357;-8.217;708.481;-0.1602;-0.1687;0.0006;2.22;-4.503
7285;7.284;-11.147;-9.157;722.028;-0.2257;-0.1976;-0.0062;-1.209;-4.874
7286;7.285;-12.538;-8.993;731.141;-0.2506;-0.1814;0.0014;1.497;8.035
7287;7.286;-9.877;-8.452;729.707;-0.2114;-0.1689;-0.0024;1.687;2.537
7288;7.287;-13.462;-9.204;711.116;-0.275;-0.1902;-0.0014;-3.187;3.934
7289;7.288;-10.322;-4.359;712.129;-0.2198;-0.0857;0.0001;3.793;5.77
7290;7.289;-15.403;-8.552;730.673;-0.3084;-0.1734;0.0031;-3.747;-7.95
7291;7.29;-12.632;-10.139;730.506;-0.2701;-0.2011;-0.0087;2.738;4.007
7292;7.291;-10.642;-3.981;710.366;-0.2167;-0.0757;0.0012;7.904;0.147
7293;7.292;-11.966;-10.214;718.874;-0.2572;-0.2159;-0.0026;-7.095;-7.895
7294;7.293;-10.321;-4.794;729.605;-0.1958;-0.1045;0.0049;-4.277;-3.071
7295;7.294;-14.0;-4.656;729.046;-0.2997;-0.1033;0.0059;8.042;0.503
7296;7.295;-8.286;-8.486;717.949;-0.1795;-0.151;0.0018;-0.165;-5.205
7297;7.296;-11.588;-6.24;707.787;-0.2517;-0.1315;0.0019;4.541;-3.949
7298;7.297;-5.483;-9.287;725.157;-0.0815;-0.199;0.0035;-10.542;-7.291
7299;7.298;-8.543;-4.682;714.189;-0.1784;-0.0926;0.0035;8.806;1.901
7300;7.299;-11.008;-7.409;726.988;-0.2279;-0.1527;-0.0012;2.975;3.255
7301;7.3;-11.101;-7.832;727.209;-0.2214;-0.1659;0.0037;1.822;-3.062
7302;7.301;-5.896;-9.293;720.207;-0.1161;-0.1716;-0.0061;5.354;3.642
7303;7.302;-11.712;-8.112;714.506;-0.2329;-0.1665;-0.0046;-4.733;-2.364
7304;7.303;-10.253;-6.923;717.98;-0.2172;-0.1368;-0.0094;8.541;-5.921
7305;7.304;-8.826;-4.378;725.136;-0.18;-0.0619;-0.0012;12.415;-5.011
7306;7.305;-9.851;-1.702;717.921;-0.2016;-0.0448;0.0019;5.245;0.251
7307;7.306;-9.847;-5.814;717.746;-0.1977;-0.1067;-0.0048;-2.294;1.548
7308;7.307;-8.66;-8.883;707.333;-0.1688;-0.1783;-0.0015;8.686;-8.235
7309;7.308;-6.489;-9.588;711.394;-0.131;-0.191;0.0094;5.112;-6.026
7310;7.309;-6.122;-5.379;722.775;-0.1317;-0.0927;0.0052;5.835;-3.507
7311;7.31;-7.277;-9.148;704.374;-0.1574;-0.1871;0.0047;5.328;-0.968
7312;7.311;-17.091;-4.217;723.403;-0.3332;-0.0822;0.0105;-0.1;-1.965
7313;7.312;-8.602;-7.766;717.664;-0.1668;-0.159;0.0037;3.771;5.169
7314;7.313;-10.652;-7.442;708.26;-0.2218;-0.1516;-0.0065;5.959;-4.121
7315;7.314;-8.728;-5.603;700.226;-0.1762;-0.1214;0.0044;-2.298;10.213
7316;7.315;-9.128;-5.692;702.947;-0.1758;-0.1188;0.0004;-3.248;-8.313
7317;7.316;-13.104;-8.465;713.372;-0.2424;-0.1813;-0.0019;12.754;-6.514
7318;7.317;-6.657;-6.139;708.987;-0.131;-0.1164;-0.006;-4.528;-0.761
7319;7.318;-10.941;-9.599;720.939;-0.2189;-0.1865;-0.0044;-7.457;-4.858
7320;7.319;-13.012;-7.074;712.989;-0.2564;-0.1537;0.0061;1.719;0.59
7321;7.32;-8.371;-6.037;713.031;-0.1612;-0.1232;0.0047;-4.686;8.748
7322;7.321;-7.435;-8.912;708.65;-0.1484;-0.1812;0.0048;11.263;-12.718
7323;7.322;-10.842;-5.293;711.579;-0.212;-0.1093;-0.0085;4.954;3.933
7324;7.323;-7.987;-4.406;698.454;-0.1442;-0.0792;0.0069;-3.135;2.676
7325;7.324;-12.505;-4.107;711.86;-0.2491;-0.0883;-0.0013;5.04;1.289
7326;7.325;-5.473;-8.064;684.023;-0.1382;-0.1601;0.0054;-11.059;-6.379
7327;7.326;-8.838;-2.032;711.046;-0.1715;-0.0281;0.006;-4.946;-1.975
7328;7.327;-11.295;-5.708;711.67;-0.22;-0.1195;-0.0039;2.091;-4.223
7329;7.328;-6.566;-7.967;718.004;-0.1505;-0.1559;-0.0029;-2.96;-0.055
7330;7.329;-8.641;-7.502;696.982;-0.1628;-0.1501;-0.0009;1.906;2.661
7331;7.33;-6.321;-4.72;709.707;-0.1158;-0.0979;0.0049;3.292;5.055
7332;7.331;-9.376;-6.454;687.883;-0.1771;-0.1219;-0.0081;2.907;3.141
7333;7.332;-10.268;-3.706;704.192;-0.2129;-0.0856;0.0002;-0.62;-3.323
7334;7.333;-12.07;-7.61;709.616;-0.2429;-0.1522;0.0044;-0.174;1.155
7335;7.334;-9.416;-6.422;689.457;-0.1862;-0.1203;0.002;-0.019;-1.768
7336;7.335;-11.485;-5.064;703.513;-0.2327;-0.11;0.0095;4.605;-1.477
7337;7.336;-13.728;-5.981;711.953;-0.2847;-0.11;-0.0027;4.281;-2.891
7338;7.337;-10.422;-8.413;709.535;-0.1867;-0.1631;0.0035;-11.591;5.629
7339;7.338;-8.466;-5.748;701.481;-0.1845;-0.1134;-0.0038;3.233;1.856
7340;7.339;-8.819;-5.014;689.042;-0.181;-0.102;0.0103;8.635;-10.382
7341;7.34;-12.203;-3.983;705.161;-0.2403;-0.076;0.0029;0.597;-8.497
7342;7.341;-6.65;-7.197;712.734;-0.1288;-0.1306;-0.0001;1.829;1.919
7343;7.342;-4.778;-9.95;701.651;-0.0941;-0.1871;-0.0022;-1.08;1.473
7344;7.343;-8.509;-7.069;700.948;-0.1649;-0.1475;0.0036;-1.943;5.347
7345;7.344;-7.521;-6.922;718.428;-0.1497;-0.1324;0.0026;-1.891;-10.519
7346;7.345;-11.601;-5.12;697.171;-0.23;-0.0918;0.0049;3.32;-4.34
7347;7.346;-9.169;-6.651;699.828;-0.199;-0.1449;0.0029;4.271;6.246
7348;7.347;-7.259;-4.207;707.853;-0.1398;-0.0855;0.0046;0.087;2.49
7349;7.348;-4.489;-3.699;689.556;-0.0903;-0.0761;-0.008;-2.123;-1.711
7350;7.349;-9.395;-8.178;708.054;-0.184;-0.1546;0.0045;2.749;1.216
7351;7.35;-13.156;-2.87;707.073;-0.2638;-0.0654;0.0027;1.752;5.656
7352;7.351;-6.268;-5.78;707.587;-0.1257;-0.1382;0.0018;-4.098;2.691
7353;7.352;-7.19;-5.918;714.801;-0.1503;-0.123;-0.0014;-0.243;3.487
7354;7.353;-4.335;-2.204;706.158;-0.0904;-0.0284;-0.0088;6.61;-1.299
7355;7.354;-6.375;-4.226;702.856;-0.1248;-0.088;-0.0042;2.862;-5.149
7356;7.355;-10.772;-2.94;701.097;-0.1974;-0.0548;0.0039;0.911;1.834
7357;7.356;-7.382;-7.421;695.962;-0.1399;-0.1557;0.0034;3.033;-4.569
7358;7.357;-7.12;-7.129;711.484;-0.1317;-0.133;-0.0039;6.631;11.317
7359;7.358;-11.359;-7.481;714.09;-0.222;-0.163;0.0061;5.088;-1.644
7360;7.359;-6.163;-6.459;722.582;-0.124;-0.135;0.0004;-6.697;-3.413
7361;7.36;-8.332;-4.792;729.188;-0.1733;-0.0884;-0.0009;2.118;-0.656
7362;7.361;-2.504;-5.115;713.943;-0.0341;-0.0966;0.0099;-3.715;0.581
7363;7.362;-7.756;-7.7;721.071;-0.1588;-0.1657;0.0026;-4.509;4.033
7364;7.363;-8.004;-5.264;722.44;-0.1593;-0.1069;0.0007;-4.423;-1.304
7365;7.364;-11.557;-4.369;732.554;-0.2546;-0.0896;0.0011;0.449;2.872
7366;7.365;-11.203;-3.176;724.044;-0.2289;-0.0664;0.0031;3.83;-3.56
7367;7.366;-9.387;-5.99;728.506;-0.2067;-0.1145;-0.005;-0.413;-2.038
7368;7.367;-8.171;-4.644;739.32;-0.1619;-0.1078;-0.0015;-1.171;1.698
7369;7.368;-8.747;-5.2;719.946;-0.1592;-0.1076;-0.0009;-8.6;-7.305
7370;7.369;-9.833;-5.823;729.693;-0.1757;-0.105;-0.0037;-4.652;1.553
7371;7.37;-6.164;-3.66;735.551;-0.1276;-0.0804;-0.0044;-2.199;1.712
7372;7.371;-4.79;-5.691;731.244;-0.086;-0.1142;0.0024;4.532;6.339
7373;7.372;-8.854;-1.64;728.92;-0.1914;-0.0339;0.0034;-7.753;-5.329
7374;7.373;-7.569;-4.519;728.929;-0.168;-0.0965;-0.0017;5.378;-2.004
7375;7.374;-10.557;0.641;740.42;-0.2359;0.018;0.0033;-5.904;-4.773
7376;7.375;-9.432;-0.306;728.867;-0.1946;-0.011;-0.0027;1.229;2.568
7377;7.376;-5.848;-2.622;730.001;-0.1131;-0.0635;-0.0039;1.754;4.035
7378;7.377;-9.418;-4.978;747.156;-0.1632;-0.096;0.0087;-7.713;-0.155
7379;7.378;-5.032;-5.911;727.243;-0.1023;-0.12;0.0042;-2.225;-7.472
7380;7.379;-8.103;-3.341;723.787;-0.1635;-0.047;0.0024;-11.406;-8.542
7381;7.38;-6.615;-2.766;751.786;-0.1243;-0.069;0.0027;4.527;-9.159
7382;7.381;-3.208;-2.977;753.09;-0.0584;-0.0622;-0.0012;-2.38;1.171
7383;7.382;-12.428;-3.567;742.577;-0.2619;-0.0863;0.003;1.68;-3.708
7384;7.383;-4.976;-4.166;755.647;-0.0963;-0.0822;-0.0031;10.418;4.981
7385;7.384;-5.186;-8.404;738.998;-0.0985;-0.1629;-0.001;3.919;4.114
7386;7.385;-7.136;-4.155;746.062;-0.148;-0.0892;0.0051;9.646;5.594
7387;7.386;-11.039;-4.803;749.54;-0.2157;-0.0996;-0.0058;-5.482;2.36
7388;7.387;-7.483;-2.304;747.684;-0.1377;-0.0385;-0.0027;5.599;1.751
7389;7.388;-4.548;-1.788;760.067;-0.1003;-0.0328;-0.0073;-3.285;-7.131
7390;7.389;-12.215;-3.907;766.351;-0.2653;-0.0921;0.0091;-4.361;8.79
7391;7.39;-7.501;-2.423;743.902;-0.1476;-0.033;0.0023;-0.688;-0.874
7392;7.391;-0.858;-4.314;751.794;-0.0479;-0.0949;-0.0073;-4.202;-6.047
7393;7.392;-7.134;-3.352;755.205;-0.1471;-0.0698;-0.0053;1.357;-1.067
7394;7.393;-4.885;-2.305;749.79;-0.1044;-0.0467;0.0028;8.143;-1.272
7395;7.394;-7.398;-5.1;737.664;-0.1541;-0.0929;0.0012;7.961;2.553
7396;7.395;-11.517;-0.269;760.508;-0.2057;0.0099;0.0011;0.71;4.5
7397;7.396;-6.696;-5.443;756.943;-0.1269;-0.1007;0.0042;0.559;10.442
7398;7.397;-5.118;-2.97;757.064;-0.1065;-0.0635;0.0016;-6.956;2.748
7399;7.398;-5.753;-2.202;767.1;-0.0965;-0.041;-0.0087;-10.166;-1.999
7400;7.399;-8.59;1.525;767.233;-0.1705;0.0452;-0.0003;-4.632;6.719
7401;7.4;-4.906;-4.054;773.071;-0.0973;-0.0905;-0.0067;2.4;-7.818
7402;7.401;-6.955;2.299;764.804;-0.1416;0.0513;-0.0051;11.238;8.472
7403;7.402;-5.388;-5.467;752.079;-0.1037;-0.1037;-0.0025;3.16;1.316
7404;7.403;-7.206;-2.407;768.864;-0.1434;-0.056;-0.0014;-3.984;-2.594
7405;7.404;-5.196;-3.028;763.132;-0.0978;-0.0705;0.0015;2.733;0.101
7406;7.405;-6.746;-3.513;764.308;-0.1507;-0.0688;0.0008;4.27;1.964
7407;7.406;-4.016;-6.377;764.792;-0.0781;-0.1271;-0.0005;6.83;4.29
7408;7.407;-4.123;-1.431;761.991;-0.0694;-0.0335;-0.0018;2.272;2.119
7409;7.408;-6.06;-5.989;756.388;-0.1166;-0.1164;0.005;-8.293;2.479
7410;7.409;-4.285;1.065;768.116;-0.09;0.043;-0.0065;-1.787;6.856
7411;7.41;-5.364;-3.898;780.644;-0.1117;-0.0774;-0.0038;-2.806;-1.043
7412;7.411;-6.829;-0.407;767.613;-0.14;-0.015;0.0083;-0.498;-9.898
7413;7.412;-9.736;-6.581;773.659;-0.1927;-0.1209;-0.0018;5.603;4.257
7414;7.413;-9.228;-2.569;780.822;-0.17;-0.0469;-0.0006;-10.513;-0.314
7415;7.414;-6.204;-0.961;757.589;-0.1392;-0.0109;0.0065;2.606;-9.981
7416;7.415;-6.341;-2.72;765.149;-0.1223;-0.0438;-0.0051;-1.511;3.204
7417;7.416;-3.706;-0.355;769.464;-0.0818;0.0015;0.0034;8.884;-0.978
7418;7.417;-1.831;-1.13;774.9;-0.0523;-0.0234;-0.0056;-3.52;-5.441
7419;7.418;-2.068;0.773;755.777;-0.0397;0.0121;-0.0094;-3.952;10.395
7420;7.419;-6.155;-1.764;760.313;-0.1326;-0.0336;0.0079;4.361;-5.953
7421;7.42;-3.641;2.528;774.465;-0.0681;0.028;0.0056;1.487;-2.206
7422;7.421;-8.734;1.79;758.877;-0.177;0.0388;-0.0004;-9.115;1.516
7423;7.422;-4.379;-1.749;766.322;-0.0945;-0.0385;-0.0061;-0.751;-0.108
7424;7.423;-2.35;-0.029;759.078;-0.0606;0.0161;0.0058;0.704;4.345
7425;7.424;-3.111;-3.836;781.093;-0.07;-0.0788;-0.0021;2.369;-11.609
7426;7.425;-1.417;-0.046;763.368;-0.0347;0.0042;-0.0077;-4.1;1.871
7427;7.426;-2.455;-2.106;759.478;-0.0525;-0.058;-0.0055;3.434;9.026
7428;7.427;-6.555;-4.48;766.48;-0.1362;-0.0735;0.0044;-0.418;-5.465
7429;7.428;-5.952;4.261;745.227;-0.1111;0.0884;0.0112;3.931;-0.957
7430;7.429;-4.843;-0.135;756.387;-0.0946;-0.0047;-0.0015;3.722;8.376
7431;7.43;-3.326;-0.397;758.704;-0.0616;-0.009;0.0044;2.691;-10.313
7432;7.431;-8.446;-2.692;763.82;-0.1578;-0.0773;0.0114;3.766;-11.336
7433;7.432;-1.825;1.458;751.771;-0.0452;0.0257;-0.0105;-5.439;-1.169
7434;7.433;-5.74;0.735;745.911;-0.1158;0.0123;-0.0029;-1.192;-0.453
7435;7.434;-0.425;1.128;765.071;0.0005;0.0221;-0.0024;-8.119;1.523
7436;7.435;-1.895;1.228;764.688;-0.0502;0.0289;0.0122;3.185;7.475
7437;7.436;0.789;0.609;746.171;0.0012;0.0121;0.0024;-2.583;-3.163
7438;7.437;-6.869;-0.982;750.921;-0.1294;-0.0019;0.0009;-1.605;-3.423
7439;7.438;-1.543;3.392;762.013;-0.0268;0.0573;0.004;5.231;-2.642
7440;7.439;-2.174;1.133;749.874;-0.0573;0.0285;-0.0082;5.312;-1.121
7441;7.44;-3.36;-4.194;747.243;-0.0847;-0.0721;-0.0081;-1.998;5.58
7442;7.441;-2.124;2.907;751.317;-0.0445;0.0453;-0.0002;3.552;-1.007
7443;7.442;-3.839;0.375;754.854;-0.0819;0.0106;0.0017;-0.62;-1.034
7444;7.443;-3.143;-1.204;749.86;-0.0703;-0.022;0.0026;-2.638;4.23
7445;7.444;-6.002;1.713;738.287;-0.1395;0.0477;-0.0033;-7.759;-1.536
7446;7.445;-3.498;0.499;738.165;-0.0666;0.0146;-0.0055;2.667;1.433
7447;7.446;-0.12;-0.392;752.111;-0.0179;-0.0149;-0.0047;-7.999;4.31
7448;7.447;-3.871;-0.796;746.579;-0.0624;-0.0216;0.0061;-6.296;-6.0
7449;7.448;-4.585;-0.638;743.322;-0.0946;-0.0039;0.0058;-5.71;0.26
7450;7.449;-5.305;4.585;741.448;-0.1117;0.0899;-0.0089;0.99;-1.363
7451;7.45;-4.02;-3.327;745.206;-0.0816;-0.0726;0.0021;7.542;-7.471
7452;7.451;-6.956;2.763;731.091;-0.1326;0.0595;-0.0034;3.214;1.157
7453;7.452;-0.167;-1.955;766.523;-0.0103;-0.043;0.0001;3.188;-4.95
7454;7.453;-4.606;-0.272;738.056;-0.1084;-0.0149;0.0008;2.169;2.377
7455;7.454;0.094;4.642;753.117;-0.0002;0.0865;-0.0017;-0.274;-7.345
7456;7.455;-4.576;-2.908;732.283;-0.0879;-0.0766;0.0018;0.179;-2.543
7457;7.456;-2.429;2.202;739.865;-0.0466;0.0467;-0.0035;-1.012;-6.781
7458;7.457;-0.439;0.455;747.672;0.0098;-0.0197;-0.0002;2.062;-3.842
7459;7.458;-8.96;3.642;735.901;-0.1725;0.0828;-0.003;-4.479;-1.6
7460;7.459;-0.584;4.892;741.32;-0.0173;0.0969;-0.0002;0.128;-5.873
7461;7.46;-2.324;3.977;740.323;-0.041;0.0855;-0.0062;5.545;5.39
7462;7.461;-0.199;5.761;738.272;-0.014;0.1378;0.0045;-13.424;-7.736
7463;7.462;-0.119;-1.126;741.542;0.0214;-0.0376;0.0063;5.387;-7.703
7464;7.463;1.15;1.524;739.729;0.0165;0.0165;0.0101;1.101;5.343
7465;7.464;0.284;0.372;737.828;-0.0046;0.015;0.002;5.896;-9.034
7466;7.465;0.322;5.226;741.403;-0.003;0.1082;-0.0076;-3.455;2.882
7467;7.466;-2.221;1.272;739.603;-0.0443;0.0271;0.0019;-4.296;1.721
7468;7.467;2.495;2.485;746.89;0.0533;0.0589;-0.0038;-4.684;-2.363
7469;7.468;-3.055;1.208;740.439;-0.0527;0.0414;0.0079;-0.954;-3.039
7470;7.469;-2.744;2.245;733.537;-0.0352;0.0532;-0.0013;2.133;-3.548
7471;7.47;1.498;3.051;734.951;0.0238;0.0221;0.0062;0.849;-0.047
7472;7.471;-2.845;3.352;758.086;-0.0538;0.0803;-0.0002;1.651;-7.058
7473;7.472;-1.04;0.753;748.042;-0.0287;0.0088;0.0038;-2.736;-0.59
7474;7.473;-3.065;3.196;735.621;-0.0626;0.0621;0.0052;-4.566;-4.8
7475;7.474;-2.023;-3.157;731.806;-0.0464;-0.0748;-0.0036;7.427;3.689
7476;7.475;-3.988;7.342;735.698;-0.0745;0.164;-0.0014;-0.445;10.017
7477;7.476;-1.49;1.239;744.624;-0.0583;0.0265;-0.0029;-11.262;0.859
7478;7.477;1.845;0.558;736.273;0.0447;-0.0004;0.0012;6.385;2.473
7479;7.478;-1.163;0.902;746.648;-0.0185;0.0119;-0.0031;0.703;8.563
7480;7.479;-6.548;0.723;743.08;-0.1222;0.0111;0.0027;0.413;3.804
7481;7.48;-1.657;-1.431;748.883;-0.0232;-0.0084;0.0041;-4.621;-1.016
7482;7.481;-2.336;5.209;738.785;-0.0568;0.0939;-0.0001;-9.65;4.826
7483;7.482;-1.541;4.887;751.551;-0.0287;0.0951;-0.0038;-4.13;5.547
7484;7.483;-3.206;2.19;746.282;-0.0733;0.0361;0.0082;2.927;-0.384
7485;7.484;0.212;0.839;730.521;0.0185;0.0171;-0.0047;4.505;0.22
7486;7.485;-5.069;1.431;744.647;-0.0997;0.0222;-0.0015;3.802;-6.393
7487;7.486;0.044;5.28;749.679;-0.0128;0.1018;-0.0007;-6.323;-5.816
7488;7.487;-4.424;2.843;741.024;-0.0838;0.0529;0.0;1.618;-3.344
7489;7.488;-1.518;5.083;753.488;-0.0157;0.1096;0.0051;-2.318;1.321
7490;7.489;0.04;3.532;760.071;0.0;0.0659;0.0062;0.998;-3.442
7491;7.49;2.452;0.709;757.358;0.0584;0.0288;-0.0075;-0.644;4.398
7492;7.491;1.395;3.095;761.741;0.0234;0.0715;0.0018;-4.958;3.229
7493;7.492;0.483;4.676;758.864;0.0017;0.0754;-0.0033;-1.407;7.343
7494;7.493;1.954;2.655;757.987;0.0331;0.0547;-0.0044;3.056;-5.584
7495;7.494;0.176;0.094;757.56;-0.003;0.0135;0.009;-0.902;0.255
7496;7.495;-1.257;4.284;753.013;-0.0212;0.089;-0.0062;0.837;9.863
7497;7.496;-5.781;0.315;760.771;-0.1154;-0.0033;0.0054;-0.845;1.321
7498;7.497;-6.59;1.918;758.204;-0.1454;0.0352;-0.0021;-2.526;-6.569
7499;7.498;4.02;5.158;745.376;0.064;0.0967;-0.0043;2.336;-4.336
7500;7.499;0.017;7.287;759.391;0.014;0.1487;0.0095;-8.753;3.093
7501;7.5;-1.169;4.987;756.3;-0.0336;0.0992;0.0027;5.405;8.158
7502;7.501;0.907;3.197;770.98;0.0146;0.0807;0.0002;8.697;-0.371
7503;7.502;1.684;4.692;759.766;0.0527;0.0997;-0.0008;-6.625;-10.645
7504;7.503;-1.359;7.301;764.546;-0.0198;0.1387;0.0122;-9.296;-1.82
7505;7.504;-2.482;2.328;753.109;-0.029;0.0415;-0.0092;-6.44;1.46
7506;7.505;0.0;0.44;773.353;0.0124;0.0219;-0.0011;-9.09;-9.189
7507;7.506;-2.923;2.969;785.411;-0.0549;0.065;0.0057;3.475;9.773
7508;7.507;2.636;1.474;764.727;0.0656;0.0286;-0.0041;7.828;3.155
7509;7.508;3.933;7.92;773.418;0.0731;0.1407;0.0024;-0.031;3.088
7510;7.509;-1.073;6.593;772.818;-0.0226;0.1369;0.0091;7.987;3.14
7511;7.51;1.938;4.475;759.242;0.0373;0.101;0.0077;-3.686;0.894
7512;7.511;4.961;5.549;779.863;0.0989;0.1085;0.0022;-0.624;-4.517
7513;7.512;2.611;6.262;780.749;0.065;0.137;-0.0042;-2.219;1.057
7514;7.513;4.887;2.355;771.598;0.1066;0.0407;-0.0047;2.348;-1.637
7515;7.514;-2.383;3.544;759.172;-0.0409;0.0738;-0.002;-0.027;-2.833
7516;7.515;3.766;1.896;792.651;0.078;0.0375;-0.0032;-8.711;-11.069
7517;7.516;-4.112;1.127;784.211;-0.0828;0.0059;0.0057;3.275;4.226
7518;7.517;1.357;4.343;772.619;0.0296;0.0663;-0.002;-5.587;4.484
7519;7.518;-0.036;7.226;785.548;-0.0054;0.1416;0.0047;-1.536;-1.671
7520;7.519;2.095;3.442;754.295;0.0555;0.074;0.0073;-3.617;0.658
7521;7.52;-2.578;6.409;761.509;-0.0528;0.1402;-0.006;-0.129;2.071
7522;7.521;1.145;5.438;772.71;0.0282;0.1027;0.0028;-4.204;-2.674
7523;7.522;2.092;1.923;786.715;0.0467;0.0447;-0.0011;4.688;-4.13
7524;7.523;0.608;-2.228;772.042;0.0096;-0.0667;-0.007;2.303;7.314
7525;7.524;2.556;1.417;786.002;0.0563;0.0291;-0.0048;4.794;11.266
7526;7.525;1.937;9.939;779.443;0.0438;0.2096;0.0035;8.144;-7.553
7527;7.526;-1.784;5.315;776.261;-0.0361;0.1143;-0.0008;-0.768;-0.957
7528;7.527;5.912;3.122;780.88;0.118;0.0561;0.0046;3.281;-5.786
7529;7.528;-3.812;4.346;776.773;-0.088;0.0898;0.0055;5.794;0.669
7530;7.529;1.876;9.191;777.133;0.0343;0.199;0.0113;2.595;-3.585
7531;7.53;9.276;8.085;789.433;0.1947;0.1714;-0.0062;-1.101;6.528
7532;7.531;3.486;5.969;788.982;0.0835;0.1309;0.0;3.704;-1.034
7533;7.532;1.625;8.215;781.423;0.0456;0.1602;0.0019;-8.516;-1.989
7534;7.533;1.915;5.789;785.747;0.0447;0.1181;-0.0016;1.163;7.394
7535;7.534;-2.082;7.352;786.269;-0.0518;0.1568;-0.0004;5.034;-5.968
7536;7.535;-1.09;5.94;770.476;-0.0086;0.115;-0.0041;-4.978;-3.533
7537;7.536;2.084;2.741;776.737;0.0653;0.0708;-0.0051;-6.946;-3.228
7538;7.537;4.09;6.336;750.365;0.0659;0.1411;-0.0035;6.993;-4.802
7539;7.538;6.63;6.249;783.577;0.1187;0.1429;0.0035;-3.12;-0.554
7540;7.539;0.068;6.485;785.07;0.0135;0.122;0.0042;2.124;1.486
7541;7.54;1.589;6.736;771.693;0.0141;0.1256;-0.001;5.282;5.999
7542;7.541;3.455;6.774;781.282;0.0588;0.138;0.0001;2.297;-0.496
7543;7.542;1.339;5.409;765.328;0.0173;0.1066;-0.0013;3.943;-3.421
7544;7.543;0.015;8.478;760.337;-0.0023;0.1567;0.0033;0.813;-2.044
7545;7.544;3.154;5.822;775.799;0.0589;0.1162;0.0059;-6.408;5.48
7546;7.545;2.84;8.599;787.462;0.0536;0.1935;-0.0066;-4.162;1.374
7547;7.546;2.873;5.492;785.444;0.068;0.0981;0.0045;-0.677;-0.802
7548;7.547;3.203;4.466;772.198;0.0704;0.0975;0.0102;11.602;5.467
7549;7.548;2.971;5.267;774.152;0.0677;0.1077;0.01;-1.69;0.904
7550;7.549;3.362;6.399;779.235;0.0655;0.1397;-0.0031;7.339;-3.478
7551;7.55;1.767;3.382;750.105;0.0282;0.0535;-0.0036;3.824;-2.694
7552;7.551;3.633;5.508;765.498;0.0648;0.1092;-0.0066;4.685;5.91
7553;7.552;3.578;8.573;762.36;0.0772;0.1632;0.0027;-3.767;-3.187
7554;7.553;1.923;10.51;756.586;0.0231;0.2017;-0.0008;-2.913;1.679
7555;7.554;3.884;7.418;768.206;0.0697;0.1507;0.0034;-1.578;-0.517
7556;7.555;5.149;9.025;766.255;0.1015;0.1931;-0.008;5.082;-7.067
7557;7.556;-0.233;3.339;754.196;-0.0254;0.0742;0.0003;-7.926;-2.497
7558;7.557;-0.903;4.309;776.401;-0.0121;0.093;-0.0023;3.624;3.477
7559;7.558;3.634;7.936;757.241;0.0798;0.1566;-0.0047;5.887;5.194
7560;7.559;6.316;6.337;736.861;0.1322;0.133;0.0071;5.511;2.885
7561;7.56;3.145;7.479;755.583;0.0519;0.1419;-0.0017;1.713;2.879
7562;7.561;3.801;9.316;752.284;0.0809;0.1777;0.0077;6.039;-1.579
7563;7.562;2.853;5.458;774.567;0.0648;0.1085;0.0091;-2.777;0.68
7564;7.563;4.135;8.137;754.597;0.0823;0.1599;0.0079;-2.058;6.654
7565;7.564;6.382;7.754;757.032;0.1362;0.1555;-0.0024;-3.781;-2.042
7566;7.565;8.171;2.906;755.302;0.1659;0.0581;-0.001;-10.294;-1.065
7567;7.566;3.622;7.046;743.366;0.069;0.136;-0.0003;-1.632;6.934
7568;7.567;5.682;4.435;744.366;0.1144;0.0905;-0.0028;6.969;4.659
7569;7.568;3.657;4.457;750.42;0.0571;0.1041;-0.001;4.126;-1.211
7570;7.569;2.497;10.394;741.907;0.0633;0.2019;0.0027;8.492;-8.529
7571;7.57;3.847;5.848;751.864;0.0802;0.095;-0.0022;-10.498;-4.416
7572;7.571;4.602;8.895;748.996;0.1023;0.1968;0.0024;-1.872;4.256
7573;7.572;9.978;8.408;740.968;0.2028;0.1816;-0.0067;0.987;-0.529
7574;7.573;3.624;5.927;746.483;0.0725;0.1304;0.0031;-1.703;-0.752
7575;7.574;3.13;8.504;731.896;0.0474;0.1647;-0.0042;8.226;12.066
7576;7.575;5.226;11.233;740.945;0.104;0.2297;0.0035;6.272;-2.218
7577;7.576;2.55;8.375;733.638;0.0523;0.1739;-0.0003;-3.513;7.148
7578;7.577;5.395;7.917;740.947;0.1288;0.1463;0.0001;-2.619;-2.646
7579;7.578;2.367;6.53;744.837;0.0216;0.1354;0.0011;0.088;-7.302
7580;7.579;8.11;8.4;730.979;0.1485;0.1691;-0.0065;1.436;5.823
7581;7.58;2.108;13.183;722.552;0.0555;0.2652;-0.0031;-2.102;-7.594
7582;7.581;5.671;5.479;750.365;0.1253;0.1171;0.0001;7.659;5.576
7583;7.582;4.169;7.535;728.012;0.0904;0.14;0.0081;-6.461;-1.897
7584;7.583;0.678;1.946;731.519;0.0177;0.0445;0.0019;-5.186;4.13
7585;7.584;8.968;3.968;731.161;0.1687;0.0684;-0.0113;-5.742;9.787
7586;7.585;5.246;10.566;716.951;0.1033;0.2231;-0.0066;-5.127;-4.201
7587;7.586;5.636;8.128;749.909;0.1218;0.1772;0.0009;1.278;7.619
7588;7.587;2.697;6.511;728.254;0.0761;0.1417;-0.0035;-0.149;1.807
7589;7.588;7.266;9.242;733.103;0.1458;0.1869;0.0028;3.934;-3.323
7590;7.589;5.829;6.164;732.25;0.1146;0.134;-0.0014;-2.769;-11.43
7591;7.59;4.418;7.157;721.805;0.0878;0.1513;-0.0024;-4.227;-1.356
7592;7.591;4.062;7.212;725.738;0.0736;0.1485;0.0003;2.797;-10.038
7593;7.592;9.889;5.611;722.467;0.2004;0.0976;-0.0037;0.308;2.017
7594;7.593;5.949;7.611;724.239;0.1175;0.1604;-0.0026;1.539;-1.046
7595;7.594;-2.187;11.024;730.762;-0.0333;0.1903;-0.0083;10.16;0.229
7596;7.595;4.907;4.877;727.564;0.0837;0.093;-0.0033;-8.778;-13.012
7597;7.596;6.309;8.355;718.442;0.1212;0.1616;0.0014;-3.183;0.761
7598;7.597;8.977;8.897;727.452;0.1898;0.1755;0.0097;-2.27;-4.155
7599;7.598;9.956;9.258;727.243;0.213;0.1772;0.0031;5.152;-0.663
7600;7.599;6.452;8.458;725.764;0.13;0.1603;0.0006;1.283;4.716
7601;7.6;2.474;5.987;710.531;0.0247;0.095;0.0047;-2.968;-1.224
7602;7.601;5.348;7.154;716.582;0.0997;0.1454;0.0049;-3.14;-15.685
7603;7.602;6.014;9.335;728.519;0.1139;0.2073;0.0022;-1.063;-3.732
7604;7.603;3.572;9.062;724.189;0.0682;0.1696;0.0031;-4.699;2.182
7605;7.604;3.348;9.766;746.399;0.0609;0.1808;-0.0073;-3.33;9.929
7606;7.605;12.143;6.53;719.784;0.2485;0.1259;0.0058;-1.669;-3.724
7607;7.606;6.021;10.764;730.538;0.1237;0.1925;-0.0053;4.182;-0.967
7608;7.607;4.46;5.023;739.455;0.0897;0.0814;0.0039;-2.713;-1.99
7609;7.608;7.431;10.008;710.2;0.1445;0.2032;0.011;-10.51;-10.452
7610;7.609;10.611;7.393;726.527;0.2318;0.1287;0.0057;-10.492;5.714
7611;7.61;4.58;7.211;729.669;0.1038;0.1406;0.0008;3.479;10.027
7612;7.611;8.337;10.025;724.18;0.151;0.2039;-0.0021;-4.192;0.608
7613;7.612;9.013;5.242;732.158;0.1709;0.0987;-0.0019;-6.589;3.524
7614;7.613;6.959;7.667;714.355;0.1355;0.1542;-0.008;2.189;3.348
7615;7.614;3.989;7.413;707.844;0.0706;0.1603;0.0011;2.232;4.38
7616;7.615;7.374;5.333;729.486;0.1555;0.1022;0.0059;-0.347;-3.237
7617;7.616;3.812;8.908;720.461;0.0662;0.1791;-0.0023;-1.13;-2.625
7618;7.617;4.058;8.291;737.82;0.0938;0.1601;-0.0036;1.181;1.067
7619;7.618;5.102;7.789;722.802;0.0967;0.1699;-0.0002;0.931;-0.451
7620;7.619;9.303;4.758;739.574;0.1806;0.0912;-0.0051;1.222;-0.259
7621;7.62;9.958;10.248;729.099;0.1922;0.1978;0.0038;-0.948;-3.345
7622;7.621;8.42;6.101;727.474;0.1576;0.1282;-0.0029;-7.353;-0.926
7623;7.622;6.87;5.205;723.997;0.1438;0.097;0.0004;-3.692;-0.952
7624;7.623;7.715;5.302;735.417;0.1598;0.1138;0.0031;-4.225;-5.953
7625;7.624;5.708;11.165;730.606;0.0963;0.224;-0.0017;9.296;-1.734
7626;7.625;10.336;7.511;737.586;0.1902;0.1653;-0.0085;6.742;-7.195
7627;7.626;5.669;6.067;747.379;0.1113;0.1312;-0.0017;-1.431;-3.799
7628;7.627;6.603;9.275;740.762;0.1288;0.1878;0.0071;3.07;-4.463
7629;7.628;2.698;9.64;741.605;0.0368;0.2039;-0.0018;-5.87;0.061
7630;7.629;8.332;8.71;747.835;0.1795;0.175;0.0058;2.435;2.67
7631;7.63;8.533;11.208;729.132;0.1787;0.2284;0.0102;-4.078;-1.255
7632;7.631;9.829;7.261;725.2;0.1955;0.1482;-0.0084;0.399;6.41
7633;7.632;4.525;7.982;755.226;0.072;0.167;-0.0048;5.188;2.869
7634;7.633;10.834;12.059;740.69;0.217;0.257;-0.0024;-1.75;-0.245
7635;7.634;11.701;6.737;751.437;0.2261;0.1318;-0.0017;7.816;3.495
7636;7.635;10.96;10.098;741.042;0.2255;0.211;-0.0004;-1.859;8.667
7637;7.636;3.045;9.883;738.394;0.0579;0.2128;0.002;-0.782;3.524
7638;7.637;10.308;8.83;728.575;0.2063;0.1665;-0.0027;-2.096;-4.353
7639;7.638;5.602;9.973;759.027;0.0997;0.2059;0.0015;-6.381;-1.136
7640;7.639;12.166;7.043;737.576;0.2507;0.1429;0.0015;12.388;0.563
7641;7.64;7.65;7.843;745.971;0.1577;0.1656;0.0053;0.398;4.94
7642;7.641;11.275;13.035;749.884;0.2272;0.2535;-0.0038;3.147;-5.057
7643;7.642;10.686;4.873;739.428;0.2161;0.1139;0.0006;-4.8;1.848
7644;7.643;5.754;12.092;746.1;0.1284;0.2394;-0.0006;7.464;3.134
7645;7.644;4.035;7.685;750.951;0.0767;0.1711;-0.0028;-5.208;-0.524
7646;7.645;11.342;7.217;741.072;0.2245;0.1481;0.0057;-0.39;1.998
7647;7.646;6.626;10.49;746.225;0.1134;0.2325;0.0042;1.075;-6.345
7648;7.647;10.393;8.571;738.282;0.2175;0.1659;-0.0002;-1.21;1.993
7649;7.648;11.789;8.452;741.781;0.2338;0.1728;-0.0014;-0.46;3.305
7650;7.649;9.892;13.621;738.034;0.2064;0.2796;-0.0009;-3.546;-6.776
7651;7.65;13.514;8.718;750.593;0.2623;0.1576;0.0044;-0.204;0.196
7652;7.651;10.383;6.243;759.871;0.2111;0.1198;0.0033;-4.98;0.583
7653;7.652;7.712;7.519;749.554;0.1618;0.1488;-0.0002;-2.453;1.28
7654;7.653;11.889;9.21;742.649;0.2339;0.1975;0.0118;-4.506;4.923
7655;7.654;6.083;8.888;748.808;0.1154;0.1824;-0.0063;-0.167;-2.8
7656;7.655;10.598;9.676;742.284;0.1946;0.1931;0.0089;6.852;-4.309
7657;7.656;11.879;9.284;730.684;0.2327;0.201;0.0023;-6.162;4.311
7658;7.657;6.207;11.369;761.132;0.1485;0.2305;-0.0034;-4.614;-1.695
7659;7.658;5.717;7.544;748.28;0.1391;0.1551;-0.0048;-3.784;-0.125
7660;7.659;5.006;7.833;740.135;0.1073;0.1662;0.0059;9.212;-4.51
7661;7.66;9.5;10.136;737.589;0.1917;0.2046;-0.0051;-1.286;7.644
7662;7.661;7.567;8.811;743.593;0.1696;0.1648;-0.0041;-4.145;2.198
7663;7.662;6.015;7.871;742.197;0.134;0.1691;0.0069;0.596;1.942
7664;7.663;8.875;4.441;742.288;0.1863;0.0772;0.0024;-4.27;4.444
7665;7.664;7.041;7.513;740.651;0.1501;0.1508;0.0002;4.546;-1.535
7666;7.665;10.333;9.026;740.182;0.213;0.1833;-0.003;-1.882;-2.572
7667;7.666;8.732;9.455;732.864;0.1858;0.1961;-0.0038;1.127;0.799
7668;7.667;11.84;7.977;736.632;0.2378;0.1531;0.0012;0.217;-0.7
7669;7.668;5.97;4.132;742.704;0.1314;0.0866;-0.0018;-10.542;3.792
7670;7.669;8.27;8.484;735.025;0.1611;0.1808;0.0046;3.018;-2.847
7671;7.67;9.378;8.308;723.874;0.1958;0.1661;0.0007;-6.317;-3.289
7672;7.671;9.939;4.202;733.057;0.1993;0.0797;-0.0;2.07;-10.95
7673;7.672;7.859;11.68;738.543;0.15;0.2315;-0.0006;2.782;-0.162
7674;7.673;9.101;10.225;741.548;0.1755;0.2006;-0.0008;-1.406;-9.089
7675;7.674;11.836;8.71;732.079;0.248;0.1823;-0.0006;-6.113;-0.219
7676;7.675;11.007;12.008;739.281;0.2363;0.2528;-0.005;-1.546;3.597
7677;7.676;11.716;3.697;718.442;0.2469;0.0722;-0.0019;1.787;-7.2
7678;7.677;6.03;11.381;721.121;0.1093;0.2222;-0.0007;0.174;1.347
7679;7.678;7.243;9.836;724.225;0.134;0.178;-0.0013;-7.635;0.281
7680;7.679;7.176;7.58;714.719;0.1426;0.1539;0.0058;-13.69;4.634
7681;7.68;10.233;7.355;711.255;0.2151;0.1511;-0.0075;-3.729;9.779
7682;7.681;10.663;7.662;713.854;0.2195;0.1374;0.0044;-1.784;3.364
7683;7.682;9.492;7.929;727.742;0.1887;0.1354;0.0016;-4.485;-4.14
7684;7.683;13.364;7.836;713.787;0.2603;0.1542;-0.0127;1.369;0.72
7685;7.684;7.268;7.135;712.157;0.1591;0.1267;0.0085;2.159;5.369
7686;7.685;10.65;9.386;710.047;0.2009;0.1893;-0.0005;-4.574;-5.786
7687;7.686;12.027;10.821;715.112;0.2274;0.2175;-0.007;2.084;4.185
7688;7.687;10.35;8.211;714.941;0.2038;0.1663;0.0032;6.131;2.839
7689;7.688;11.055;10.559;710.545;0.2233;0.2241;0.0058;-2.997;3.155
7690;7.689;10.05;7.266;707.624;0.1943;0.1511;0.0058;-3.164;-5.524
7691;7.69;11.262;9.361;696.19;0.2279;0.1832;0.0028;-3.812;-6.305
7692;7.691;11.718;7.154;709.888;0.2416;0.1548;-0.0069;-12.555;1.56
7693;7.692;12.197;5.075;705.343;0.2406;0.1058;0.008;-4.985;13.05
7694;7.693;9.97;7.3;712.679;0.2053;0.1575;0.0058;2.28;-5.92
7695;7.694;10.207;6.944;699.476;0.1836;0.139;-0.003;0.845;-2.907
7696;7.695;10.836;8.836;697.408;0.204;0.1953;-0.0048;2.613;4.518
7697;7.696;7.196;9.496;710.123;0.1335;0.1758;-0.0019;-6.834;1.879
7698;7.697;8.502;7.589;689.705;0.189;0.1468;0.002;-2.012;2.941
7699;7.698;12.769;8.416;695.505;0.2452;0.1618;-0.0032;2.418;-6.331
7700;7.699;7.282;6.9;682.436;0.1349;0.1308;0.0026;4.977;-4.257
7701;7.7;8.651;10.144;685.315;0.1769;0.2085;-0.0034;-6.864;4.829
7702;7.701;6.468;10.275;692.831;0.1258;0.2263;-0.007;-5.763;-3.905
7703;7.702;9.437;3.479;698.126;0.1796;0.0645;-0.0071;-4.416;2.036
7704;7.703;9.258;8.25;690.035;0.171;0.1645;0.0018;0.64;-0.599
7705;7.704;8.788;5.137;707.155;0.194;0.117;0.0096;-2.116;3.029
7706;7.705;10.39;7.206;687.654;0.2132;0.137;0.0027;-0.319;5.444
7707;7.706;11.135;8.153;696.825;0.204;0.1917;0.001;0.543;5.444
7708;7.707;10.369;10.609;682.827;0.2054;0.213;-0.002;0.763;2.307
7709;7.708;10.757;8.366;686.325;0.2235;0.1525;-0.0005;0.023;-4.922
7710;7.709;9.784;9.52;667.171;0.2062;0.21;0.0023;1.229;1.201
7711;7.71;12.774;11.143;692.144;0.2534;0.2307;-0.0022;3.498;2.664
7712;7.711;8.819;6.272;687.944;0.1803;0.1118;0.0072;-2.996;4.22
7713;7.712;8.523;8.752;689.877;0.1723;0.1798;-0.0014;-5.542;-0.63
7714;7.713;11.154;7.83;679.934;0.2318;0.1588;-0.0026;-4.659;1.358
7715;7.714;12.42;9.576;691.935;0.243;0.1787;0.0086;-6.188;0.957
7716;7.715;6.843;7.897;675.729;0.1261;0.1541;-0.0074;-10.394;10.145
7717;7.716;14.804;5.496;673.719;0.2999;0.1269;-0.004;1.939;6.495
7718;7.717;9.675;9.847;677.881;0.1835;0.1905;0.0098;-0.278;14.649
7719;7.718;7.868;8.054;673.224;0.1631;0.1538;-0.0032;-0.185;4.346
7720;7.719;12.468;2.271;675.866;0.2401;0.041;-0.0022;-2.059;3.406
7721;7.72;15.188;7.284;681.066;0.2965;0.1508;0.0013;-1.857;-9.15
7722;7.721;10.871;7.951;670.315;0.2184;0.1592;-0.0066;2.488;-0.013
7723;7.722;10.898;7.581;672.032;0.2018;0.144;-0.0015;5.18;9.538
7724;7.723;14.424;6.012;680.254;0.2921;0.1029;0.0085;2.239;2.839
7725;7.724;12.542;5.806;681.503;0.2593;0.1176;0.0053;8.218;4.774
7726;7.725;12.004;11.866;680.273;0.2545;0.2517;-0.0031;-9.632;-6.392
7727;7.726;13.64;7.207;676.659;0.278;0.1568;-0.0037;-1.919;5.15
7728;7.727;13.149;8.8;680.738;0.267;0.1918;0.0012;6.44;0.233
7729;7.728;13.729;10.531;678.584;0.2925;0.2097;0.004;2.315;-2.502
7730;7.729;9.084;8.242;681.022;0.1797;0.1662;-0.0;-0.546;4.217
7731;7.73;11.212;5.61;691.335;0.2247;0.1145;0.0007;-4.087;4.661
7732;7.731;11.321;6.193;669.445;0.2193;0.1302;-0.011;6.245;5.056
7733;7.732;8.401;6.388;692.922;0.1489;0.1361;-0.0054;-0.36;-1.32
7734;7.733;10.456;5.499;682.046;0.198;0.1095;0.0046;0.158;-1.186
7735;7.734;9.587;8.104;682.617;0.1742;0.1692;0.0067;-1.435;1.593
7736;7.735;12.292;7.297;673.317;0.2463;0.1234;0.0126;-4.95;-0.703
7737;7.736;13.563;3.547;693.87;0.2619;0.064;0.0041;5.572;1.877
7738;7.737;9.504;4.174;671.114;0.1701;0.0888;-0.0046;4.732;1.879
7739;7.738;11.634;8.141;689.823;0.2418;0.1506;-0.0002;1.282;2.271
7740;7.739;10.591;6.831;670.761;0.2171;0.1266;-0.001;7.392;-2.447
7741;7.74;9.894;1.803;682.084;0.2077;0.0451;-0.0019;0.633;1.716
7742;7.741;14.685;4.346;689.74;0.2922;0.0879;0.0031;0.707;4.856
7743;7.742;12.277;10.134;693.299;0.2426;0.2073;0.0009;-0.458;-7.95
7744;7.743;12.42;4.068;687.583;0.2437;0.0806;0.0002;0.5;0.078
7745;7.744;10.977;7.263;693.571;0.2022;0.1425;-0.0036;10.026;-0.159
7746;7.745;10.452;6.359;684.698;0.2257;0.1345;0.0046;0.323;-2.638
7747;7.746;10.282;6.023;684.817;0.2134;0.1147;-0.0019;5.698;1.857
7748;7.747;9.552;5.274;676.479;0.1781;0.1075;-0.0061;-2.877;14.612
7749;7.748;13.336;5.038;693.799;0.2628;0.0938;0.0026;8.614;-2.463
7750;7.749;10.318;11.265;690.154;0.2055;0.2304;0.0038;3.299;-0.262
7751;7.75;12.246;5.634;694.37;0.2518;0.1104;0.0042;1.739;-8.403
7752;7.751;11.351;9.103;705.303;0.2279;0.1905;0.0043;-2.189;5.218
7753;7.752;7.773;6.812;697.666;0.1517;0.1268;-0.0018;-4.702;1.924
7754;7.753;11.529;8.674;690.206;0.2269;0.1694;-0.0063;-6.304;5.066
7755;7.754;10.892;5.134;695.864;0.2204;0.1111;-0.0036;6.473;-10.165
7756;7.755;14.115;5.435;697.76;0.2848;0.1136;0.0012;-0.362;-10.312
7757;7.756;11.27;5.279;692.135;0.2163;0.1101;-0.0009;5.194;0.641
7758;7.757;17.432;3.377;699.879;0.3483;0.0586;0.0048;-4.783;-8.209
7759;7.758;9.67;9.94;700.762;0.2137;0.1842;0.0078;-2.34;-1.168
7760;7.759;11.08;3.796;693.574;0.2093;0.0633;-0.003;-4.659;-9.99
7761;7.76;13.078;7.727;682.331;0.2484;0.1452;0.004;-4.32;-1.666
7762;7.761;12.159;5.342;704.683;0.2395;0.1028;-0.0005;-12.278;4.435
7763;7.762;11.039;3.34;703.823;0.2057;0.0582;0.0016;-8.721;-5.147
7764;7.763;11.662;8.423;698.465;0.2362;0.1742;-0.0076;10.303;-3.917
7765;7.764;14.537;2.894;707.277;0.3095;0.0579;0.0019;8.143;-2.308
7766;7.765;14.921;4.291;702.038;0.2773;0.1105;-0.0041;5.079;-2.23
7767;7.766;11.759;4.616;684.38;0.2464;0.0702;-0.0021;-1.885;1.786
7768;7.767;11.633;2.227;701.138;0.2316;0.0524;0.0055;6.159;-1.29
7769;7.768;8.594;3.984;689.256;0.1802;0.0943;0.0012;-3.782;2.753
7770;7.769;14.687;5.488;709.696;0.3099;0.107;-0.0072;8.686;-4.337
7771;7.77;13.455;5.435;690.832;0.2669;0.1097;0.0034;-6.658;-2.325
7772;7.771;8.839;7.183;701.798;0.1655;0.1405;-0.0064;-4.245;5.774
7773;7.772;14.494;7.027;698.307;0.2886;0.1437;0.0073;-5.321;-7.475
7774;7.773;9.513;2.67;699.589;0.191;0.0474;-0.0011;12.983;-4.152
7775;7.774;12.38;3.985;713.191;0.2517;0.0989;-0.0048;12.333;0.745
7776;7.775;10.538;5.594;698.734;0.2241;0.1053;-0.0031;-4.07;-1.538
7777;7.776;13.133;6.149;703.439;0.2691;0.1421;0.0045;-2.477;0.953
7778;7.777;11.714;4.298;708.741;0.2458;0.0686;-0.0023;-0.673;-8.377
7779;7.778;5.956;5.218;698.615;0.1359;0.1125;-0.0009;-6.072;4.183
7780;7.779;10.914;2.388;694.098;0.2178;0.0602;-0.004;-4.518;0.517
7781;7.78;14.134;5.131;703.045;0.2706;0.103;-0.0041;-0.674;0.782
7782;7.781;8.042;3.658;706.813;0.1656;0.0781;-0.0031;1.192;4.151
7783;7.782;12.116;0.903;695.774;0.2421;0.0088;0.0003;-2.748;-0.547
7784;7.783;9.445;6.853;691.059;0.1964;0.1558;0.0045;-9.255;-0.05
7785;7.784;11.379;5.013;701.124;0.2274;0.0997;-0.0081;-4.099;-5.256
7786;7.785;10.202;8.474;693.068;0.204;0.1771;0.0009;7.841;7.777
7787;7.786;10.358;4.329;711.206;0.2051;0.0877;-0.0038;-0.766;-4.531
7788;7.787;14.441;6.507;704.877;0.2929;0.1404;0.0052;-2.074;6.581
7789;7.788;11.552;2.753;715.492;0.2206;0.0672;0.0043;1.146;-3.246
7790;7.789;13.138;3.079;700.224;0.2503;0.0682;0.0026;2.752;-9.354
7791;7.79;13.293;2.239;701.99;0.2649;0.05;0.0008;-9.474;7.282
7792;7.791;13.909;1.72;703.477;0.2813;0.0336;-0.0013;1.273;-1.736
7793;7.792;11.984;5.404;707.372;0.2461;0.0876;0.0006;0.591;0.592
7794;7.793;15.204;1.005;691.128;0.3112;0.0211;-0.006;-9.004;0.978
7795;7.794;12.364;7.031;693.208;0.2497;0.1402;0.0038;-1.425;11.792
7796;7.795;7.891;4.619;695.112;0.1473;0.084;-0.0087;1.649;-3.236
7797;7.796;12.392;4.836;688.45;0.2368;0.1198;0.0042;0.947;-0.744
7798;7.797;11.935;1.507;721.711;0.2434;0.0201;-0.0036;1.606;1.587
7799;7.798;12.867;6.939;696.665;0.2516;0.1537;-0.0078;6.317;-6.283
7800;7.799;10.491;1.138;699.803;0.2162;0.0227;-0.0083;-9.52;0.458
7801;7.8;13.806;4.281;707.24;0.2648;0.0915;0.0076;5.592;4.867
7802;7.801;9.804;3.993;691.538;0.1875;0.0671;-0.001;-5.072;0.934
7803;7.802;9.899;3.455;687.038;0.2141;0.0732;0.0027;-8.888;1.737
7804;7.803;12.393;2.204;692.032;0.2459;0.0433;0.0018;-3.477;-2.615
7805;7.804;10.757;2.494;682.553;0.2202;0.0607;0.0022;-5.902;3.764
7806;7.805;12.124;3.673;689.549;0.2388;0.0603;0.0025;10.383;9.655
7807;7.806;11.649;5.361;679.501;0.2323;0.1108;-0.0117;1.744;1.275
7808;7.807;12.961;-1.946;682.415;0.2622;-0.0553;0.0035;-2.397;-6.308
7809;7.808;8.632;-0.845;683.76;0.1589;-0.0106;0.0042;-0.562;2.915
7810;7.809;8.926;2.937;687.402;0.1672;0.0525;0.0046;8.612;5.056
7811;7.81;14.643;4.85;678.416;0.3029;0.106;-0.0074;-2.199;5.624
7812;7.811;16.781;3.755;680.005;0.333;0.0656;0.0015;3.635;1.002
7813;7.812;13.385;2.76;684.312;0.2779;0.0685;0.0127;2.884;-4.53
7814;7.813;10.97;0.75;683.413;0.2069;0.0081;-0.0022;4.084;0.317
7815;7.814;10.849;3.768;676.624;0.2095;0.076;0.0011;-1.318;7.172
7816;7.815;10.63;4.111;679.489;0.2097;0.0892;-0.0035;-12.791;-7.401
7817;7.816;10.402;2.99;677.115;0.2032;0.0479;-0.0053;6.385;-6.559
7818;7.817;11.481;0.273;675.467;0.2221;0.0109;0.0031;-8.497;0.614
7819;7.818;14.4;-0.814;677.072;0.2787;-0.0118;-0.0069;5.697;1.5
7820;7.819;11.045;0.582;675.548;0.2252;0.0006;-0.0056;-8.561;-5.019
7821;7.82;8.925;4.777;679.406;0.1747;0.097;0.003;-6.266;2.181
7822;7.821;10.159;0.029;675.172;0.2117;-0.0043;-0.0073;-5.119;-8.879
7823;7.822;10.483;3.253;667.007;0.211;0.0601;-0.0003;7.48;1.863
7824;7.823;12.094;2.828;673.752;0.2564;0.0581;0.0086;1.344;-1.984
7825;7.824;7.463;0.453;663.899;0.134;0.0079;0.0034;-1.011;-1.825
7826;7.825;11.344;4.211;666.739;0.2308;0.0636;0.0035;-5.324;-0.128
7827;7.826;16.592;5.762;664.384;0.3512;0.1368;0.0074;2.209;-1.544
7828;7.827;10.987;-0.712;667.524;0.2162;-0.0343;-0.003;-4.278;0.214
7829;7.828;9.722;-0.357;674.802;0.1756;-0.006;-0.002;9.165;3.413
7830;7.829;13.512;0.246;676.966;0.2708;0.0053;0.0003;2.287;2.088
7831;7.83;10.072;1.347;674.052;0.1905;0.027;0.0015;10.878;8.446
7832;7.831;14.18;1.192;655.169;0.2739;0.0186;-0.0071;-0.84;-9.443
7833;7.832;13.984;1.51;664.928;0.2756;0.0271;0.0042;-1.777;1.035
7834;7.833;13.699;1.516;663.953;0.2754;0.0123;0.0027;9.425;-3.164
7835;7.834;10.701;1.481;649.779;0.2074;0.0299;0.0011;-2.077;-3.098
7836;7.835;14.266;5.036;673.86;0.287;0.1025;0.0016;10.455;-5.679
7837;7.836;12.997;0.641;662.005;0.2606;0.0266;-0.0079;3.631;-5.592
7838;7.837;13.044;0.592;674.173;0.2579;0.0099;0.0048;0.432;-6.581
7839;7.838;11.656;-4.208;662.32;0.2405;-0.0916;-0.0032;-1.347;-7.268
7840;7.839;13.837;2.666;663.079;0.2556;0.0476;0.0015;-4.057;6.711
7841;7.84;16.31;0.072;658.025;0.3258;-0.0096;-0.0025;-3.712;7.684
7842;7.841;11.473;-0.008;665.476;0.2472;-0.0104;-0.0088;-8.522;10.415
7843;7.842;11.227;-1.704;666.996;0.2185;-0.0249;0.0094;4.996;-1.742
7844;7.843;8.71;-0.937;660.235;0.1626;-0.0178;-0.0012;-5.712;-3.516
7845;7.844;10.892;-0.416;657.481;0.2281;0.005;0.0115;0.941;-3.709
7846;7.845;16.221;1.862;646.663;0.3414;0.0447;0.0023;-6.358;-3.81
7847;7.846;8.606;1.463;654.14;0.1862;0.0284;-0.008;-7.131;0.91
7848;7.847;9.939;2.57;682.63;0.2037;0.0701;0.0073;3.99;3.794
7849;7.848;10.619;1.164;656.735;0.2173;0.0265;0.002;-9.827;3.869
7850;7.849;7.913;0.53;652.276;0.15;-0.0045;-0.0013;-0.603;2.062
7851;7.85;10.546;-2.649;671.125;0.2092;-0.0632;0.0108;-4.579;-8.068
7852;7.851;11.67;0.358;683.746;0.259;0.0149;0.004;-9.318;-5.588
7853;7.852;7.727;-1.825;658.095;0.1488;-0.0321;-0.002;-0.426;0.425
7854;7.853;15.996;0.278;665.456;0.3109;0.0062;-0.0003;-6.537;5.1
7855;7.854;11.724;-0.319;668.199;0.2388;-0.0134;-0.0028;-3.947;-4.842
7856;7.855;9.86;-3.865;669.304;0.2028;-0.0785;0.0019;-4.246;3.622
7857;7.856;10.93;-1.189;673.303;0.2262;-0.0155;0.0005;-0.452;-1.844
7858;7.857;9.405;-2.93;662.75;0.188;-0.056;-0.0069;-0.479;4.49
7859;7.858;10.452;-3.373;654.28;0.193;-0.0604;0.0018;2.599;1.531
7860;7.859;11.562;1.396;668.902;0.2096;0.0332;0.0015;1.472;-4.381
7861;7.86;9.25;-1.268;659.398;0.1934;-0.021;0.0016;-2.965;5.52
7862;7.861;7.383;-1.106;673.07;0.1796;-0.0233;0.0041;6.616;-0.668
7863;7.862;14.494;0.268;665.305;0.288;0.0201;-0.0008;3.676;-8.617
7864;7.863;15.106;-0.786;658.006;0.2934;-0.0276;-0.0034;3.606;1.76
7865;7.864;13.408;-3.004;676.737;0.2709;-0.0654;0.0008;9.888;1.408
7866;7.865;11.181;-0.998;676.545;0.2127;-0.0206;0.0017;6.42;-1.304
7867;7.866;16.352;-3.451;681.417;0.3177;-0.0677;0.0005;-3.513;1.787
7868;7.867;11.254;0.091;663.75;0.231;-0.0058;-0.0007;7.686;-0.464
7869;7.868;12.221;-0.897;667.842;0.2436;-0.0072;-0.0024;4.149;1.805
7870;7.869;13.759;-2.49;677.066;0.2713;-0.0555;-0.0057;2.095;-0.945
7871;7.87;13.032;1.221;679.115;0.2729;0.0177;0.0057;-6.824;2.3
7872;7.871;10.356;4.202;685.743;0.2215;0.0842;0.0029;7.7;2.78
7873;7.872;12.025;-1.335;666.473;0.2498;-0.0233;-0.0056;8.875;9.176
7874;7.873;7.178;-1.166;672.834;0.1397;-0.0238;-0.001;6.118;8.066
7875;7.874;7.085;-3.401;692.548;0.1318;-0.073;0.0082;-1.415;5.807
7876;7.875;10.366;-0.579;687.1;0.2138;-0.002;0.0058;-4.664;1.553
7877;7.876;15.96;1.866;672.158;0.3062;0.0266;-0.0012;3.082;9.623
7878;7.877;9.788;-3.355;689.845;0.1808;-0.0755;0.0005;1.536;-1.641
7879;7.878;14.892;0.036;702.167;0.2804;0.021;-0.011;-2.811;11.139
7880;7.879;8.507;-1.79;685.308;0.1721;-0.031;-0.0022;2.743;-9.978
7881;7.88;9.672;1.061;686.729;0.1873;0.0327;0.0026;-8.299;8.152
7882;7.881;9.587;-2.65;684.728;0.1952;-0.0521;0.003;5.415;-4.327
7883;7.882;9.393;-1.581;695.494;0.208;-0.0282;0.0066;4.697;-5.819
7884;7.883;11.574;-0.41;694.363;0.2274;-0.0187;0.003;1.585;-2.181
7885;7.884;12.819;-1.372;688.437;0.253;-0.0145;-0.0049;0.159;0.462
7886;7.885;12.716;0.479;693.449;0.2457;0.0062;0.007;11.647;2.872
7887;7.886;10.338;1.255;696.768;0.2022;0.0096;0.0019;-1.942;1.467
7888;7.887;12.721;-1.14;710.011;0.2706;-0.0351;0.0032;-8.696;-3.677
7889;7.888;9.653;-4.474;702.625;0.2105;-0.0783;-0.0025;3.7;-11.266
7890;7.889;12.681;-2.608;702.537;0.2428;-0.0443;0.0015;0.533;-1.547
7891;7.89;7.026;-3.445;706.871;0.1376;-0.0701;-0.0054;2.111;-2.622
7892;7.891;8.177;-0.68;707.413;0.1652;-0.0169;0.0016;1.039;6.435
7893;7.892;12.579;-2.378;701.56;0.2524;-0.039;-0.0006;-2.645;-4.289
7894;7.893;13.048;-7.025;706.821;0.2647;-0.1324;0.0003;-3.972;-1.583
7895;7.894;12.29;0.97;708.008;0.2591;0.0176;0.0003;-1.715;5.902
7896;7.895;11.419;-3.245;694.674;0.2264;-0.0529;0.0008;7.337;6.331
7897;7.896;8.692;-2.809;697.76;0.1722;-0.0823;0.0005;4.358;1.596
7898;7.897;9.597;-4.26;708.362;0.2016;-0.0888;-0.0019;4.453;-2.705
7899;7.898;10.64;-1.249;711.098;0.222;-0.0273;-0.0001;-5.254;-4.228
7900;7.899;8.107;-7.234;721.661;0.1437;-0.1389;0.0071;-1.834;1.52
7901;7.9;10.046;-7.661;706.264;0.2064;-0.1625;-0.002;1.591;-1.856
7902;7.901;13.169;-4.362;727.68;0.2526;-0.0712;-0.0021;-2.124;-1.249
7903;7.902;10.294;-0.343;706.562;0.2079;-0.0024;0.0044;-2.844;6.164
7904;7.903;8.144;-1.558;697.859;0.1435;-0.0086;0.0098;6.136;4.586
7905;7.904;8.583;-1.986;720.723;0.1714;-0.0315;-0.0093;-5.481;7.207
7906;7.905;8.098;-5.454;715.219;0.1773;-0.1067;0.001;-2.51;-1.489
7907;7.906;15.442;-2.858;715.708;0.324;-0.0418;-0.0057;-5.76;-1.2
7908;7.907;9.589;0.91;705.544;0.184;0.0151;-0.0044;2.137;7.514
7909;7.908;10.364;-0.595;718.704;0.2063;-0.0252;0.0042;-1.488;-1.262
7910;7.909;9.516;-5.077;712.893;0.2041;-0.0795;0.0039;2.443;2.267
7911;7.91;8.823;-5.499;710.059;0.1813;-0.1031;0.0037;-4.085;3.109
7912;7.911;12.267;-6.977;704.862;0.2425;-0.1317;-0.0103;-1.602;-0.032
7913;7.912;8.468;-4.554;718.252;0.165;-0.0793;-0.0039;0.809;-0.097
7914;7.913;12.488;-5.935;722.021;0.2583;-0.0959;-0.0069;-13.629;-3.948
7915;7.914;11.619;-3.315;699.598;0.2283;-0.0624;-0.0117;0.179;-5.486
7916;7.915;13.954;-0.674;705.205;0.2879;0.0129;0.0043;-9.698;0.959
7917;7.916;13.348;-4.496;707.027;0.2586;-0.1079;0.0036;4.513;0.663
7918;7.917;11.74;-4.026;709.509;0.2472;-0.073;-0.0074;-8.008;5.25
7919;7.918;14.442;-5.576;691.414;0.295;-0.1171;-0.0068;5.17;1.849
7920;7.919;11.592;-5.141;708.915;0.2395;-0.1231;-0.0023;4.027;3.347
7921;7.92;7.435;-4.1;721.912;0.137;-0.071;0.0005;6.081;-6.974
7922;7.921;10.175;-5.937;691.979;0.1883;-0.0802;-0.0005;-6.009;-6.334
7923;7.922;6.281;-3.983;703.453;0.1216;-0.0694;-0.0032;-2.95;-1.92
7924;7.923;14.636;-5.987;697.125;0.3168;-0.1241;-0.0097;-0.193;-0.062
7925;7.924;13.335;-4.475;699.429;0.255;-0.0955;-0.0071;0.745;-5.536
7926;7.925;14.259;-1.479;698.79;0.276;-0.0387;0.0052;0.238;-6.532
7927;7.926;10.049;-5.792;704.949;0.194;-0.1155;0.0019;-0.482;0.817
7928;7.927;10.322;-5.077;706.844;0.1972;-0.0954;0.0054;4.457;2.985
7929;7.928;11.173;-4.93;701.664;0.2176;-0.0929;0.0037;-3.677;2.315
7930;7.929;10.615;-5.352;699.57;0.2434;-0.1082;-0.016;-2.271;-7.59
7931;7.93;8.127;-4.602;687.329;0.1409;-0.0911;0.0027;9.821;3.489
7932;7.931;9.399;-4.895;701.466;0.1892;-0.0902;0.005;4.579;0.399
7933;7.932;8.221;-4.187;703.869;0.1594;-0.0704;-0.0099;5.003;0.873
7934;7.933;9.303;-4.799;694.353;0.1905;-0.0847;-0.0059;2.695;-0.432
7935;7.934;7.496;-7.285;708.034;0.155;-0.1382;-0.0006;-7.514;-2.977
7936;7.935;5.289;-5.277;700.077;0.1065;-0.1105;-0.001;2.163;1.064
7937;7.936;9.407;0.778;702.899;0.1904;0.0108;0.0062;5.502;3.965
7938;7.937;12.342;-7.653;702.215;0.2286;-0.153;-0.0042;-0.041;1.37
7939;7.938;7.687;-6.344;701.422;0.1531;-0.0979;-0.0088;1.401;-5.841
7940;7.939;8.557;-3.545;682.452;0.1635;-0.0681;-0.0006;-1.092;4.64
7941;7.94;6.28;-5.827;687.078;0.1238;-0.1196;-0.0007;-6.951;-4.962
7942;7.941;12.291;-7.114;701.19;0.2351;-0.1469;0.0035;2.51;-4.769
7943;7.942;10.247;-4.367;690.85;0.198;-0.0847;-0.0082;-2.83;0.105
7944;7.943;11.63;-3.514;682.901;0.2372;-0.0787;0.0097;-7.019;5.662
7945;7.944;9.574;-5.562;678.785;0.2006;-0.1274;-0.0036;-7.162;-3.51
7946;7.945;9.32;-2.208;689.027;0.1788;-0.0494;-0.0011;3.884;4.614
7947;7.946;9.395;-6.016;685.069;0.2045;-0.1286;-0.0038;-6.394;5.307
7948;7.947;6.967;-9.471;682.42;0.1517;-0.183;-0.004;-0.474;-5.231
7949;7.948;14.418;-4.29;676.161;0.2877;-0.0835;-0.0032;-1.273;-2.853
7950;7.949;8.792;-5.284;687.993;0.175;-0.1067;-0.0033;1.991;1.579
7951;7.95;9.988;-7.837;699.105;0.1854;-0.1708;0.0011;14.931;5.526
7952;7.951;10.363;-5.857;675.895;0.2066;-0.1188;-0.0004;0.93;9.832
7953;7.952;12.353;-2.705;675.937;0.259;-0.0553;0.0022;1.71;-15.255
7954;7.953;5.915;-3.373;689.146;0.096;-0.0777;-0.0039;2.775;1.371
7955;7.954;14.373;-7.656;700.451;0.278;-0.1533;-0.0043;2.388;0.168
7956;7.955;5.575;-4.752;678.218;0.1023;-0.1022;-0.0099;6.869;-0.079
7957;7.956;11.279;-5.484;683.929;0.2372;-0.098;0.0024;1.38;3.965
7958;7.957;11.162;-10.925;679.303;0.2387;-0.2008;-0.0006;-0.733;-1.747
7959;7.958;6.463;-2.411;692.633;0.138;-0.0457;0.0047;-0.821;-0.029
7960;7.959;13.143;-4.365;676.344;0.2673;-0.0878;-0.0026;2.074;5.927
7961;7.96;7.932;-7.159;684.297;0.1716;-0.1368;-0.0033;-6.533;0.572
7962;7.961;16.23;-8.199;684.735;0.3287;-0.1775;-0.0046;-1.327;-2.539
7963;7.962;7.986;-8.664;686.147;0.1674;-0.1739;0.0044;-1.767;-8.407
7964;7.963;10.1;-5.321;703.408;0.2019;-0.096;-0.0065;-1.338;-2.136
7965;7.964;6.03;-6.049;679.362;0.123;-0.1287;-0.0069;5.757;1.512
7966;7.965;7.578;-8.332;687.632;0.1266;-0.1562;-0.0048;13.658;-4.223
7967;7.966;11.945;-7.861;679.012;0.2259;-0.1588;-0.0024;-7.623;-3.659
7968;7.967;11.767;-7.366;690.787;0.231;-0.1291;-0.0018;-6.46;9.942
7969;7.968;9.319;-5.203;673.303;0.1913;-0.1077;-0.0008;-0.681;1.781
7970;7.969;9.388;-10.207;700.322;0.1848;-0.1961;0.0024;-1.774;-1.611
7971;7.97;7.038;-7.908;679.569;0.1352;-0.1726;0.0053;-5.335;-3.823
7972;7.971;5.892;-8.706;681.087;0.0923;-0.1729;-0.001;-1.711;-1.166
7973;7.972;5.071;-6.625;691.412;0.1047;-0.1438;-0.0033;2.082;4.612
7974;7.973;4.43;-10.054;701.731;0.0959;-0.2;-0.0032;-1.521;0.327
7975;7.974;9.576;-5.802;691.829;0.1987;-0.1326;-0.0056;3.948;-6.007
7976;7.975;1.407;-3.679;691.398;0.0225;-0.0762;-0.0015;-5.081;1.803
7977;7.976;5.781;-9.408;694.066;0.1096;-0.1992;0.0057;-2.759;6.131
7978;7.977;10.558;-9.605;674.922;0.2169;-0.2097;0.0029;8.614;-7.644
7979;7.978;9.46;-8.599;684.443;0.1844;-0.1774;-0.0054;3.629;3.343
7980;7.979;7.973;-10.627;687.145;0.1841;-0.1913;0.0083;8.082;-0.275
7981;7.98;11.203;-6.429;692.181;0.2334;-0.1377;-0.0007;-5.482;4.999
7982;7.981;7.633;-5.288;710.686;0.1645;-0.1111;0.0049;-2.834;-0.366
7983;7.982;7.141;-7.078;703.778;0.1423;-0.1494;0.0003;8.155;5.732
7984;7.983;14.626;-7.724;700.088;0.2841;-0.1725;-0.008;-8.807;-0.199
7985;7.984;12.354;-7.64;702.885;0.2434;-0.1596;-0.0025;5.813;-2.237
7986;7.985;6.162;-6.49;708.263;0.1303;-0.1407;0.0039;0.816;-1.674
7987;7.986;10.078;-5.72;697.386;0.2083;-0.1215;-0.0081;-0.14;1.47
7988;7.987;7.402;-6.409;709.136;0.1537;-0.121;-0.0064;-10.055;-0.004
7989;7.988;7.526;-5.231;708.621;0.1642;-0.0956;0.0042;3.779;6.04
7990;7.989;6.82;-6.636;713.098;0.1322;-0.135;-0.0022;-6.09;3.371
7991;7.99;4.638;-9.418;723.886;0.1031;-0.1743;0.0042;0.563;-0.088
7992;7.991;0.261;-3.594;714.447;-0.0007;-0.0579;0.0012;-3.043;0.098
7993;7.992;9.299;-9.111;702.065;0.1804;-0.1812;-0.0028;3.427;-2.978
7994;7.993;7.902;-9.741;707.707;0.155;-0.1942;0.0035;-1.012;-5.205
7995;7.994;2.649;-1.22;708.063;0.06;-0.0255;0.0024;3.081;1.344
7996;7.995;6.817;-6.655;703.589;0.1345;-0.1316;-0.0002;-1.192;3.609
7997;7.996;1.913;-5.936;714.934;0.0338;-0.1171;0.0106;-0.683;3.821
7998;7.997;2.487;-10.898;716.535;0.0492;-0.2132;0.0;-1.446;3.841
7999;7.998;7.4;-7.043;715.884;0.1589;-0.1335;-0.0017;1.38;-6.231
8000;7.999;9.139;-8.572;722.069;0.2057;-0.1717;0.0043;-1.38;1.26
8001;8.0;0.005;-0.806;8.486;0.0109;-0.0058;-0.0027;1.537;-1.186
8002;8.001;-1.626;1.385;1.353;-0.0244;0.0297;-0.0078;3.747;0.234
8003;8.002;-0.872;0.847;4.982;-0.0234;0.0;-0.0018;4.422;3.801
8004;8.003;0.37;-0.786;8.386;0.0055;-0.0204;0.0006;-5.308;-1.804
8005;8.004;1.613;0.965;7.255;0.0503;0.0185;0.001;0.716;-4.398
8006;8.005;0.408;1.269;8.166;0.0086;0.0442;0.001;-2.896;1.392
8007;8.006;-0.164;0.109;2.037;0.0124;-0.0001;-0.001;3.894;-6.221
8008;8.007;-0.39;-1.349;9.373;-0.0146;-0.0329;-0.003;4.161;-1.221
8009;8.008;2.339;-1.41;3.457;0.0383;-0.017;-0.0045;-0.062;-1.481
8010;8.009;-1.216;-0.154;5.108;-0.008;0.01;0.0051;-3.365;10.79
8011;8.01;-0.684;0.339;2.883;-0.0039;-0.0185;0.0004;5.235;1.904
8012;8.011;0.525;-3.044;7.437;0.0222;-0.0629;0.0048;2.49;6.939
8013;8.012;1.903;0.872;7.605;0.0533;0.0199;0.001;1.49;-1.511
8014;8.013;-2.563;0.61;-0.02;-0.0542;0.01;-0.0087;8.41;-1.692
8015;8.014;1.447;1.998;-1.954;0.0425;0.0384;0.0033;0.812;6.397
8016;8.015;1.722;-0.266;7.308;0.0507;0.0197;0.0009;-1.412;4.896
8017;8.016;0.38;-0.36;3.477;0.0025;-0.01;0.0018;-1.151;2.037
8018;8.017;-2.825;0.49;7.359;-0.0524;-0.0096;-0.0037;7.531;8.017
8019;8.018;-1.072;-1.606;5.716;-0.0219;-0.0243;-0.002;1.231;1.655
8020;8.019;-0.219;0.111;5.077;-0.0176;-0.0068;-0.0018;11.599;1.47
8021;8.02;0.42;-2.103;4.382;0.0002;-0.0278;-0.0077;2.192;2.453
8022;8.021;-1.859;-0.962;1.029;-0.0374;-0.0196;-0.0009;3.875;2.807
8023;8.022;-0.375;0.169;3.116;-0.0168;0.0037;0.0037;-0.535;-6.94
8024;8.023;1.057;-0.007;6.638;0.0377;-0.002;-0.0065;-6.637;-1.694
8025;8.024;-0.824;-1.346;6.755;-0.0149;-0.0434;-0.0012;-5.72;2.112
8026;8.025;-0.459;0.504;8.934;0.0014;0.0234;0.0017;-0.593;-1.072
8027;8.026;-0.701;-0.019;4.275;-0.0169;-0.0031;0.0037;-3.03;-2.985
8028;8.027;-2.127;0.761;4.271;-0.0447;0.0056;0.001;-8.28;2.003
8029;8.028;-0.546;-0.861;5.937;-0.017;-0.0256;-0.0029;2.999;-0.225
8030;8.029;-0.335;-0.403;-2.292;-0.0031;-0.0077;-0.0015;2.165;-5.558
8031;8.03;1.108;0.528;8.548;0.016;0.0252;-0.0021;-3.145;7.738
8032;8.031;-1.2;-1.394;4.058;-0.0297;-0.0229;-0.0047;-0.576;-2.235
8033;8.032;-1.966;0.406;4.765;-0.0515;-0.0002;-0.0073;3.197;3.375
8034;8.033;-0.745;-1.051;5.456;0.0037;-0.0204;0.0054;7.802;-0.326
8035;8.034;-1.333;2.009;1.74;-0.0333;0.039;0.0016;-5.574;-5.314
8036;8.035;0.825;-1.018;6.494;0.0157;-0.0343;0.002;-2.856;-0.073
8037;8.036;-0.849;0.668;2.093;-0.0202;0.0165;0.0055;4.003;4.128
8038;8.037;-2.346;-2.469;-3.48;-0.0559;-0.0494;0.0022;2.956;-3.059
8039;8.038;0.892;-0.363;7.088;0.0106;-0.0038;0.0018;-5.197;8.818
8040;8.039;-0.124;0.253;12.133;-0.0157;0.0123;0.0011;-1.45;-10.868
8041;8.04;0.255;-0.325;7.023;-0.0128;0.0008;0.005;-1.498;-2.543
8042;8.041;0.584;-0.684;6.876;0.0225;0.0047;0.0038;-0.904;8.39
8043;8.042;1.571;-1.343;4.9;0.0158;-0.031;0.0012;-3.225;-3.503
8044;8.043;-1.383;-0.052;11.632;-0.0356;0.0051;0.0046;0.372;-3.264
8045;8.044;0.921;-0.38;9.844;0.0125;0.0015;-0.0061;4.962;3.258
8046;8.045;0.096;-0.142;3.449;-0.0111;0.0091;0.0018;-9.49;2.05
8047;8.046;0.074;-0.863;4.761;0.0214;-0.0275;0.003;-2.0;5.336
8048;8.047;-0.159;-1.587;1.721;-0.0102;-0.029;-0.0023;1.539;4.164
8049;8.048;-0.709;1.098;5.161;-0.0017;0.0163;0.0067;-5.683;-5.215
8050;8.049;0.306;1.614;-0.041;0.0167;0.0433;0.0026;1.266;7.255
8051;8.05;0.031;1.274;2.917;0.0054;0.017;0.0012;-2.761;4.434
8052;8.051;1.006;0.371;4.981;0.0266;0.0078;0.0032;2.911;2.542
8053;8.052;2.21;0.287;-0.603;0.0505;0.0074;-0.0079;-2.38;0.318
8054;8.053;-1.486;-0.231;2.688;-0.038;0.0;-0.0037;5.922;2.667
8055;8.054;2.894;0.066;7.41;0.0483;0.0101;-0.0009;1.587;6.881
8056;8.055;1.609;0.036;7.854;0.0344;-0.0029;0.0068;-3.96;-3.768
8057;8.056;-1.718;-1.156;1.957;-0.0419;-0.0237;0.0006;2.316;-6.376
8058;8.057;-0.207;-1.52;4.203;-0.0031;-0.0455;-0.0076;2.046;1.79
8059;8.058;-0.015;0.345;4.296;-0.0067;0.0015;0.0029;1.284;3.133
8060;8.059;1.738;-1.403;4.522;0.0515;-0.0201;-0.0022;-3.78;-3.942
8061;8.06;-1.458;1.759;4.362;-0.0367;0.0154;0.0011;-1.21;-6.313
8062;8.061;2.544;-0.429;1.911;0.0532;-0.0174;0.0003;6.874;-1.318
8063;8.062;-1.626;0.836;8.522;-0.0406;0.0205;-0.0071;6.296;4.533
8064;8.063;-0.55;0.169;5.06;-0.0086;-0.0046;0.0041;-4.153;-4.425
8065;8.064;-0.926;-0.334;2.33;0.0136;-0.0233;-0.0096;7.19;5.542
8066;8.065;-1.862;0.209;5.526;-0.0354;-0.0007;-0.0104;12.235;3.71
8067;8.066;-1.697;0.041;7.248;-0.0328;-0.0026;0.0015;2.463;0.762
8068;8.067;-0.889;0.811;6.72;-0.011;0.0178;-0.0024;4.618;-1.624
8069;8.068;-0.407;0.607;11.417;-0.011;0.0126;0.001;6.295;0.037
8070;8.069;-0.93;1.662;1.983;-0.016;0.0397;0.0029;-5.193;-1.567
8071;8.07;-1.395;0.017;3.173;-0.0251;-0.0104;0.0072;-2.075;1.669
8072;8.071;-3.865;0.668;1.724;-0.0865;0.0048;-0.0014;-1.737;-1.174
8073;8.072;-0.426;-0.912;0.917;-0.0121;-0.0089;-0.0009;1.132;-3.065
8074;8.073;2.796;1.465;8.667;0.0389;0.0341;-0.0007;0.77;5.895
8075;8.074;2.466;-0.281;5.349;0.0651;-0.0022;0.0036;2.117;-0.01
8076;8.075;1.718;0.147;4.665;0.0395;0.0132;0.0021;-8.392;5.734
8077;8.076;-0.598;-0.866;8.162;-0.0263;-0.0138;0.0058;-5.025;0.154
8078;8.077;0.758;-1.422;3.704;0.0224;-0.0461;0.0058;-7.999;-5.115
8079;8.078;-0.807;-2.916;0.658;-0.0033;-0.0403;-0.0007;-2.247;9.424
8080;8.079;-0.711;3.051;4.501;-0.0018;0.059;0.0018;7.387;1.585
8081;8.08;0.227;1.599;2.451;0.0088;0.0329;0.0057;3.649;-8.606
8082;8.081;1.515;-0.988;0.723;0.0158;-0.0187;0.0019;-10.083;-5.723
8083;8.082;-0.745;-0.368;10.445;-0.0004;0.0016;-0.0012;-2.749;-2.703
8084;8.083;-0.99;-1.892;5.967;-0.0089;-0.0431;0.0002;-5.671;-1.061
8085;8.084;-0.059;0.874;6.901;-0.0164;0.0277;-0.0057;5.593;-7.119
8086;8.085;-2.221;0.472;10.223;-0.0286;0.0134;0.0019;2.411;0.562
8087;8.086;1.272;0.862;5.252;0.0228;0.0221;0.0021;-6.371;-0.29
8088;8.087;1.517;-0.752;7.159;0.0399;0.0004;-0.0007;-6.099;-5.156
8089;8.088;1.761;0.729;3.759;0.0284;0.0196;0.01;0.554;1.212
8090;8.089;1.149;-0.069;-0.824;0.0247;-0.002;-0.0071;12.518;7.989
8091;8.09;-0.887;-1.663;7.207;-0.012;-0.0308;-0.0084;-3.482;2.616
8092;8.091;-0.357;1.491;9.109;-0.0118;0.0302;0.001;2.017;9.671
8093;8.092;-1.402;-0.666;3.682;-0.0321;-0.0166;0.0025;-9.738;0.867
8094;8.093;0.458;0.808;4.341;0.0238;0.0123;0.0006;-6.015;3.644
8095;8.094;3.249;0.874;-0.145;0.0583;0.017;-0.0054;6.554;-1.385
8096;8.095;-1.465;1.119;1.456;-0.0241;0.0316;0.0023;12.103;-2.73
8097;8.096;0.977;1.042;9.641;0.0203;0.0343;-0.0028;0.77;5.398
8098;8.097;2.051;-0.053;3.358;0.0464;0.0088;0.0072;-3.656;4.191
8099;8.098;-1.554;-2.101;2.661;-0.0252;-0.0391;-0.0073;-2.149;3.16
8100;8.099;3.178;0.502;4.272;0.0604;0.0043;-0.0074;0.32;4.87
8101;8.1;-0.993;3.098;1.794;-0.0212;0.053;-0.0019;-0.263;5.095
8102;8.101;-0.156;-0.396;1.264;-0.0133;-0.0038;0.0064;2.181;-7.984
8103;8.102;0.625;0.881;0.215;0.0077;0.017;-0.0019;1.711;7.203
8104;8.103;1.39;0.102;5.429;0.041;0.0071;0.0035;-6.002;0.756
8105;8.104;1.192;-0.441;3.206;0.0348;-0.0117;0.0027;0.307;-5.826
8106;8.105;-0.366;0.125;3.462;-0.0162;-0.0095;-0.0019;0.328;-3.527
8107;8.106;-0.976;1.752;7.089;-0.023;0.0292;0.003;-6.59;4.753
8108;8.107;-3.486;1.057;10.961;-0.0655;0.034;0.0009;2.234;5.533
8109;8.108;-0.751;0.083;3.25;-0.0238;-0.0041;-0.0123;-2.595;2.023
8110;8.109;1.888;0.391;1.015;0.0438;0.0127;0.0019;0.917;4.16
8111;8.11;-1.175;-2.73;1.348;-0.0106;-0.0468;0.0028;9.731;-7.912
8112;8.111;0.922;-1.956;8.104;0.024;-0.0293;0.006;0.026;-6.898
8113;8.112;1.062;-2.872;1.907;0.0366;-0.0684;-0.0008;-1.606;1.854
8114;8.113;0.257;-0.262;6.378;0.0251;-0.0028;0.0009;1.995;5.279
8115;8.114;-0.824;1.594;9.505;0.0014;0.0364;0.0007;2.482;-1.698
8116;8.115;-0.821;1.386;4.863;-0.0162;0.0263;0.0006;-11.725;-2.21
8117;8.116;-0.065;-0.748;4.454;-0.0094;0.0019;0.004;2.063;10.943
8118;8.117;-2.62;0.591;6.218;-0.0355;0.0086;-0.0019;0.153;-0.849
8119;8.118;2.093;0.347;10.278;0.0403;0.0075;0.0039;-1.876;0.852
8120;8.119;-1.559;1.766;3.109;-0.0219;0.0414;0.0082;2.949;9.72
8121;8.12;-0.932;-1.922;5.053;-0.0134;-0.0442;-0.0073;6.145;-1.956
8122;8.121;-0.922;-1.756;3.519;-0.0219;-0.0456;0.0052;4.143;-2.638
8123;8.122;-0.43;0.037;4.213;-0.009;0.0101;-0.0013;-4.067;2.787
8124;8.123;0.575;-0.779;1.5;-0.002;-0.0174;-0.0135;-5.054;-3.871
8125;8.124;1.811;-1.918;9.644;0.033;-0.0382;0.0021;-4.917;1.36
8126;8.125;0.344;-0.349;7.035;-0.0143;-0.0033;0.0009;2.497;12.48
8127;8.126;2.359;2.355;6.206;0.0465;0.0502;-0.0059;-11.181;-4.133
8128;8.127;-0.543;0.283;7.589;0.0023;0.0049;-0.0025;-3.495;-5.441
8129;8.128;1.045;-1.034;6.692;0.0146;-0.0238;0.0059;6.747;0.936
8130;8.129;1.2;1.174;8.907;0.0044;0.0113;0.0043;-3.24;3.133
8131;8.13;0.231;-1.493;3.456;0.003;-0.0326;0.0079;-4.849;-12.214
8132;8.131;1.012;-0.049;4.502;0.024;0.0049;-0.0073;0.367;-1.022
8133;8.132;-1.508;-0.361;4.356;-0.0298;0.011;-0.0033;3.544;-3.219
8134;8.133;1.999;0.429;5.664;0.0258;0.0248;-0.0066;-5.948;9.979
8135;8.134;1.232;0.037;0.963;0.0356;0.0027;-0.0062;-4.234;-3.931
8136;8.135;0.268;0.651;13.942;0.0149;0.0157;0.0003;-4.996;-3.242
8137;8.136;-0.509;-0.906;2.551;-0.0106;-0.03;0.0043;-1.733;-0.619
8138;8.137;1.28;0.064;4.785;0.0239;-0.01;0.0008;3.531;-7.225
8139;8.138;-1.612;1.037;9.45;-0.0296;0.0389;0.0056;-0.585;1.504
8140;8.139;1.121;-1.247;3.952;0.021;-0.0366;0.0025;-3.334;10.219
8141;8.14;1.412;1.228;7.638;0.0266;0.0316;-0.005;-0.932;-3.647
8142;8.141;3.773;0.308;8.749;0.0781;0.0041;0.0001;4.15;-0.514
8143;8.142;-0.11;-1.718;-0.954;0.0142;-0.047;0.0004;2.779;-0.742
8144;8.143;2.057;0.876;2.221;0.0517;0.0141;-0.0047;-3.985;4.436
8145;8.144;0.954;0.233;5.895;0.0125;0.0102;-0.0048;-4.472;-10.099
8146;8.145;-2.378;-1.293;1.68;-0.037;-0.0458;-0.0014;-2.014;-3.759
8147;8.146;-1.905;0.498;8.978;-0.0365;0.0242;-0.0004;-0.189;3.27
8148;8.147;-0.773;-1.744;8.915;-0.0061;-0.0285;0.0036;8.255;7.231
8149;8.148;1.766;-1.244;7.434;0.0324;-0.0182;-0.0014;3.846;-1.107
8150;8.149;2.199;-1.034;3.346;0.0445;-0.0216;0.0015;5.661;-4.321
8151;8.15;-0.345;0.542;3.368;-0.004;0.0;0.004;7.391;2.989
8152;8.151;0.677;2.12;6.97;0.0065;0.0331;-0.0116;7.257;0.445
8153;8.152;0.362;-0.18;-0.566;0.011;0.0026;0.0007;7.345;-5.53
8154;8.153;-3.696;0.475;2.343;-0.0774;-0.004;-0.0049;-1.337;-1.1
8155;8.154;1.667;0.329;7.455;0.0252;-0.0091;-0.0047;-4.109;-2.509
8156;8.155;2.143;0.464;5.246;0.0521;-0.004;-0.0053;-2.392;8.357
8157;8.156;-3.324;1.084;0.48;-0.0584;0.0066;0.0037;-5.197;6.165
8158;8.157;-1.379;-0.296;6.305;-0.0058;-0.0025;-0.0007;-3.335;3.68
8159;8.158;-0.103;0.643;7.366;-0.0122;0.0141;-0.0034;-2.75;8.164
8160;8.159;-0.103;0.713;3.53;-0.0078;0.0111;-0.0121;-1.214;6.183
8161;8.16;1.599;-0.837;-0.681;0.0257;-0.0139;-0.0025;-4.209;-1.117
8162;8.161;1.778;0.492;1.623;0.0404;0.0127;-0.0004;2.343;0.698
8163;8.162;-0.804;1.799;4.831;-0.0053;0.0528;-0.0008;-4.369;2.412
8164;8.163;1.041;-2.622;4.021;0.0171;-0.0564;0.0068;3.186;3.621
8165;8.164;-0.942;-0.651;0.305;-0.0157;-0.007;0.0054;0.523;12.424
8166;8.165;-0.442;1.37;2.959;0.0005;0.0375;0.004;-2.142;0.044
8167;8.166;0.379;0.932;3.697;0.0033;0.0246;0.0013;1.139;-4.22
8168;8.167;0.842;0.128;6.488;0.0156;-0.029;0.0023;7.478;0.565
8169;8.168;-0.915;0.469;0.371;-0.0088;0.0082;0.0114;-1.478;-7.277
8170;8.169;2.882;-0.892;1.851;0.0572;-0.0016;-0.0047;-2.511;-12.092
8171;8.17;0.331;0.541;8.34;0.0129;0.0204;0.0001;-2.77;-3.852
8172;8.171;0.034;0.337;0.356;0.0202;0.0003;-0.0;-8.099;-9.812
8173;8.172;1.181;0.471;-2.144;0.0263;0.0;0.0111;8.055;-2.664
8174;8.173;-0.921;-0.709;0.44;-0.0127;-0.0334;0.0123;3.323;-0.524
8175;8.174;0.492;0.123;3.022;0.005;-0.0117;0.0022;6.337;-0.829
8176;8.175;-3.647;-2.116;2.296;-0.0797;-0.0532;-0.0006;4.769;-3.299
8177;8.176;-2.547;0.828;4.499;-0.0636;0.0162;-0.0098;6.656;-0.17
8178;8.177;-0.526;1.782;4.009;-0.0069;0.0505;0.001;0.8;3.335
8179;8.178;-0.68;-1.372;1.14;-0.0274;-0.0422;-0.0063;6.297;4.179
8180;8.179;-0.514;-0.12;7.499;-0.0143;-0.0189;-0.004;-3.716;-1.364
8181;8.18;-0.951;-2.231;1.839;-0.002;-0.0438;0.003;11.934;5.038
8182;8.181;0.896;0.925;8.122;0.0356;0.0239;0.0038;3.468;1.774
8183;8.182;1.841;-0.675;1.642;0.0331;-0.017;-0.0019;-7.947;-3.885
8184;8.183;-0.735;-0.118;4.464;0.0074;-0.0234;-0.01;3.1;-0.685
8185;8.184;1.579;-0.974;8.533;0.0209;-0.0031;-0.0022;-2.163;-5.712
8186;8.185;0.596;-1.324;3.529;0.0184;-0.0345;0.0045;5.712;-8.15
8187;8.186;-1.784;0.582;6.756;-0.038;0.02;-0.0038;-4.465;-1.617
8188;8.187;-2.0;0.206;8.233;-0.0421;0.0196;0.0005;-1.991;-6.228
8189;8.188;0.103;1.041;0.287;0.0131;0.0191;-0.0009;4.827;-3.142
8190;8.189;1.641;0.779;1.742;0.0353;0.0167;0.0039;5.714;-3.562
8191;8.19;-1.357;-1.139;4.474;-0.0254;-0.0144;0.0015;3.458;-1.836
8192;8.191;-3.114;2.031;0.303;-0.0719;0.0374;-0.0018;3.478;1.204
8193;8.192;1.478;-2.544;4.475;0.0474;-0.0426;-0.0125;-3.173;-0.661
8194;8.193;1.756;0.696;5.724;0.0373;0.0059;0.0142;-1.599;-2.419
8195;8.194;-0.316;0.773;4.257;-0.0006;0.021;0.007;-0.678;3.829
8196;8.195;1.659;1.697;2.82;0.031;0.0306;0.0067;0.15;2.29
8197;8.196;3.071;-1.681;5.242;0.0522;-0.0422;-0.0003;-0.044;-1.212
8198;8.197;-1.245;0.376;3.409;-0.0106;0.0191;0.0006;-2.216;-8.088
8199;8.198;-0.549;-1.458;4.55;-0.0291;-0.0439;-0.0016;-1.89;-3.863
8200;8.199;-0.539;2.571;2.325;-0.0026;0.0601;0.002;0.794;-0.253
8201;8.2;1.657;-2.814;9.403;0.0331;-0.0605;0.0063;-2.707;-0.263
8202;8.201;-1.245;0.202;9.041;-0.0179;0.0138;-0.0026;-3.988;0.826
8203;8.202;-0.442;0.591;7.097;-0.0041;-0.0005;0.0012;-4.946;0.041
8204;8.203;1.94;-0.943;4.432;0.0449;-0.0289;0.0011;1.15;2.589
8205;8.204;1.553;-1.138;6.772;0.0346;-0.0345;-0.0031;-5.351;5.319
8206;8.205;1.625;3.408;5.93;0.0283;0.0957;0.0139;9.659;-4.992
8207;8.206;-1.341;-0.684;3.992;-0.022;-0.0188;0.0019;1.901;8.763
8208;8.207;0.704;-0.494;8.641;0.0228;-0.0104;-0.004;-0.333;-2.85
8209;8.208;-0.826;0.372;10.274;-0.0251;-0.0168;-0.0043;7.711;1.815
8210;8.209;1.425;-0.066;-2.681;0.0035;0.0039;-0.0017;0.066;3.518
8211;8.21;0.801;-2.069;7.034;0.0226;-0.0318;0.0027;0.274;-1.642
8212;8.211;1.109;-1.464;5.76;0.0342;-0.0388;-0.0013;-1.136;-3.581
8213;8.212;-0.204;-1.04;6.194;-0.0058;-0.0287;0.0062;-9.907;-0.919
8214;8.213;0.27;-0.623;2.877;0.013;-0.011;0.0051;-3.675;2.41
8215;8.214;0.619;0.357;6.324;-0.0046;0.0131;-0.0005;0.72;5.359
8216;8.215;-0.262;-0.453;3.821;-0.0055;-0.0047;0.0009;1.108;-1.157
8217;8.216;0.536;-0.349;0.219;0.0218;-0.01;-0.0028;-0.733;-5.976
8218;8.217;-1.391;0.605;4.254;-0.0307;0.0203;-0.0034;-0.31;7.44
8219;8.218;-1.708;-0.429;11.144;-0.033;-0.0062;-0.0017;-6.396;-1.583
8220;8.219;-2.498;0.265;4.631;-0.0432;0.0099;0.0018;0.713;3.11
8221;8.22;-0.162;0.647;3.746;-0.0118;0.0114;-0.0048;7.713;6.28
8222;8.221;1.31;-0.211;1.425;0.0048;-0.0075;0.0013;3.584;1.217
8223;8.222;0.701;-0.273;8.742;0.0008;0.0025;0.0007;9.501;-3.604
8224;8.223;-2.891;1.307;6.403;-0.0428;0.0412;-0.0006;2.265;-0.962
8225;8.224;0.657;0.966;3.742;0.0139;0.0138;-0.0017;3.488;-0.053
8226;8.225;0.121;3.697;9.787;0.0165;0.0718;-0.0029;4.531;7.437
8227;8.226;-0.177;0.724;5.227;-0.0106;-0.004;-0.0036;-2.173;-0.751
8228;8.227;0.398;0.281;6.852;0.0088;-0.0005;0.0088;5.498;4.498
8229;8.228;0.92;1.048;3.498;0.0096;0.028;-0.0081;-4.752;0.57
8230;8.229;2.095;0.54;10.453;0.0335;0.0172;0.0061;-1.346;1.208
8231;8.23;1.916;1.102;1.326;0.0171;0.0187;0.0081;-6.865;-4.236
8232;8.231;2.91;-0.343;8.439;0.0686;-0.0076;0.0007;-1.319;-5.12
8233;8.232;0.94;-0.873;3.807;0.0043;-0.0303;0.006;7.15;3.708
8234;8.233;-0.804;-2.298;1.318;-0.0128;-0.0476;-0.0009;1.292;0.857
8235;8.234;2.053;1.178;6.693;0.0535;0.0358;0.002;1.19;-7.123
8236;8.235;-1.725;-1.661;1.924;-0.0236;-0.0221;-0.0066;-8.826;5.475
8237;8.236;1.318;1.811;3.133;0.0338;0.0542;0.0081;0.03;6.033
8238;8.237;-1.442;-0.89;6.711;-0.0252;-0.0048;0.0049;2.666;4.65
8239;8.238;-0.778;-1.262;7.949;-0.0212;-0.0287;-0.0004;-6.116;-5.838
8240;8.239;1.89;-1.052;10.942;0.0311;-0.0114;-0.0056;-0.527;3.052
8241;8.24;-0.837;-0.653;4.128;-0.0107;-0.0174;0.0022;-9.937;-4.183
8242;8.241;1.661;0.72;5.573;0.0535;0.0044;0.0099;0.641;0.208
8243;8.242;1.016;0.116;-3.531;0.0335;-0.0019;-0.0057;0.477;4.472
8244;8.243;-0.125;-0.657;4.662;-0.0224;-0.0182;-0.0075;6.419;3.504
8245;8.244;1.185;2.688;0.097;0.0332;0.0703;-0.0039;-5.047;0.167
8246;8.245;0.981;-2.416;3.401;0.0043;-0.0504;0.0051;-8.611;2.975
8247;8.246;0.299;0.291;4.27;0.0085;0.0093;-0.0049;-8.751;3.89
8248;8.247;-0.856;0.594;6.215;0.0015;0.0133;0.0079;4.967;-10.294
8249;8.248;1.321;0.788;6.067;0.0269;0.0171;-0.0023;-4.47;1.129
8250;8.249;-0.396;2.363;6.928;-0.0112;0.0493;-0.0051;1.78;7.673
8251;8.25;0.002;0.295;1.797;0.0118;-0.0039;0.0049;-3.064;-4.673
8252;8.251;0.744;-2.027;-1.808;0.0041;-0.041;0.0014;-5.467;7.464
8253;8.252;-0.059;1.686;9.407;-0.0117;0.0383;0.0037;-10.312;-10.739
8254;8.253;0.466;-0.993;4.169;0.0254;-0.0363;-0.0035;0.481;-1.032
8255;8.254;0.535;-1.082;6.759;0.0082;-0.0232;-0.0023;0.391;-2.148
8256;8.255;0.503;0.436;2.347;0.0119;0.0188;-0.0025;-6.367;2.948
8257;8.256;0.289;-1.021;2.993;-0.0017;-0.0254;0.0042;-5.983;7.739
8258;8.257;2.13;-0.453;3.359;0.0429;-0.0053;-0.0001;0.415;1.226
8259;8.258;-0.619;0.503;3.691;0.0071;-0.0051;0.0041;-1.93;-8.011
8260;8.259;-0.545;-1.441;6.395;-0.0416;-0.0468;-0.0037;-3.103;1.445
8261;8.26;-1.761;0.71;3.856;-0.0448;0.0258;0.0007;1.155;-1.604
8262;8.261;-3.36;-1.597;3.911;-0.0565;-0.0363;-0.0026;-4.141;10.974
8263;8.262;1.071;-0.908;4.866;0.0209;-0.0137;0.0004;-2.553;-2.608
8264;8.263;0.792;-2.104;4.223;0.0179;-0.0409;-0.0009;-8.18;9.144
8265;8.264;2.203;0.739;3.771;0.0509;0.0118;-0.0005;2.34;-1.624
8266;8.265;-2.047;1.217;8.853;-0.0434;0.0291;0.0022;-5.268;-0.428
8267;8.266;-1.049;0.141;5.381;-0.0202;0.0015;-0.0014;-5.532;0.7
8268;8.267;-0.755;0.025;11.045;-0.0155;0.005;-0.0053;-2.715;14.16
8269;8.268;2.955;-1.173;5.485;0.0639;-0.0311;-0.001;12.042;-8.172
8270;8.269;1.442;2.257;2.191;0.0263;0.0467;0.0059;1.029;1.268
8271;8.27;-0.181;-0.612;1.466;0.001;-0.002;0.0044;-1.74;-0.523
8272;8.271;0.045;-0.43;4.71;-0.0121;-0.0008;0.0063;-1.947;-7.646
8273;8.272;0.535;0.486;1.511;0.0168;0.0118;-0.0003;-7.651;0.434
8274;8.273;-1.58;-0.9;3.637;-0.026;-0.0292;-0.0001;-1.262;-6.054
8275;8.274;0.575;-1.555;2.206;0.0363;-0.0189;0.0015;-3.143;-1.336
8276;8.275;-1.513;2.473;8.657;-0.0024;0.0567;0.0037;9.897;10.4
8277;8.276;0.214;-0.076;5.538;0.0112;-0.0052;-0.0011;1.605;5.529
8278;8.277;1.08;-0.931;4.282;0.0077;-0.0248;-0.0031;-2.787;-3.399
8279;8.278;0.477;0.405;3.422;0.003;0.0211;-0.0104;-0.453;5.068
8280;8.279;-0.966;-1.322;1.962;-0.0168;-0.0386;-0.0074;9.906;3.013
8281;8.28;-0.357;-1.86;2.561;-0.0195;-0.0231;-0.0034;-1.886;-3.357
8282;8.281;1.233;-2.961;4.492;0.0373;-0.0572;-0.0022;-5.585;2.907
8283;8.282;-0.694;0.268;8.766;-0.0216;-0.008;-0.005;-5.478;0.419
8284;8.283;-1.937;2.131;6.544;-0.0436;0.0357;0.0028;2.8;0.135
8285;8.284;-0.356;-1.909;3.575;0.0133;-0.0378;0.0019;2.652;2.235
8286;8.285;-0.711;0.4;5.148;-0.0189;0.0143;0.0017;3.952;-9.48
8287;8.286;-0.256;-1.806;6.54;0.0094;-0.0315;0.0004;0.438;4.274
8288;8.287;0.035;1.617;0.664;0.0074;0.0534;-0.0004;-1.092;6.089
8289;8.288;-0.472;-0.007;4.911;-0.0159;0.0065;-0.0019;-4.607;8.378
8290;8.289;-0.482;1.004;2.335;0.0066;0.0285;-0.0031;6.361;2.562
8291;8.29;1.367;-0.612;2.244;0.0372;-0.0186;0.0119;-8.74;7.823
8292;8.291;0.884;-1.02;6.994;0.0144;-0.0174;-0.0091;5.216;0.825
8293;8.292;1.433;-0.494;6.374;0.0431;0.0013;-0.0028;-1.871;-3.553
8294;8.293;0.136;0.809;6.983;0.01;0.0075;0.004;-4.993;-6.108
8295;8.294;-0.539;0.048;1.889;-0.0161;-0.0015;0.0023;6.806;-4.498
8296;8.295;0.472;-1.271;5.272;0.0008;-0.0148;-0.0098;-0.626;3.696
8297;8.296;-2.116;2.107;7.005;-0.0418;0.023;-0.002;2.934;-4.156
8298;8.297;-1.642;0.438;2.38;-0.023;0.006;-0.005;7.766;-1.379
8299;8.298;1.247;0.239;5.133;0.0247;-0.023;-0.0115;3.57;-3.195
8300;8.299;-0.699;-0.363;3.96;-0.0121;0.0123;-0.0015;-8.136;-6.782
8301;8.3;-0.966;-0.096;9.253;-0.0249;0.0062;-0.0063;2.091;-1.988
8302;8.301;-1.59;0.544;3.143;-0.0357;0.0177;-0.0035;7.811;-5.05
8303;8.302;0.658;-0.984;2.014;0.0089;-0.0299;0.0028;-2.244;-4.805
8304;8.303;-1.752;3.874;5.939;-0.027;0.0765;0.0083;4.535;0.883
8305;8.304;1.789;-0.337;2.214;0.0138;-0.0053;-0.013;-2.377;3.669
8306;8.305;0.296;-1.385;6.597;0.0259;-0.0385;0.0057;2.998;9.241
8307;8.306;-2.572;0.97;7.509;-0.0583;0.0269;-0.0004;-2.036;-1.835
8308;8.307;-0.751;-0.596;6.524;-0.0138;-0.0323;0.0023;7.1;3.463
8309;8.308;-1.493;-0.844;6.745;-0.0353;-0.0254;0.0056;-4.199;4.532
8310;8.309;0.794;-1.923;3.386;0.0115;-0.0517;-0.0022;-2.006;-1.154
8311;8.31;0.76;-0.794;8.009;0.0258;-0.0166;-0.0052;-2.353;3.108
8312;8.311;-0.724;-0.058;5.312;-0.0224;0.0052;0.0061;6.099;0.103
8313;8.312;-0.953;-1.888;7.052;-0.0157;-0.0476;-0.0034;-6.178;10.725
8314;8.313;0.629;-0.008;1.82;0.0219;0.0015;-0.0089;1.01;1.058
8315;8.314;-0.934;1.75;4.154;-0.0209;0.0569;0.0005;5.775;0.906
8316;8.315;1.934;0.489;-3.31;0.0306;0.0157;-0.0093;1.55;-6.941
8317;8.316;-0.987;-0.209;-2.093;-0.0091;-0.0229;-0.0006;-2.369;1.196
8318;8.317;0.489;-1.271;10.406;0.0165;-0.0259;-0.007;-6.187;0.782
8319;8.318;-2.915;1.341;5.914;-0.0538;0.0306;-0.0036;-2.198;-5.264
8320;8.319;0.529;-0.143;0.472;0.0051;-0.0151;-0.0029;-0.146;-0.81
8321;8.32;-0.937;2.105;2.31;-0.0167;0.0429;0.0;4.65;2.456
8322;8.321;0.367;-2.112;1.856;0.0091;-0.0577;0.0099;1.095;6.898
8323;8.322;1.601;-0.414;10.703;0.0385;0.0029;-0.0028;2.627;-4.351
8324;8.323;-0.289;0.213;4.843;0.0126;0.0025;0.003;-0.623;-5.15
8325;8.324;-3.708;0.07;2.044;-0.0726;-0.011;0.0018;-8.788;1.996
8326;8.325;-3.04;0.493;7.281;-0.0654;-0.0064;0.0004;5.65;-4.333
8327;8.326;0.085;0.761;6.49;-0.0054;0.0341;0.0062;0.116;-2.352
8328;8.327;-1.356;-2.737;8.559;-0.0141;-0.0355;-0.0015;-2.578;-4.259
8329;8.328;-1.738;1.907;5.384;-0.0212;0.0432;0.0005;-1.169;-4.043
8330;8.329;1.452;0.779;6.238;0.0249;0.0375;-0.0006;-4.23;-1.557
8331;8.33;-0.386;1.932;4.147;-0.0038;0.0193;-0.0054;-4.072;-1.825
8332;8.331;1.314;0.511;5.704;0.0164;-0.0073;0.0044;-0.48;5.595
8333;8.332;1.286;0.179;1.911;0.0338;0.0173;-0.0119;-7.832;10.23
8334;8.333;-0.638;-3.257;1.597;-0.0048;-0.0656;-0.0024;4.419;3.289
8335;8.334;0.127;0.419;4.803;0.0038;0.0182;-0.002;4.277;3.91
8336;8.335;-1.801;-1.574;6.774;-0.0448;-0.0307;-0.0085;-10.929;0.724
8337;8.336;0.519;1.613;12.05;0.0109;0.0277;0.0003;1.066;16.61
8338;8.337;-0.124;-1.038;5.421;-0.0016;-0.0256;0.0023;2.306;-2.506
8339;8.338;2.237;0.513;4.926;0.0416;0.0163;-0.0065;10.978;-4.719
8340;8.339;1.15;0.758;7.289;0.0101;0.0147;0.0022;-1.544;-7.452
8341;8.34;-0.325;-0.08;0.455;-0.0232;-0.0092;0.0004;-1.581;-6.728
8342;8.341;-1.09;-0.89;3.052;-0.022;-0.0091;-0.0153;-5.034;-4.581
8343;8.342;-0.411;3.453;9.475;-0.0198;0.0673;-0.002;-2.322;-4.695
8344;8.343;-0.09;-1.671;4.514;0.0065;-0.0408;-0.0069;6.015;6.076
8345;8.344;1.013;-0.727;5.935;0.0254;-0.0125;0.0049;-2.096;1.289
8346;8.345;1.404;-1.274;3.843;0.0448;-0.0237;0.0014;0.677;-6.545
8347;8.346;-1.856;1.453;6.187;-0.0519;0.0373;0.0037;-1.991;-1.813
8348;8.347;-1.625;0.924;11.319;-0.0368;0.0184;0.0039;-4.754;12.515
8349;8.348;0.391;-0.314;2.135;0.0101;0.0061;-0.005;-0.438;2.11
8350;8.349;-1.872;-0.902;5.891;-0.0389;-0.0144;0.0003;3.819;-3.586
8351;8.35;-0.239;-0.399;3.165;-0.011;0.0018;-0.0118;-3.188;1.296
8352;8.351;-2.705;0.952;5.948;-0.0593;0.0069;-0.0132;-0.708;-2.171
8353;8.352;-0.585;1.835;5.262;-0.022;0.0361;0.0003;8.247;0.183
8354;8.353;-0.769;-0.539;9.131;0.0015;-0.0116;0.004;-0.193;-0.778
8355;8.354;-0.577;-0.081;7.365;-0.0224;0.0009;0.0004;-4.649;-7.528
8356;8.355;-1.055;2.737;1.485;-0.018;0.059;-0.0016;-2.3;0.044
8357;8.356;0.603;2.019;6.173;0.0057;0.0291;-0.0104;3.723;1.12
8358;8.357;1.19;0.393;6.899;0.0138;0.0013;-0.0131;-8.595;-2.118
8359;8.358;0.954;-0.333;5.287;0.0313;-0.0261;-0.0022;-1.781;6.064
8360;8.359;-0.509;0.568;4.464;-0.0141;0.0039;-0.0076;-1.591;2.7
8361;8.36;-0.565;-0.498;-0.402;-0.0086;-0.0103;0.0016;6.842;5.032
8362;8.361;-1.083;0.417;4.913;-0.0358;0.0197;0.0051;-5.35;0.059
8363;8.362;-1.168;0.607;6.082;-0.0125;0.0257;-0.0041;-6.353;2.299
8364;8.363;-0.358;0.759;8.333;-0.0018;0.0263;-0.0081;-3.203;-4.324
8365;8.364;-0.365;0.369;3.827;-0.0008;0.001;-0.0049;2.539;11.451
8366;8.365;-0.423;1.329;1.407;-0.0026;0.0175;0.0007;-2.566;0.6
8367;8.366;0.23;1.025;4.508;0.0155;0.0054;0.0037;-5.849;6.352
8368;8.367;1.13;0.038;5.784;0.0254;-0.0149;-0.0067;2.645;-6.533
8369;8.368;-1.044;-0.937;4.828;-0.0141;-0.0297;-0.003;6.146;4.328
8370;8.369;-0.454;-0.402;-0.242;-0.0119;-0.0071;0.0005;-3.789;-6.249
8371;8.37;0.697;2.215;4.097;0.0099;0.038;-0.0043;2.351;-4.281
8372;8.371;0.188;0.679;3.644;0.0045;0.0275;-0.0027;-7.491;4.381
8373;8.372;-1.274;1.876;0.26;-0.0374;0.0393;0.0051;-0.042;0.591
8374;8.373;-1.82;-0.974;4.141;-0.0594;-0.022;-0.006;-3.819;6.007
8375;8.374;0.847;1.395;1.31;-0.005;0.0286;-0.0082;0.551;4.971
8376;8.375;-1.646;3.1;3.076;-0.0294;0.0496;0.004;2.164;9.149
8377;8.376;0.503;-1.014;7.067;0.0176;-0.0308;0.0054;6.701;-6.976
8378;8.377;-1.55;1.794;7.683;-0.0294;0.045;-0.0033;-2.426;-0.237
8379;8.378;2.463;-0.511;6.63;0.0489;-0.0232;0.0085;-0.11;-5.278
8380;8.379;-1.62;0.085;6.13;-0.0424;0.0073;-0.0059;5.334;5.572
8381;8.38;2.559;-0.569;-0.303;0.0642;-0.018;-0.0007;-1.489;9.181
8382;8.381;1.012;-0.127;2.108;0.0233;0.0208;0.004;0.485;-6.705
8383;8.382;1.949;0.151;5.005;0.0147;-0.0046;0.0011;0.045;4.309
8384;8.383;1.732;-1.442;10.13;0.028;-0.0266;0.0045;0.429;5.369
8385;8.384;0.709;0.777;5.168;-0.0078;0.0124;-0.006;4.185;7.17
8386;8.385;-0.488;-0.385;0.896;0.002;-0.0215;-0.0061;-5.554;-3.135
8387;8.386;3.517;-0.713;2.198;0.085;-0.0221;-0.0048;-1.861;5.885
8388;8.387;-0.638;2.346;3.746;-0.013;0.0307;-0.0053;6.768;-5.649
8389;8.388;0.236;0.823;8.45;-0.0099;0.0123;0.0001;4.796;3.141
8390;8.389;-1.99;-0.881;7.453;-0.0469;-0.0054;-0.0066;-2.51;3.212
8391;8.39;-0.046;0.122;5.074;-0.0136;-0.0123;-0.0062;1.164;4.665
8392;8.391;0.824;-0.535;3.412;0.0147;-0.0102;-0.001;-0.214;7.433
8393;8.392;-1.049;-2.045;1.611;-0.0003;-0.0261;0.0028;-0.536;-6.93
8394;8.393;0.175;1.024;3.232;0.0021;0.0298;0.0045;1.175;2.844
8395;8.394;-0.444;-1.75;2.755;-0.0157;-0.0344;-0.0003;1.702;-1.592
8396;8.395;-0.524;-0.209;2.362;-0.0046;0.0007;-0.0065;-12.365;-1.803
8397;8.396;0.884;-2.532;4.361;0.0199;-0.0364;-0.0135;-3.37;-0.371
8398;8.397;1.243;0.618;5.04;0.0463;0.0219;-0.0;0.74;5.117
8399;8.398;-1.101;-0.408;2.816;-0.034;-0.0208;-0.0008;5.469;1.552
8400;8.399;-2.532;0.422;10.263;-0.0539;0.0089;0.0034;-0.067;5.485
8401;8.4;0.654;0.023;3.307;0.037;-0.0039;-0.0016;-1.011;-1.345
8402;8.401;-1.606;0.305;2.92;-0.029;0.0001;-0.0006;-3.105;-6.28
8403;8.402;-0.686;-0.024;-0.178;-0.0138;-0.0053;-0.009;1.402;1.41
8404;8.403;-1.22;-0.882;4.601;-0.03;-0.0179;0.0056;-2.671;-0.524
8405;8.404;1.429;-2.369;11.692;0.028;-0.055;-0.0017;-6.171;-8.715
8406;8.405;3.152;2.283;3.563;0.0677;0.0487;0.0035;0.202;-8.18
8407;8.406;-0.874;-0.576;6.542;-0.0129;-0.0256;-0.0008;0.208;4.463
8408;8.407;3.134;1.845;8.096;0.0605;0.0299;0.0008;2.893;-1.507
8409;8.408;0.21;1.051;9.738;0.0057;0.0202;0.005;-0.089;-4.321
8410;8.409;-0.512;-0.288;8.632;-0.0196;-0.0157;-0.0028;-6.13;2.754
8411;8.41;1.601;-0.722;1.391;0.0229;-0.0189;-0.0013;-1.573;-6.249
8412;8.411;2.772;0.637;6.395;0.0577;0.0127;0.0006;3.478;3.633
8413;8.412;-0.362;0.712;8.643;-0.0131;0.0107;0.0003;-3.652;3.349
8414;8.413;-0.499;0.207;7.077;-0.0111;-0.0126;-0.0;0.966;-8.712
8415;8.414;2.68;0.195;3.565;0.0644;-0.0002;0.0018;5.897;0.558
8416;8.415;1.257;0.627;3.951;0.0189;0.0177;0.0009;-1.226;8.66
8417;8.416;-4.121;-0.521;4.053;-0.0795;0.0002;-0.0056;-2.493;-1.599
8418;8.417;-0.27;-1.552;0.49;-0.008;-0.0284;-0.0142;-7.568;5.277
8419;8.418;-1.203;0.743;5.033;-0.0174;0.0095;-0.0115;2.382;2.345
8420;8.419;-0.892;-1.02;10.496;-0.0076;-0.0173;-0.0056;4.607;0.746
8421;8.42;0.142;0.58;6.585;0.0144;0.0286;-0.0021;1.885;-0.843
8422;8.421;-0.732;-0.318;6.469;-0.0299;-0.0043;0.0029;-1.506;-5.768
8423;8.422;-0.628;-1.333;2.904;-0.0012;-0.0302;0.0029;2.605;-5.785
8424;8.423;2.991;-1.479;1.336;0.0518;-0.0359;0.0072;4.863;-1.546
8425;8.424;-2.411;-1.161;4.058;-0.0502;-0.0436;0.003;0.44;2.465
8426;8.425;0.202;-0.392;6.135;-0.0338;-0.0027;0.0044;1.075;7.884
8427;8.426;0.828;-0.179;2.346;0.0011;-0.0084;0.0041;1.42;2.595
8428;8.427;-2.151;0.893;5.298;-0.0441;-0.0016;0.0056;0.236;-4.276
8429;8.428;-1.7;-0.482;5.299;-0.0387;-0.0151;-0.0028;3.047;3.234
8430;8.429;-1.695;-0.564;9.679;-0.0496;-0.0037;0.0042;-6.412;0.8
8431;8.43;1.203;-1.245;5.543;0.0199;-0.0301;-0.0033;-4.006;5.844
8432;8.431;-1.624;0.434;10.117;-0.0309;0.0191;0.0078;-2.38;-1.552
8433;8.432;0.689;-1.293;6.62;-0.0092;-0.0419;0.003;-1.684;-11.112
8434;8.433;-1.789;-0.567;1.336;-0.0316;-0.0115;0.002;-5.677;1.74
8435;8.434;-1.879;0.604;5.632;-0.0494;0.0114;0.0041;-10.904;-2.176
8436;8.435;0.607;1.062;6.614;0.0062;0.0323;0.001;-1.281;-10.028
8437;8.436;1.161;1.068;3.197;0.0278;0.0264;-0.0027;2.782;-2.825
8438;8.437;-2.017;0.891;5.8;-0.031;0.0146;-0.0022;0.417;-0.751
8439;8.438;-1.543;0.418;11.04;-0.0221;0.0021;-0.0018;1.181;-7.289
8440;8.439;0.31;-0.043;1.564;0.0148;-0.0037;-0.0017;-0.152;3.068
8441;8.44;-1.481;1.52;3.81;-0.0163;0.0224;0.0062;1.864;1.095
8442;8.441;-1.761;-0.172;7.014;-0.0355;0.0183;-0.003;-1.95;6.943
8443;8.442;-1.646;-1.856;2.874;-0.0168;-0.0214;0.0041;-4.171;2.632
8444;8.443;0.372;0.459;3.034;0.0121;0.0156;0.0014;3.77;-0.809
8445;8.444;-3.9;-0.466;8.632;-0.0858;-0.0197;0.0053;9.45;-0.047
8446;8.445;2.5;0.813;5.399;0.0496;0.033;0.0061;0.497;-0.225
8447;8.446;2.269;-0.197;2.126;0.0437;-0.0012;-0.0027;-0.361;-3.25
8448;8.447;1.766;-0.859;4.474;0.0417;-0.011;0.0001;-4.924;8.788
8449;8.448;-0.382;0.688;4.771;0.0163;0.0341;0.0004;2.349;2.942
8450;8.449;-1.064;0.01;5.216;-0.0238;0.0105;-0.0043;1.117;-0.17
8451;8.45;0.705;-0.961;6.217;-0.0035;-0.0154;-0.0049;-0.644;-0.626
8452;8.451;-1.698;-1.805;1.391;-0.0187;-0.06;0.0041;-0.478;-0.237
8453;8.452;3.078;-1.152;8.699;0.0654;-0.0257;0.0027;0.427;-8.022
8454;8.453;-0.973;1.206;1.881;-0.0003;0.0343;0.0002;5.39;0.345
8455;8.454;1.668;1.98;7.377;0.0396;0.0381;-0.0021;3.548;1.11
8456;8.455;1.109;0.96;8.033;0.01;0.0218;0.0066;-7.128;-3.574
8457;8.456;-0.728;-1.281;3.889;-0.0212;-0.0324;0.0029;-5.882;10.996
8458;8.457;-0.419;-0.607;4.345;-0.02;-0.0194;0.0047;5.597;3.826
8459;8.458;-1.296;-0.114;7.151;-0.0283;-0.0117;-0.0017;4.323;-0.118
8460;8.459;0.07;0.55;7.955;0.0062;0.012;0.0043;-7.913;4.391
8461;8.46;0.799;-1.06;6.078;0.0025;-0.0191;-0.0024;-5.978;-2.213
8462;8.461;-0.057;1.033;0.048;-0.0018;0.0405;0.0085;2.577;-1.704
8463;8.462;-0.583;1.078;3.51;-0.0052;0.0063;-0.0045;-0.33;9.496
8464;8.463;-0.036;-0.821;8.062;-0.0326;-0.0189;0.005;4.774;-7.844
8465;8.464;1.75;-0.77;0.521;0.0266;-0.0183;0.0026;8.731;-0.536
8466;8.465;1.247;0.788;1.281;0.0497;0.0091;-0.0006;-5.601;-9.764
8467;8.466;0.661;1.196;6.472;0.0009;0.014;-0.0082;4.509;-7.062
8468;8.467;-0.994;0.757;3.06;-0.0282;0.0132;-0.0123;-0.521;-6.733
8469;8.468;-0.765;-1.324;3.793;-0.0227;-0.023;0.0012;-5.558;-0.843
8470;8.469;0.649;-1.978;3.83;0.0205;-0.0485;-0.002;10.768;1.211
8471;8.47;-0.648;0.259;3.278;-0.032;0.0056;0.0005;-1.455;-3.402
8472;8.471;-1.086;1.225;6.134;-0.0066;0.0383;0.002;-4.369;3.493
8473;8.472;1.936;0.922;9.195;0.0533;0.0206;0.007;0.835;-0.719
8474;8.473;0.085;-1.216;2.187;0.0098;-0.0395;0.0017;7.315;3.408
8475;8.474;0.266;0.561;5.198;0.0196;0.0144;-0.0035;-0.139;-8.652
8476;8.475;-0.939;0.694;2.9;-0.0122;-0.0026;-0.0056;1.622;-4.412
8477;8.476;0.338;-0.792;7.179;0.0057;-0.0214;0.0081;-2.24;7.485
8478;8.477;1.117;-1.604;4.391;0.0232;-0.027;0.0007;2.796;4.545
8479;8.478;0.323;2.553;12.678;0.019;0.0471;0.0072;-0.623;-2.99
8480;8.479;-2.251;0.571;6.096;-0.0321;0.0131;-0.0103;-10.342;-0.491
8481;8.48;-0.795;1.04;5.728;-0.0171;0.0215;-0.01;4.915;6.161
8482;8.481;0.709;2.738;9.191;0.0081;0.0466;0.0037;-5.209;4.281
8483;8.482;0.255;0.739;3.755;0.01;0.0389;-0.0088;-3.367;-2.306
8484;8.483;1.387;-0.83;3.348;0.0463;-0.0153;-0.0029;4.58;-0.629
8485;8.484;-0.531;-0.365;5.532;0.0012;-0.0075;-0.0019;0.898;4.801
8486;8.485;-0.172;1.677;3.379;0.002;0.0239;0.0029;-5.407;-0.148
8487;8.486;1.244;0.217;-0.383;0.0096;-0.0026;0.0028;12.388;5.931
8488;8.487;-0.168;-0.567;2.959;-0.015;-0.0169;0.0007;-4.05;2.667
8489;8.488;1.167;2.292;4.164;0.0192;0.0588;-0.0041;-2.837;-7.765
8490;8.489;-2.676;0.377;7.542;-0.0679;0.0168;-0.0012;-0.754;2.702
8491;8.49;-1.509;0.629;3.578;-0.0348;0.0367;-0.0031;-2.075;-1.219
8492;8.491;1.256;1.28;0.317;0.0174;0.0403;0.004;-4.431;4.748
8493;8.492;1.084;-1.893;0.988;0.0132;-0.0349;-0.0048;7.941;2.274
8494;8.493;1.02;-0.365;9.661;0.0257;-0.0132;0.0073;0.43;8.053
8495;8.494;1.244;0.378;5.529;0.0156;-0.0032;0.0032;0.071;-8.3
8496;8.495;1.258;-0.161;8.921;0.0138;0.0131;0.013;-8.684;-2.987
8497;8.496;-1.747;0.992;13.788;-0.0416;-0.0012;-0.0025;1.914;-2.575
8498;8.497;2.239;-1.104;1.723;0.0503;-0.005;-0.0074;-8.222;-3.921
8499;8.498;1.165;-1.147;4.011;0.0231;-0.0239;0.0007;-0.216;-0.482
8500;8.499;-1.847;0.055;-0.932;-0.0394;-0.0028;-0.004;-5.007;5.402
8501;8.5;-2.052;0.014;3.043;-0.0329;-0.0032;0.0041;-8.901;-2.096
8502;8.501;0.479;-1.632;2.88;0.012;-0.0211;0.0045;-2.476;5.175
8503;8.502;-1.117;0.338;9.013;-0.0176;-0.0049;-0.0048;-3.779;-2.703
8504;8.503;0.634;1.622;4.259;0.0167;0.0366;-0.004;-3.14;1.015
8505;8.504;-0.554;-0.336;2.772;-0.0223;-0.014;0.0061;-6.606;-5.964
8506;8.505;-2.331;-1.096;12.302;-0.0458;-0.0375;0.0049;-4.507;-4.036
8507;8.506;-1.368;2.349;-0.79;-0.0182;0.0478;-0.0023;-8.988;10.994
8508;8.507;-0.688;2.513;8.749;-0.0236;0.0556;0.004;6.907;2.02
8509;8.508;-0.146;-0.185;6.296;-0.0049;-0.0144;-0.009;-2.825;-9.513
8510;8.509;1.033;1.098;3.122;0.0224;0.021;-0.003;0.707;-5.087
8511;8.51;-1.099;-0.694;2.545;-0.0228;-0.0212;0.002;17.614;-4.458
8512;8.511;0.558;0.023;4.378;0.0141;-0.0105;0.0009;-4.217;5.396
8513;8.512;-0.462;-1.432;4.815;-0.0008;-0.0412;0.0008;0.215;-1.259
8514;8.513;-0.318;-0.06;5.291;-0.0267;0.0162;-0.0024;-5.344;0.643
8515;8.514;-3.529;1.931;5.733;-0.0674;0.0172;0.0007;-4.941;1.475
8516;8.515;-0.875;0.35;5.65;-0.0089;0.0152;0.0062;3.212;-0.446
8517;8.516;-2.26;1.074;4.215;-0.0515;0.0342;-0.0082;-1.306;-8.129
8518;8.517;0.861;-1.78;7.089;0.002;-0.0316;0.002;-3.943;5.779
8519;8.518;1.462;0.698;5.422;0.0374;-0.0005;0.0059;4.618;-5.494
8520;8.519;0.505;0.027;-0.566;0.0055;-0.0064;-0.0045;3.028;6.611
8521;8.52;2.912;1.103;3.135;0.0491;-0.0013;0.0048;-3.959;0.484
8522;8.521;0.253;-1.026;10.086;0.0079;-0.016;-0.0069;2.341;11.36
8523;8.522;1.101;0.198;7.163;0.0199;0.0043;-0.012;2.407;-4.669
8524;8.523;-0.637;-2.168;11.392;0.0019;-0.0382;-0.0036;1.761;1.24
8525;8.524;0.399;-0.754;3.631;0.0065;-0.0092;0.0041;10.374;-0.612
8526;8.525;-1.639;1.597;1.775;-0.0381;0.0426;0.0032;4.651;-12.006
8527;8.526;-0.579;0.251;6.425;-0.0193;0.0084;0.0015;-1.851;4.559
8528;8.527;1.391;-1.209;3.644;0.0351;-0.0213;0.0056;6.003;3.764
8529;8.528;-0.148;1.469;4.361;-0.0081;0.0286;0.0128;-5.512;2.163
8530;8.529;-0.623;0.714;1.521;-0.0002;0.0022;-0.0002;0.844;-0.826
8531;8.53;-0.307;-0.076;4.665;0.0096;0.0074;0.0086;-8.118;-4.469
8532;8.531;0.601;0.478;7.722;0.0307;0.0225;0.0055;-6.812;4.597
8533;8.532;1.883;-0.252;4.99;0.0495;-0.0136;-0.0038;0.044;0.234
8534;8.533;-2.353;0.852;5.668;-0.0497;0.0026;0.0024;-3.262;2.451
8535;8.534;-0.164;2.296;4.943;0.0132;0.0401;0.0018;3.462;-3.142
8536;8.535;-0.335;-2.223;8.69;-0.0094;-0.0384;0.0028;-3.411;-2.461
8537;8.536;-0.491;0.465;8.187;-0.0074;0.01;-0.0022;-0.938;-5.288
8538;8.537;-0.174;-3.034;3.477;0.0014;-0.0385;-0.0014;1.452;9.957
8539;8.538;0.624;0.012;1.525;0.0233;-0.0071;0.0079;3.119;4.112
8540;8.539;1.589;-0.976;4.848;0.0201;-0.016;0.0037;3.572;12.274
8541;8.54;-2.681;0.792;4.933;-0.0549;0.0189;-0.0023;3.647;-2.919
8542;8.541;-1.894;0.339;6.307;-0.0385;0.0285;0.004;-5.351;-2.608
8543;8.542;0.025;1.242;1.52;0.0048;0.0402;-0.0054;3.495;-1.379
8544;8.543;-2.287;0.317;9.346;-0.0604;0.0165;0.0068;-10.804;-9.404
8545;8.544;0.526;1.344;10.108;0.0069;0.0338;0.0009;1.631;3.968
8546;8.545;-1.407;-1.716;1.52;-0.0264;-0.0503;0.0029;8.485;-4.596
8547;8.546;-0.352;-1.654;4.74;-0.0021;-0.0321;0.0025;3.666;6.347
8548;8.547;-1.873;-2.255;3.15;-0.03;-0.0402;-0.0052;-5.091;13.371
8549;8.548;-1.505;-0.596;3.71;-0.0215;-0.0122;0.0007;-9.331;-4.836
8550;8.549;3.874;-0.904;10.599;0.0934;-0.0116;0.0012;-7.611;8.634
8551;8.55;-0.654;1.727;5.671;-0.0233;0.0252;-0.0025;-2.838;-3.088
8552;8.551;1.971;1.443;5.297;0.0321;0.0213;0.0091;-3.54;2.13
8553;8.552;-0.228;0.611;8.262;-0.009;0.0232;-0.0035;-6.855;-1.635
8554;8.553;0.775;0.133;-0.922;0.0194;0.015;-0.003;-2.668;-2.481
8555;8.554;-1.355;1.066;10.028;-0.0218;0.0328;0.0029;4.19;0.552
8556;8.555;0.566;-1.212;11.56;0.0267;-0.0302;-0.0087;-2.886;-2.834
8557;8.556;-0.945;0.876;6.17;-0.0309;0.0108;-0.0031;-0.987;-1.263
8558;8.557;-4.391;-0.675;-1.2;-0.0953;-0.0205;-0.0066;6.128;-1.725
8559;8.558;-4.08;2.032;4.248;-0.0901;0.0324;-0.0058;9.945;1.899
8560;8.559;-0.36;0.163;10.097;-0.0107;-0.0047;0.0057;3.583;-3.604
8561;8.56;0.805;0.112;3.857;0.0003;-0.0039;-0.0036;4.036;3.12
8562;8.561;-1.34;-0.668;0.075;-0.0354;-0.0199;0.0037;3.976;-0.433
8563;8.562;-1.764;0.857;5.081;-0.0161;0.0222;0.0056;-5.198;-6.01
8564;8.563;-1.032;1.322;-0.914;-0.0115;0.0326;0.0007;-0.779;-9.211
8565;8.564;2.255;1.737;4.66;0.0501;0.0528;-0.0047;-1.792;10.883
8566;8.565;-2.921;-0.331;3.893;-0.0475;-0.0282;-0.0108;-6.982;-2.819
8567;8.566;0.776;0.529;3.487;-0.0018;0.0048;0.0012;1.229;-9.68
8568;8.567;1.513;-0.421;8.578;0.0368;0.0011;0.0063;-3.647;-7.645
8569;8.568;-2.206;0.55;5.992;-0.0294;0.0194;0.0038;-4.43;-0.842
8570;8.569;-1.582;0.286;9.132;-0.0281;-0.0024;0.0;0.319;2.718
8571;8.57;-0.791;-0.569;5.574;-0.0261;0.0015;-0.0024;-9.246;-1.228
8572;8.571;-1.196;-0.563;3.248;-0.0317;-0.0296;-0.0014;-0.917;5.752
8573;8.572;1.217;1.712;4.009;0.009;0.0192;0.0069;4.06;3.902
8574;8.573;-0.079;1.082;3.792;-0.0113;0.0332;-0.0086;3.017;-1.43
8575;8.574;-0.988;-0.224;-0.642;-0.0116;0.0003;0.0015;12.545;3.837
8576;8.575;0.34;-0.138;6.612;0.0144;-0.0029;0.0006;4.665;-1.359
8577;8.576;1.608;0.911;6.213;0.0239;0.0165;0.0024;-4.603;-7.931
8578;8.577;-0.748;-0.441;7.035;-0.0251;-0.0097;-0.0031;2.483;-6.085
8579;8.578;-1.421;0.884;3.738;-0.0221;0.0268;0.0123;-3.473;0.723
8580;8.579;1.185;0.476;6.784;0.0068;0.0141;-0.0091;-1.805;-0.021
8581;8.58;2.384;-0.584;2.246;0.0521;-0.0099;-0.0001;4.7;6.671
8582;8.581;2.134;-2.761;4.343;0.0542;-0.0536;-0.0054;-13.94;-0.914
8583;8.582;1.028;1.636;4.224;0.011;0.033;0.004;3.442;-1.062
8584;8.583;-0.409;1.294;3.46;-0.006;0.0227;-0.0005;0.86;1.142
8585;8.584;1.068;-2.264;5.375;0.0038;-0.0404;0.0027;-5.328;-1.29
8586;8.585;0.709;0.27;9.494;0.0181;0.0007;0.0032;-0.015;3.282
8587;8.586;0.799;-1.019;9.724;0.0144;-0.0031;0.0041;-3.322;-4.082
8588;8.587;-0.159;0.519;3.448;0.0061;0.0169;0.0046;-6.298;-1.497
8589;8.588;1.437;2.453;8.744;0.0397;0.0551;0.0006;4.301;-2.709
8590;8.589;1.211;3.267;-2.038;0.016;0.0613;0.0047;1.477;0.486
8591;8.59;-1.959;0.853;5.635;-0.037;0.033;-0.0115;5.976;-4.069
8592;8.591;0.973;1.088;3.174;0.0295;0.0208;0.0023;4.442;-2.972
8593;8.592;-1.56;-0.498;4.197;-0.0341;-0.0147;-0.0084;-2.853;-5.1
8594;8.593;0.101;0.95;7.162;0.0101;0.0103;-0.0018;2.852;-5.009
8595;8.594;-0.282;0.885;8.418;-0.0031;0.0097;0.0018;3.73;7.291
8596;8.595;0.65;1.275;6.547;0.0132;0.0277;0.0057;10.386;4.82
8597;8.596;-0.805;-0.049;3.073;-0.0133;-0.0049;-0.0013;-3.285;6.149
8598;8.597;-0.6;-0.667;2.84;-0.006;-0.0132;0.0032;3.645;4.248
8599;8.598;-0.822;1.182;7.273;-0.0276;0.0238;0.009;-5.744;-8.352
8600;8.599;-0.787;1.117;4.451;-0.016;0.0119;-0.0004;1.292;-1.074
8601;8.6;-2.174;-0.088;3.555;-0.0362;-0.012;-0.0032;-3.782;-0.423
8602;8.601;0.719;-0.311;4.237;0.0109;-0.0184;-0.0031;2.048;4.614
8603;8.602;-0.912;-2.578;0.474;-0.0178;-0.0554;0.0013;6.83;-2.416
8604;8.603;0.468;-1.807;7.623;0.0125;-0.0319;-0.0022;-0.15;-6.269
8605;8.604;-0.063;-0.087;2.881;-0.0059;0.0088;-0.0017;-2.119;3.906
8606;8.605;0.576;0.378;4.954;0.0111;0.0113;-0.0008;-3.015;-2.883
8607;8.606;0.817;-1.625;9.91;0.0102;-0.0499;-0.0071;4.751;3.449
8608;8.607;-1.971;-0.392;11.279;-0.0453;-0.0226;-0.0041;-0.211;-10.077
8609;8.608;-0.215;-0.685;-1.511;0.0034;-0.0369;-0.0112;-2.399;-5.142
8610;8.609;0.243;-0.619;5.94;0.0078;-0.0001;-0.0002;-1.353;1.523
8611;8.61;-1.072;1.396;0.91;-0.0187;0.0381;0.0038;-1.337;-5.267
8612;8.611;-1.013;1.347;2.154;-0.0143;0.0448;-0.0006;-2.798;-1.655
8613;8.612;0.514;-2.269;4.717;0.0162;-0.0557;0.0046;-0.378;-2.717
8614;8.613;1.86;1.28;6.867;0.0532;0.0358;0.0047;-3.515;0.82
8615;8.614;0.779;0.504;6.47;0.0187;0.0328;0.0025;-6.852;-1.085
8616;8.615;1.006;-0.425;3.055;0.0165;-0.0047;-0.003;-1.977;-7.703
8617;8.616;0.443;0.942;4.756;0.0271;0.0155;-0.0064;4.062;4.171
8618;8.617;2.802;0.236;12.3;0.0635;0.0207;-0.0078;-2.622;5.163
8619;8.618;0.044;1.505;6.631;0.0002;0.0296;-0.01;1.164;7.173
8620;8.619;1.327;0.315;-0.493;0.0164;-0.0071;-0.0008;0.217;7.846
8621;8.62;4.985;-0.756;6.393;0.0993;-0.0295;0.005;10.007;-3.079
8622;8.621;0.536;-1.052;0.791;0.0078;-0.0289;0.0027;-0.576;1.393
8623;8.622;-0.042;1.421;3.969;0.0035;0.0382;-0.0047;-4.704;-3.914
8624;8.623;-2.327;-2.483;9.507;-0.0422;-0.055;-0.0072;-0.76;-4.503
8625;8.624;-2.416;0.511;5.629;-0.028;-0.0069;-0.0064;-3.945;2.06
8626;8.625;3.146;3.135;1.399;0.0664;0.0752;-0.002;3.833;-4.832
8627;8.626;0.072;0.895;10.285;-0.0015;0.0213;0.0039;6.548;1.227
8628;8.627;-1.363;0.596;3.283;-0.0368;0.0172;-0.0084;-0.002;2.758
8629;8.628;-0.746;-0.774;4.526;-0.0109;-0.0135;0.0014;7.983;-7.516
8630;8.629;-1.674;-2.183;9.071;-0.0375;-0.038;-0.0041;-3.791;0.534
8631;8.63;-0.035;-0.384;8.722;-0.0022;0.0147;0.0014;6.428;2.061
8632;8.631;-0.982;1.571;8.392;-0.0299;0.0336;-0.0032;2.222;6.438
8633;8.632;0.84;-3.962;3.269;0.0312;-0.0935;-0.0098;7.97;1.339
8634;8.633;2.202;-1.436;1.948;0.0544;-0.0297;0.0059;-7.6;-3.911
8635;8.634;0.707;-0.635;3.866;0.0144;-0.0213;-0.0064;-1.998;1.365
8636;8.635;0.055;-0.331;7.314;-0.0088;0.01;0.0041;1.452;-12.89
8637;8.636;0.033;-1.812;8.191;0.0187;-0.0213;-0.0025;6.98;1.333
8638;8.637;2.034;1.023;8.743;0.0306;0.0153;-0.0082;6.921;-0.529
8639;8.638;-1.976;-1.513;7.034;-0.0281;-0.0275;-0.0055;12.73;2.443
8640;8.639;-1.431;0.147;1.161;-0.0308;-0.0032;-0.0021;-0.995;3.239
8641;8.64;-0.832;-1.917;4.31;-0.0314;-0.0494;0.0049;7.639;-8.129
8642;8.641;-1.787;0.278;8.222;-0.0588;0.0056;0.0019;7.9;1.195
8643;8.642;0.743;-0.62;-0.081;0.0021;-0.0088;0.0028;-0.375;8.532
8644;8.643;-0.576;-2.239;1.136;-0.0019;-0.0356;0.0007;-1.749;-1.442
8645;8.644;-1.431;-0.428;4.6;-0.0474;-0.0107;-0.0021;2.474;1.573
8646;8.645;0.805;1.024;4.593;0.0263;0.023;0.0079;1.732;0.613
8647;8.646;-0.137;1.198;4.678;0.0134;0.0281;0.0099;8.333;-0.635
8648;8.647;0.598;1.18;8.412;-0.0006;0.0233;-0.0065;5.592;-3.874
8649;8.648;-0.017;-1.141;6.646;-0.0023;-0.0205;-0.0014;-9.418;-5.298
8650;8.649;-0.79;1.471;6.601;-0.0106;0.0268;0.0038;3.291;4.428
8651;8.65;-1.586;0.133;5.536;-0.0256;-0.0092;0.0025;10.112;12.361
8652;8.651;0.676;0.522;8.629;0.0138;-0.0063;-0.0039;-1.01;6.345
8653;8.652;-1.381;1.136;9.607;-0.0248;0.009;0.0041;0.851;12.208
8654;8.653;1.52;-1.921;10.879;0.044;-0.0492;-0.0011;-1.51;4.084
8655;8.654;0.37;0.893;5.928;0.0069;0.0012;0.0011;-5.195;0.593
8656;8.655;-0.057;-1.607;6.382;-0.0219;-0.0063;-0.0009;4.847;3.118
8657;8.656;-1.208;0.879;1.367;-0.0198;0.0276;-0.0022;1.804;-12.602
8658;8.657;2.436;-0.316;3.064;0.0506;-0.0131;0.0008;8.639;-1.902
8659;8.658;-0.395;0.781;2.228;-0.0177;0.0164;0.0025;8.582;-2.001
8660;8.659;0.808;-0.561;11.077;0.0185;0.0035;-0.0011;5.008;-3.113
8661;8.66;-0.955;-0.818;8.868;-0.0106;-0.0137;-0.0011;-1.482;2.354
8662;8.661;1.723;0.782;-0.131;0.0318;0.0142;0.0025;7.874;-4.812
8663;8.662;0.639;-0.363;8.775;0.0109;-0.0115;0.0014;10.475;-14.008
8664;8.663;1.545;1.932;3.388;0.0206;0.0469;0.0077;8.346;1.512
8665;8.664;1.238;-0.288;2.972;0.049;-0.006;-0.0007;-5.724;4.076
8666;8.665;-0.174;1.943;6.526;-0.0051;0.0285;-0.0001;-0.742;1.953
8667;8.666;-1.283;-1.629;-0.091;-0.015;-0.0236;0.0077;-0.543;-2.534
8668;8.667;0.113;1.098;0.009;0.0101;0.0197;-0.005;3.945;1.988
8669;8.668;-0.929;-0.25;9.399;-0.0032;-0.0026;-0.0077;0.659;3.757
8670;8.669;-0.525;1.018;6.298;-0.0134;0.0245;0.0014;9.032;0.144
8671;8.67;2.551;-0.767;4.407;0.0603;-0.0174;-0.0061;-0.57;6.48
8672;8.671;1.425;0.404;7.177;0.0216;0.0083;-0.0038;2.968;-0.202
8673;8.672;0.528;0.623;6.295;0.029;0.0089;-0.0061;-0.952;6.2
8674;8.673;1.044;-0.98;1.726;0.027;-0.0136;0.0038;-4.879;2.779
8675;8.674;1.396;0.348;6.324;0.0285;0.0224;-0.0073;2.475;4.778
8676;8.675;0.409;-0.413;4.608;0.0016;-0.0095;-0.0014;0.871;-0.807
8677;8.676;-0.001;-1.39;5.242;-0.0062;-0.0246;-0.0067;-9.401;4.685
8678;8.677;0.276;1.031;2.471;-0.0005;0.025;-0.0072;1.322;10.023
8679;8.678;0.817;-0.233;2.202;0.0147;-0.0115;0.0008;-7.483;3.526
8680;8.679;3.142;-1.987;11.005;0.0429;-0.0578;0.0003;6.017;-0.623
8681;8.68;-1.585;0.623;5.053;-0.015;0.0145;-0.0083;-0.609;3.384
8682;8.681;0.199;-0.356;5.934;0.0137;-0.0076;-0.0023;-4.533;-5.864
8683;8.682;-0.672;0.08;10.792;-0.0191;0.0021;0.0077;-3.96;4.1
8684;8.683;3.628;0.13;6.18;0.0811;0.0123;0.0101;-4.885;-8.401
8685;8.684;-0.646;0.507;7.049;-0.0144;0.0114;0.0013;2.819;5.812
8686;8.685;1.989;-0.954;0.389;0.049;0.0113;-0.0014;-3.331;0.771
8687;8.686;1.041;-0.85;7.069;0.0184;-0.0158;-0.0072;0.259;0.767
8688;8.687;0.862;1.261;10.426;0.0136;0.0267;0.0089;2.097;-3.446
8689;8.688;1.716;-0.704;6.196;0.015;-0.0199;-0.0089;0.084;8.06
8690;8.689;0.762;-0.241;1.827;0.0024;-0.005;-0.0049;4.295;1.389
8691;8.69;-0.294;-2.323;-0.949;0.0137;-0.033;0.0028;-6.085;-5.533
8692;8.691;2.937;0.587;6.07;0.0612;0.0095;0.0008;6.61;-8.392
8693;8.692;-1.561;0.022;-0.871;-0.0462;0.0013;-0.0028;-5.957;3.468
8694;8.693;-2.587;0.397;3.766;-0.032;0.0003;0.0024;-1.932;-2.98
8695;8.694;-0.991;1.501;2.943;-0.015;0.0373;0.0061;2.322;4.289
8696;8.695;1.186;0.7;2.279;0.0423;0.0308;0.0041;-0.072;5.951
8697;8.696;-0.833;0.354;8.353;-0.0086;0.019;-0.0029;2.114;0.519
8698;8.697;0.299;1.942;1.027;0.0036;0.0296;0.0051;-1.191;-2.878
8699;8.698;1.535;1.234;5.71;0.0154;0.0418;-0.0018;-1.267;-0.89
8700;8.699;1.178;0.942;6.523;0.0234;0.0166;-0.0032;-2.216;4.643
8701;8.7;0.773;0.282;2.721;0.0058;-0.0023;-0.0017;1.425;0.32
8702;8.701;1.806;0.374;2.756;0.028;0.0096;-0.0055;-0.168;5.782
8703;8.702;0.246;1.547;7.647;0.0152;0.0203;0.0003;3.008;-2.682
8704;8.703;1.771;-1.036;3.674;0.0174;-0.0039;-0.0056;-0.98;1.153
8705;8.704;0.491;-0.927;4.088;0.0138;-0.0061;0.0046;-8.761;-2.223
8706;8.705;2.428;-0.574;8.535;0.044;-0.0112;-0.0042;-2.537;-2.402
8707;8.706;1.813;-1.133;7.55;0.0454;-0.0185;-0.003;-4.5;6.942
8708;8.707;0.328;-0.731;11.131;-0.0072;-0.0275;0.0016;5.254;8.769
8709;8.708;1.932;0.541;6.409;0.0332;0.0088;-0.0021;1.331;4.835
8710;8.709;1.584;1.423;4.141;0.0543;0.0299;-0.0015;2.571;-4.177
8711;8.71;1.48;0.238;8.15;0.0448;0.0163;-0.0009;3.848;-11.206
8712;8.711;0.76;0.677;5.636;0.0088;0.0341;0.0034;-0.191;-0.538
8713;8.712;-1.445;0.871;8.101;-0.0116;0.0112;-0.0038;6.267;-2.7
8714;8.713;-0.486;2.518;5.4;-0.0264;0.0559;-0.011;1.424;3.142
8715;8.714;1.608;0.007;4.165;0.0181;0.0145;0.0098;1.445;-5.48
8716;8.715;2.157;0.113;5.707;0.0345;0.004;0.0001;0.96;4.046
8717;8.716;-2.001;0.14;6.762;-0.0545;-0.0056;-0.0056;-2.426;5.865
8718;8.717;-1.083;0.071;8.63;-0.0219;0.0075;0.0054;-2.158;0.8
8719;8.718;-2.764;-2.234;12.276;-0.0553;-0.0409;0.002;-7.451;-1.329
8720;8.719;-1.716;0.793;4.841;-0.0269;0.0052;-0.0044;-2.981;-3.63
8721;8.72;1.146;1.968;1.9;0.0142;0.0433;-0.0022;3.64;-3.609
8722;8.721;-0.663;-1.451;2.073;-0.0056;-0.0307;0.0053;-2.523;6.866
8723;8.722;0.978;0.379;3.149;0.0024;0.0127;-0.0044;0.394;-3.179
8724;8.723;2.354;2.468;6.348;0.0373;0.0452;0.0008;-4.735;1.917
8725;8.724;-2.315;1.32;1.761;-0.0396;0.0203;-0.0021;4.493;2.349
8726;8.725;0.433;1.384;3.522;0.0022;0.0188;0.0059;-0.213;4.101
8727;8.726;0.728;-1.181;5.836;0.0089;-0.0193;-0.0009;1.535;-4.214
8728;8.727;0.917;0.322;3.43;0.016;0.0071;-0.0032;-4.067;5.412
8729;8.728;1.798;0.013;-2.108;0.0483;0.0026;0.0105;-0.988;-3.703
8730;8.729;1.987;-0.448;7.047;0.0452;0.0004;0.0016;3.351;-4.567
8731;8.73;1.132;-1.188;6.631;0.0114;-0.0227;-0.0024;7.444;9.599
8732;8.731;-1.104;-1.073;10.673;-0.0228;-0.0134;0.001;-0.675;-3.759
8733;8.732;2.003;-1.593;16.136;0.0475;-0.0351;0.0018;-11.585;0.479
8734;8.733;3.457;-1.074;5.834;0.0783;-0.0048;0.0005;-3.409;9.52
8735;8.734;-1.312;-0.305;-2.707;-0.0333;0.0129;-0.0032;5.518;-5.7
8736;8.735;0.151;-0.403;2.541;0.0087;-0.0041;-0.0057;-2.507;2.707
8737;8.736;0.842;-0.574;5.425;0.0067;-0.0307;-0.0024;7.119;-9.168
8738;8.737;-0.219;0.059;7.013;0.0159;0.0081;0.0008;3.514;-2.76
8739;8.738;0.673;1.051;-2.32;0.0129;0.0034;-0.0039;3.716;1.149
8740;8.739;0.76;-1.838;8.067;0.0316;-0.0408;-0.0013;-0.489;-5.681
8741;8.74;1.978;0.407;5.709;0.0343;0.0161;-0.0004;4.242;-2.627
8742;8.741;-0.173;-1.167;6.244;-0.001;-0.017;-0.0069;8.151;-7.282
8743;8.742;0.106;1.819;6.165;0.0062;0.0217;-0.0081;-6.106;6.667
8744;8.743;3.179;-0.061;1.146;0.0673;0.0157;0.006;3.662;0.095
8745;8.744;1.934;0.288;6.99;0.0394;-0.0015;-0.0018;2.601;3.35
8746;8.745;-0.351;0.766;5.728;0.0065;0.0281;-0.0046;-9.837;7.585
8747;8.746;-1.469;1.666;1.434;-0.0372;0.0386;0.0042;-6.821;-8.318
8748;8.747;0.24;-1.494;6.816;0.0217;-0.0219;0.008;-3.559;-1.91
8749;8.748;1.106;0.135;5.141;0.0143;0.0048;-0.003;-0.049;-1.767
8750;8.749;-0.041;-0.975;7.409;-0.0065;-0.0322;0.0068;0.315;4.726
8751;8.75;-1.739;2.187;5.002;-0.0373;0.0515;-0.0011;-6.231;6.12
8752;8.751;-1.558;-1.25;1.167;-0.0351;-0.0131;0.0062;-5.168;1.819
8753;8.752;-0.738;0.865;3.382;-0.0261;0.0198;-0.0075;-1.969;6.032
8754;8.753;0.266;-0.487;3.41;0.0005;-0.02;-0.0031;4.864;11.778
8755;8.754;0.647;1.789;4.636;0.017;0.0503;0.0014;-0.279;4.467
8756;8.755;1.902;-0.374;7.826;0.0293;-0.0086;0.0036;-8.079;-7.878
8757;8.756;-0.847;-0.807;2.582;-0.0195;-0.0409;0.0063;1.8;5.409
8758;8.757;-1.039;1.271;6.377;-0.0214;0.0268;-0.0004;-0.947;5.688
8759;8.758;-2.39;-0.834;1.401;-0.0433;-0.0236;0.0026;7.228;-0.374
8760;8.759;-1.341;-0.808;9.632;-0.0062;-0.0155;0.002;-2.618;6.495
8761;8.76;-0.202;2.628;4.157;0.0055;0.0443;-0.0006;5.523;-4.715
8762;8.761;-0.289;2.584;4.187;0.0015;0.0516;-0.0004;7.788;-1.064
8763;8.762;-0.147;-0.616;2.501;-0.008;0.0041;-0.0033;-0.488;2.132
8764;8.763;0.438;-0.2;10.612;-0.0019;-0.0195;-0.0058;1.46;-4.415
8765;8.764;-0.428;2.882;-0.491;-0.0191;0.0555;0.0001;-3.015;-3.604
8766;8.765;-2.005;0.574;8.61;-0.0372;0.0095;-0.0025;4.723;-1.468
8767;8.766;0.416;-0.239;6.406;0.0115;0.0146;0.0001;4.061;1.275
8768;8.767;0.648;-0.182;-0.123;0.0171;-0.0035;-0.0002;-4.062;2.269
8769;8.768;-1.057;0.11;5.025;-0.0048;-0.0031;0.0043;-5.791;-1.281
8770;8.769;5.0;-0.052;1.587;0.1056;-0.0199;0.0026;0.434;-6.78
8771;8.77;-3.618;-0.623;4.055;-0.0532;-0.0294;-0.0011;3.435;-4.911
8772;8.771;-2.16;-0.709;3.208;-0.0562;-0.0194;-0.0007;-9.177;-2.603
8773;8.772;-0.756;0.426;7.577;-0.0238;0.0023;0.0018;-4.656;-6.893
8774;8.773;-0.76;0.01;7.564;-0.0119;0.0007;-0.0027;0.644;-2.307
8775;8.774;-1.282;-0.221;7.797;-0.0248;-0.0089;0.0057;-1.293;4.728
8776;8.775;0.452;1.049;2.064;0.0179;0.0273;-0.006;5.511;-3.213
8777;8.776;1.773;1.477;4.745;0.0484;0.0496;0.0001;4.483;7.223
8778;8.777;0.909;0.15;0.418;0.0301;0.0151;0.0042;4.914;4.029
8779;8.778;0.423;-1.954;5.634;0.0197;-0.0283;-0.0034;-3.356;-4.222
8780;8.779;2.447;0.836;1.765;0.0622;0.0108;-0.0027;-0.879;-1.744
8781;8.78;-2.16;2.409;3.646;-0.04;0.0393;-0.0069;-0.108;-1.705
8782;8.781;-0.189;-1.789;-2.211;-0.0178;-0.0452;0.0058;-1.877;6.423
8783;8.782;0.206;0.778;3.285;-0.0075;0.0168;0.0012;-0.463;0.04
8784;8.783;-0.395;-0.729;2.873;0.0065;-0.017;-0.0028;1.017;11.999
8785;8.784;-0.113;2.013;1.858;0.0037;0.0425;-0.004;5.739;-5.661
8786;8.785;-0.238;-2.246;5.851;-0.0042;-0.0522;-0.003;1.831;-3.672
8787;8.786;-0.884;-0.846;2.91;-0.0134;-0.0094;-0.0014;-0.188;3.495
8788;8.787;-1.689;-0.124;4.516;-0.0237;-0.0027;-0.0071;7.455;4.204
8789;8.788;-1.539;-0.346;5.32;-0.0389;0.0082;-0.0048;-8.817;0.99
8790;8.789;-0.404;0.648;2.63;-0.0298;0.0148;0.0018;-0.198;3.319
8791;8.79;0.677;1.831;4.568;0.0085;0.035;-0.008;-8.41;-3.154
8792;8.791;0.83;-0.948;3.015;0.0201;-0.0153;0.001;7.945;-8.211
8793;8.792;1.164;-1.109;1.866;0.0367;-0.0226;-0.0005;9.332;1.365
8794;8.793;-3.57;2.546;3.253;-0.0646;0.0466;0.0005;-1.877;8.481
8795;8.794;-1.323;0.77;4.643;-0.0097;0.0234;-0.0095;9.71;-0.239
8796;8.795;-1.714;-1.727;5.354;-0.0347;-0.0292;-0.0061;-2.782;2.482
8797;8.796;0.019;-3.335;8.797;0.0012;-0.0599;-0.0076;-9.952;1.286
8798;8.797;0.044;0.489;8.353;0.0109;0.0134;0.0059;4.297;-3.531
8799;8.798;-0.59;-0.293;3.565;0.0005;-0.0137;-0.0046;-1.247;-0.009
8800;8.799;1.504;1.591;9.514;0.0322;0.0373;-0.0067;-7.113;-0.825
8801;8.8;-0.686;-0.004;7.322;-0.0235;-0.0159;0.0024;-11.755;3.052
8802;8.801;0.202;1.67;3.009;0.0092;0.0425;-0.0014;6.72;-9.661
8803;8.802;0.82;2.11;2.509;-0.0024;0.045;-0.0024;-1.862;12.089
8804;8.803;0.72;-1.268;8.328;0.0058;-0.0247;-0.0052;-4.984;-0.549
8805;8.804;-0.463;-0.771;3.881;0.014;-0.0065;0.0066;3.712;-5.523
8806;8.805;2.068;-0.134;8.343;0.0398;0.0049;-0.0009;1.031;5.336
8807;8.806;1.084;0.052;13.172;0.0183;0.0159;-0.0112;-4.02;15.227
8808;8.807;1.455;-0.23;2.142;0.0348;-0.0034;0.003;-1.004;3.44
8809;8.808;0.37;1.552;6.1;0.0059;0.039;0.0029;-5.43;-10.984
8810;8.809;0.316;0.708;8.635;-0.0106;0.0109;0.0036;-4.544;-0.875
8811;8.81;-1.144;1.315;4.12;-0.0094;0.02;0.0025;-6.661;2.398
8812;8.811;-2.864;-1.158;0.908;-0.0622;-0.0319;0.0006;-1.22;-2.607
8813;8.812;-1.68;-2.829;8.768;-0.0389;-0.0534;0.0075;-11.182;-5.535
8814;8.813;-2.321;-0.617;8.132;-0.0609;-0.0162;0.0058;-1.404;-13.864
8815;8.814;-0.047;-0.845;8.476;-0.0113;-0.0304;-0.001;-9.705;-0.347
8816;8.815;-2.163;0.045;2.104;-0.0388;0.004;-0.0008;8.088;-2.927
8817;8.816;-0.768;-0.377;2.277;-0.0218;-0.0054;-0.005;-4.983;2.596
8818;8.817;-1.396;-0.832;4.762;-0.0407;-0.0116;0.0067;3.935;3.766
8819;8.818;0.005;0.667;3.289;-0.0041;0.0086;0.002;-3.942;-4.291
8820;8.819;-0.278;-0.13;6.15;-0.0066;-0.0129;0.0027;0.43;4.249
8821;8.82;2.066;-0.524;8.553;0.038;-0.0319;-0.0007;-11.013;2.161
8822;8.821;1.358;0.352;5.476;0.0369;0.0049;-0.0039;4.544;-6.558
8823;8.822;2.329;-0.929;5.08;0.0574;-0.033;0.0082;0.962;3.422
8824;8.823;0.159;2.847;9.191;-0.0138;0.0595;0.0011;-1.937;-2.004
8825;8.824;-2.657;1.419;3.818;-0.0526;0.031;-0.0101;9.734;-9.091
8826;8.825;1.486;-1.527;-3.429;0.0215;-0.0393;0.0065;-1.073;0.506
8827;8.826;2.925;-2.149;3.799;0.0657;-0.0337;-0.0015;4.347;3.214
8828;8.827;-0.584;0.154;9.205;-0.0044;-0.0032;0.0029;0.788;-1.216
8829;8.828;2.146;-0.392;8.035;0.0464;-0.0297;-0.0036;1.716;-2.732
8830;8.829;-0.234;-0.718;6.964;-0.0035;-0.0066;0.0032;-1.839;-6.055
8831;8.83;0.194;-1.28;2.844;0.0021;-0.0271;-0.0056;9.585;-6.122
8832;8.831;-0.158;-1.263;4.645;-0.0182;-0.0361;0.0089;4.007;-5.825
8833;8.832;-0.886;2.476;3.301;-0.0286;0.0281;0.0047;1.58;0.349
8834;8.833;-0.672;0.775;3.514;0.0006;0.0108;0.0057;-0.321;-3.412
8835;8.834;-2.588;0.103;6.127;-0.0526;-0.0028;0.0019;9.361;2.657
8836;8.835;0.259;-1.045;2.133;0.0115;-0.0103;0.0072;5.954;0.701
8837;8.836;0.219;-1.2;8.809;0.0242;-0.0289;0.0003;-5.078;1.436
8838;8.837;1.079;-1.117;3.584;0.0228;-0.0172;0.004;2.018;4.196
8839;8.838;-0.059;-0.253;7.496;0.0146;0.0081;-0.003;-2.139;-8.924
8840;8.839;0.643;-1.546;9.406;0.0179;-0.0341;-0.0016;1.241;-0.11
8841;8.84;3.367;-0.294;-0.601;0.0696;-0.01;-0.002;-2.853;-0.546
8842;8.841;1.511;0.507;2.782;0.0516;0.0294;0.0068;-5.061;5.617
8843;8.842;-0.189;-1.147;3.618;-0.0088;-0.0221;-0.0023;0.264;2.153
8844;8.843;0.399;-2.088;-1.509;0.013;-0.0475;0.0036;-4.011;-6.98
8845;8.844;0.048;1.665;6.196;-0.011;0.0227;-0.0019;-4.591;5.802
8846;8.845;1.945;-0.93;5.427;0.03;-0.0215;-0.0018;-4.026;1.02
8847;8.846;-0.738;-0.035;8.037;-0.0141;-0.0024;0.0054;-1.908;-3.061
8848;8.847;1.606;1.602;3.622;0.0204;0.0294;0.0034;1.595;4.239
8849;8.848;0.636;0.598;6.511;0.0187;0.0234;-0.0038;3.808;5.167
8850;8.849;-3.929;-0.066;1.799;-0.0702;0.0028;-0.0093;-5.177;-2.384
8851;8.85;0.714;-0.336;6.107;0.0227;0.0024;-0.0014;10.297;-2.073
8852;8.851;-0.831;-1.513;-0.443;-0.0106;-0.0423;0.0008;-1.754;3.455
8853;8.852;-1.353;-0.4;5.781;-0.0416;0.0084;0.0051;8.92;-1.75
8854;8.853;-0.0;0.44;4.157;-0.0034;0.0193;-0.0048;-1.481;-1.025
8855;8.854;0.476;1.187;7.624;0.0171;0.0196;0.0092;-2.827;-7.631
8856;8.855;3.678;-1.127;13.727;0.069;-0.0196;-0.0004;-3.86;-6.651
8857;8.856;0.12;0.576;5.7;-0.0002;0.0205;-0.0032;2.742;-6.654
8858;8.857;-1.285;1.653;6.301;-0.0183;0.0413;0.0;-1.2;-0.819
8859;8.858;-0.161;0.59;5.978;0.0026;0.0094;-0.007;-2.599;0.8
8860;8.859;0.714;1.218;6.244;0.0153;0.0217;-0.0025;-2.062;7.869
8861;8.86;-1.381;-1.057;2.325;-0.0367;-0.0207;0.0046;1.482;4.541
8862;8.861;-0.338;-0.885;2.83;0.0078;-0.0055;0.0047;6.18;2.012
8863;8.862;-2.403;1.659;-1.859;-0.0522;0.02;0.0022;-0.349;-2.896
8864;8.863;-1.836;1.594;3.188;-0.0181;0.0278;0.007;-1.719;-2.046
8865;8.864;-0.629;0.187;9.384;-0.0151;0.0168;-0.0037;-10.361;6.258
8866;8.865;1.113;-1.041;3.251;0.0155;-0.0208;0.0013;-1.264;-2.642
8867;8.866;-1.341;0.89;0.941;-0.0293;0.0219;0.0057;-10.667;4.251
8868;8.867;-1.265;-0.984;6.63;-0.0088;-0.013;-0.0042;9.174;-2.116
8869;8.868;-0.129;0.031;8.583;0.0014;-0.0233;0.002;3.651;-4.762
8870;8.869;-1.501;2.52;4.77;-0.0182;0.0581;0.0008;6.05;2.302
8871;8.87;-0.817;1.072;5.356;-0.0016;0.0422;0.0036;3.469;2.792
8872;8.871;-1.361;0.628;8.747;-0.0373;0.0066;-0.0105;-0.89;-1.02
8873;8.872;2.579;-0.361;-0.092;0.0537;-0.0096;0.0016;-0.92;-0.488
8874;8.873;-0.697;-2.504;10.256;-0.0023;-0.0385;0.0012;-0.71;-0.493
8875;8.874;2.078;0.894;3.257;0.0354;0.0339;-0.0048;-8.119;5.621
8876;8.875;0.198;-0.12;5.406;0.0013;-0.0045;-0.0023;-1.362;-2.78
8877;8.876;2.649;0.862;-1.35;0.045;0.0197;0.0021;-1.871;3.567
8878;8.877;-1.46;-1.866;7.3;-0.0437;-0.0191;-0.0043;2.793;-2.925
8879;8.878;0.267;-0.132;7.116;0.0166;0.0028;-0.0023;-5.54;-1.053
8880;8.879;-3.581;0.81;7.067;-0.0971;0.0156;-0.0052;-5.397;-0.343
8881;8.88;1.945;1.385;5.257;0.0304;0.0429;0.0013;-4.405;0.034
8882;8.881;0.931;-0.671;8.986;0.0271;-0.0147;-0.0001;2.847;10.263
8883;8.882;-0.533;-2.025;5.148;-0.018;-0.0419;-0.0026;5.223;-3.313
8884;8.883;3.036;-0.132;7.656;0.0745;0.0036;0.0076;1.409;6.514
8885;8.884;4.3;0.081;3.891;0.0919;0.0038;0.002;2.36;-3.759
8886;8.885;2.279;0.918;5.678;0.038;0.0099;0.0012;-1.292;0.248
8887;8.886;2.397;0.23;9.727;0.0494;-0.0049;-0.0057;-9.238;4.107
8888;8.887;0.096;1.112;2.524;-0.0089;0.0291;0.0057;6.184;5.541
8889;8.888;-1.204;-0.074;5.178;-0.034;-0.0036;0.0022;-1.988;8.836
8890;8.889;-2.239;-1.284;1.351;-0.041;-0.0087;0.0029;6.902;-1.46
8891;8.89;1.588;0.69;5.194;0.0437;0.0134;0.0108;-2.441;13.161
8892;8.891;-2.798;-0.222;4.251;-0.0737;-0.0189;-0.0034;-1.369;0.773
8893;8.892;-0.277;0.11;4.947;-0.0016;0.0132;-0.0133;1.342;-5.599
8894;8.893;2.579;1.0;4.742;0.0247;0.0076;-0.0033;-2.006;-3.02
8895;8.894;0.554;0.722;6.989;0.011;0.0207;-0.0027;2.954;4.064
8896;8.895;-1.868;-0.131;4.412;-0.0377;-0.014;0.0042;-1.924;-3.053
8897;8.896;-1.27;0.813;7.575;-0.0282;0.0138;-0.0073;-3.85;-16.715
8898;8.897;1.932;1.552;4.766;0.0403;0.0073;-0.0043;3.956;0.189
8899;8.898;-1.565;0.176;2.702;-0.0354;0.0096;0.0022;4.691;-7.014
8900;8.899;-0.668;-1.663;7.964;-0.0046;-0.0255;0.0032;-1.7;-6.655
8901;8.9;-2.09;0.493;5.945;-0.0555;0.0041;-0.0001;5.866;2.412
8902;8.901;-0.078;0.125;4.921;0.0016;0.0173;-0.0008;3.197;2.43
8903;8.902;-0.918;0.423;-0.98;-0.0219;0.0095;0.0082;-2.437;5.414
8904;8.903;1.55;-3.325;3.621;0.0363;-0.0763;-0.0074;2.172;3.71
8905;8.904;-1.47;-2.288;5.346;-0.0202;-0.0425;0.0072;5.721;0.951
8906;8.905;-0.637;-1.468;5.962;-0.0076;-0.032;-0.0012;-2.682;4.108
8907;8.906;-3.547;-0.555;-2.144;-0.0716;-0.0189;0.0025;2.682;-3.372
8908;8.907;1.973;-0.972;0.196;0.0405;-0.0132;-0.0021;5.379;-6.786
8909;8.908;1.824;-1.048;9.569;0.0285;-0.0106;0.0027;-5.054;4.483
8910;8.909;-0.41;-0.976;3.85;-0.0119;-0.0087;-0.0;-8.907;-5.331
8911;8.91;0.236;-0.7;7.427;-0.0063;-0.0258;0.001;-3.612;-0.711
8912;8.911;0.685;-1.088;5.19;0.012;-0.0315;-0.0003;-4.118;-4.542
8913;8.912;1.61;-1.304;2.744;0.0296;-0.0235;-0.002;4.559;-3.486
8914;8.913;-2.469;-0.242;1.091;-0.0495;0.0101;0.0033;-5.731;2.713
8915;8.914;-1.347;0.297;4.646;-0.0239;-0.0026;-0.0017;-10.553;-3.258
8916;8.915;3.415;-0.403;7.374;0.0792;-0.0112;-0.0009;-1.954;4.388
8917;8.916;1.759;-1.196;5.323;0.029;-0.02;-0.0073;0.958;3.882
8918;8.917;0.892;-0.458;-0.201;0.0313;0.0029;-0.0052;3.675;6.575
8919;8.918;0.059;2.005;2.475;0.0062;0.035;0.0041;-7.272;-1.77
8920;8.919;1.275;-0.025;4.088;0.0086;0.0006;-0.0001;-9.074;1.403
8921;8.92;1.356;-0.936;5.422;0.024;-0.0192;0.0008;7.839;-6.026
8922;8.921;1.337;0.211;8.023;0.0171;-0.0121;-0.0003;7.772;1.979
8923;8.922;-1.575;-1.33;11.387;-0.0228;-0.0359;0.0078;-0.421;3.9
8924;8.923;0.051;-0.905;0.089;-0.0066;-0.033;0.0035;-3.569;5.884
8925;8.924;0.619;1.338;8.105;0.0104;0.0385;0.0021;4.77;4.429
8926;8.925;0.481;1.657;6.869;0.0219;0.0401;-0.0014;6.669;5.19
8927;8.926;-1.539;-0.231;8.301;-0.04;0.0147;-0.0018;2.678;9.957
8928;8.927;-0.312;-0.806;4.803;-0.0211;-0.015;0.0007;3.788;6.161
8929;8.928;-1.439;1.567;-2.086;-0.0283;0.0265;0.0028;-3.481;-6.897
8930;8.929;-0.609;0.127;3.14;-0.0022;-0.0142;0.0002;1.736;0.874
8931;8.93;0.364;1.217;9.889;-0.0009;0.0294;-0.0003;-1.684;6.51
8932;8.931;0.887;-1.676;5.561;0.0282;-0.0319;0.0;1.706;-2.259
8933;8.932;0.917;-0.902;0.541;0.0006;-0.0014;-0.0001;-16.581;-3.008
8934;8.933;1.548;-1.108;8.211;0.0281;-0.0311;0.0021;-3.823;8.655
8935;8.934;0.261;-2.373;6.71;0.0303;-0.0607;-0.0053;-2.881;-11.268
8936;8.935;-1.858;-3.463;1.474;-0.0398;-0.0695;0.0029;-2.703;-11.096
8937;8.936;0.124;0.776;3.452;0.0026;0.0057;-0.0039;2.552;-1.954
8938;8.937;-0.65;-0.307;3.474;-0.015;-0.0095;0.0044;1.503;-4.227
8939;8.938;-2.521;-0.377;4.198;-0.0363;-0.0094;-0.0024;1.788;1.758
8940;8.939;-0.92;-0.047;2.516;-0.0314;-0.0027;0.0095;-8.596;-7.977
8941;8.94;0.647;-0.195;0.156;0.0016;0.0035;0.0026;5.091;-0.723
8942;8.941;1.575;0.311;5.854;0.031;0.0058;0.0102;-0.897;4.744
8943;8.942;-0.144;-1.117;8.326;0.0033;-0.0291;0.0011;0.393;-1.906
8944;8.943;-2.074;1.986;4.178;-0.057;0.0317;-0.0043;-7.061;-2.406
8945;8.944;-0.056;0.093;7.258;-0.0085;-0.0092;-0.0114;-4.324;2.274
8946;8.945;-1.08;-0.825;-0.007;-0.0228;-0.0299;-0.0047;7.434;-5.851
8947;8.946;1.917;-1.646;-0.525;0.0369;-0.0204;0.0047;-4.64;-2.11
8948;8.947;-1.871;0.282;3.473;-0.0406;0.006;0.0082;-1.847;0.727
8949;8.948;1.303;1.226;5.903;0.0294;0.0186;-0.0022;8.787;2.785
8950;8.949;-0.325;-0.856;4.836;-0.028;-0.0274;0.0024;-5.344;-0.617
8951;8.95;0.61;-0.323;9.905;0.0159;0.0049;0.0062;0.62;3.8
8952;8.951;-1.052;-1.539;6.813;-0.0288;-0.0374;0.0023;-5.655;0.751
8953;8.952;0.804;-1.8;3.182;0.0196;-0.0363;0.0036;2.355;2.585
8954;8.953;0.011;2.735;6.645;-0.0158;0.0582;0.0007;0.42;1.973
8955;8.954;-0.252;-0.404;5.955;0.0028;-0.0091;0.0113;1.928;-0.654
8956;8.955;-1.604;0.081;6.569;-0.0461;0.0079;0.0052;-1.222;0.131
8957;8.956;-0.824;1.79;9.595;-0.0241;0.0211;0.0037;-1.601;1.189
8958;8.957;-2.83;0.337;4.832;-0.053;0.0069;0.0043;-3.152;-1.139
8959;8.958;0.798;1.364;6.498;0.0187;0.0311;0.0048;-2.918;-0.229
8960;8.959;-0.428;-2.129;9.276;-0.0284;-0.0639;-0.0001;5.303;-5.157
8961;8.96;2.262;2.002;6.043;0.0298;0.0479;0.0018;2.605;-2.451
8962;8.961;-2.259;0.138;7.383;-0.0455;0.0058;-0.0082;-3.966;-7.957
8963;8.962;2.401;1.714;6.466;0.047;0.0294;-0.007;-0.216;3.193
8964;8.963;0.709;-0.415;6.8;0.0278;-0.0129;0.0085;-3.456;10.633
8965;8.964;-0.668;-0.14;1.6;-0.0074;-0.0091;-0.0001;-1.697;-3.903
8966;8.965;0.761;0.794;0.849;0.0254;0.0262;-0.0044;-1.807;-10.041
8967;8.966;-1.887;0.33;-1.735;-0.0583;0.009;0.0018;4.882;-1.88
8968;8.967;-2.046;0.151;4.088;-0.0522;0.0054;0.0015;2.608;-10.179
8969;8.968;1.859;1.266;3.239;0.0481;0.0166;0.0006;-2.787;-2.948
8970;8.969;-2.996;0.282;3.77;-0.0608;0.0122;-0.0047;-4.067;-7.052
8971;8.97;0.043;0.232;4.945;-0.0009;0.0216;0.0074;5.793;8.519
8972;8.971;2.079;0.582;6.865;0.0412;0.0201;0.0055;-7.249;-4.489
8973;8.972;0.202;-0.471;3.775;0.0183;-0.0003;0.0038;0.326;3.849
8974;8.973;2.039;-0.158;5.435;0.0484;-0.0159;-0.0013;5.718;0.781
8975;8.974;-0.305;1.728;0.956;-0.0109;0.0395;0.0069;1.976;3.75
8976;8.975;-0.989;-0.485;2.172;-0.0176;-0.0103;0.0008;-4.997;-1.942
8977;8.976;1.79;-0.177;9.0;0.0542;-0.0085;0.0027;4.206;4.73
8978;8.977;1.369;-0.707;6.474;0.0348;0.004;-0.0014;-5.113;0.951
8979;8.978;-0.092;-1.056;2.125;-0.0018;-0.0194;0.0069;-1.38;-2.247
8980;8.979;2.121;-1.111;6.989;0.0315;-0.0287;-0.0069;-10.225;4.733
8981;8.98;-1.682;1.43;1.742;-0.0217;0.0319;-0.0053;-6.064;-3.068
8982;8.981;1.597;1.568;3.8;0.0321;0.0362;0.012;4.812;-2.531
8983;8.982;-0.566;-1.42;1.786;-0.0142;-0.0074;-0.0022;-1.398;3.955
8984;8.983;0.38;0.804;3.084;0.0091;0.0059;-0.006;2.446;-9.321
8985;8.984;0.2;0.869;6.036;0.0008;0.0328;-0.0112;0.646;1.855
8986;8.985;0.316;1.289;4.62;0.0084;0.0177;0.0004;-9.412;5.12
8987;8.986;0.845;0.247;3.509;0.0318;-0.0099;0.0072;6.211;0.542
8988;8.987;2.181;1.43;4.974;0.0209;0.044;-0.0109;-0.78;9.361
8989;8.988;2.173;1.572;6.087;0.0375;0.0286;-0.0005;-8.508;1.965
8990;8.989;0.187;-2.41;7.365;-0.0021;-0.0524;-0.0086;-4.419;9.464
8991;8.99;0.155;2.82;4.007;-0.0115;0.0436;-0.0107;5.905;-10.429
8992;8.991;-1.433;0.767;7.841;-0.0425;0.0112;0.0044;-9.103;9.983
8993;8.992;2.555;1.176;3.816;0.0471;0.0086;0.003;0.138;8.103
8994;8.993;1.459;2.094;4.921;0.0177;0.0478;-0.0001;-0.145;-3.615
8995;8.994;-0.883;0.977;4.261;-0.0204;0.0365;0.0175;-3.311;4.866
8996;8.995;0.337;-0.955;4.007;0.0069;-0.0102;0.0096;7.237;-0.325
8997;8.996;2.339;1.26;4.471;0.0415;0.0262;0.0008;1.606;-11.889
8998;8.997;-0.989;1.513;2.884;-0.0219;0.0202;0.0089;-0.674;2.222
8999;8.998;0.479;-0.062;6.35;0.018;-0.0052;0.0003;-5.638;-7.669
9000;8.999;0.058;-0.004;3.986;-0.0021;-0.0059;-0.0009;-8.001;4.101
9001;9.0;-0.366;-3.602;2.52;-0.0217;-0.07;-0.0029;7.459;-7.674
9002;9.001;0.187;0.378;7.665;-0.0026;-0.0068;0.007;-3.555;3.606
9003;9.002;-2.943;0.477;7.005;-0.0554;0.0173;-0.002;-6.032;5.833
9004;9.003;1.559;-1.266;7.823;0.0422;-0.0103;0.0032;3.086;6.815
9005;9.004;-0.623;-0.853;7.802;-0.0237;-0.0161;-0.0015;-2.863;-3.724
9006;9.005;0.252;-0.072;3.808;0.0011;0.0118;-0.0021;-7.595;3.306
9007;9.006;-2.063;-1.269;5.124;-0.0369;-0.0303;-0.0031;-7.124;-10.99
9008;9.007;3.556;0.86;6.255;0.0684;0.0102;0.0023;1.11;11.607
9009;9.008;0.936;-1.486;7.385;0.0175;-0.0326;-0.0034;1.289;9.427
9010;9.009;-2.87;0.497;5.604;-0.0425;0.0066;-0.0075;4.771;-3.098
9011;9.01;-0.866;-1.21;3.809;-0.0155;-0.02;-0.0015;-12.414;-1.696
9012;9.011;-0.45;0.636;2.729;-0.0025;0.0104;0.0052;0.811;1.127
9013;9.012;-1.422;-1.065;9.008;-0.0342;-0.012;0.0056;-0.883;1.744
9014;9.013;-2.002;0.341;8.184;-0.0444;0.0069;0.0006;5.086;-1.355
9015;9.014;-1.948;0.247;7.495;-0.0447;0.0039;0.0052;-1.178;4.863
9016;9.015;-1.256;-1.832;-1.759;-0.0134;-0.0509;0.0001;0.44;5.976
9017;9.016;0.271;0.35;6.948;0.0154;0.0032;0.0022;5.192;7.386
9018;9.017;0.381;0.231;4.062;0.0104;0.008;0.0009;2.566;-10.949
9019;9.018;1.948;-0.109;3.365;0.0552;0.0103;-0.0063;0.004;-1.837
9020;9.019;-0.227;-0.591;-1.323;-0.0076;-0.0329;0.0015;4.244;-0.788
9021;9.02;-3.369;1.09;1.294;-0.046;0.0023;-0.0046;-6.14;3.956
9022;9.021;-0.204;-0.288;8.576;-0.0162;-0.0346;-0.0002;-8.836;-4.142
9023;9.022;1.661;0.43;7.074;0.0155;0.0227;-0.0023;-2.248;2.466
9024;9.023;-1.765;-0.308;8.194;-0.0364;-0.0076;0.0022;11.318;1.659
9025;9.024;0.285;-0.639;3.677;0.0104;-0.0074;0.0055;-10.313;3.535
9026;9.025;0.507;-0.935;7.707;0.0264;-0.0293;0.0005;-8.176;2.448
9027;9.026;-1.526;0.266;8.27;-0.0245;0.0059;-0.0104;-5.613;-0.93
9028;9.027;-0.301;-0.466;7.897;-0.0119;-0.0212;-0.0008;0.386;1.291
9029;9.028;-1.522;-0.242;2.605;-0.0173;-0.0104;0.0061;8.134;10.208
9030;9.029;2.185;0.016;3.298;0.0356;-0.0099;0.0035;-0.197;4.238
9031;9.03;0.99;0.672;5.208;0.0148;0.0166;0.0009;3.822;-5.09
9032;9.031;0.094;-2.297;5.988;-0.0125;-0.0341;-0.0013;3.434;-3.224
9033;9.032;1.05;-1.015;0.1;0.006;-0.0161;-0.0039;-5.516;1.448
9034;9.033;1.031;-0.379;7.309;0.0167;-0.0089;-0.0007;-7.41;0.419
9035;9.034;-1.282;0.607;2.78;-0.033;0.0182;-0.0034;13.556;0.811
9036;9.035;-1.972;-0.686;4.188;-0.0333;-0.0084;0.0011;0.842;-5.756
9037;9.036;-2.15;-1.188;7.356;-0.0324;-0.0266;-0.0038;-4.514;-4.459
9038;9.037;-1.904;-0.058;6.846;-0.0354;0.0027;0.0054;-0.308;-2.048
9039;9.038;1.244;-0.366;10.829;0.0159;-0.0195;0.0028;0.369;1.319
9040;9.039;1.666;1.858;5.708;0.0355;0.0451;-0.0029;1.732;3.494
9041;9.04;2.305;-0.02;4.736;0.0557;-0.0069;-0.0003;-3.963;-3.828
9042;9.041;-2.0;1.9;-0.748;-0.0411;0.0584;-0.0037;0.115;4.853
9043;9.042;0.001;0.649;1.217;-0.0126;0.0151;-0.001;2.034;-10.053
9044;9.043;1.855;-2.758;6.838;0.0327;-0.0338;-0.0013;-7.779;5.246
9045;9.044;2.702;-0.026;7.364;0.0441;0.0032;-0.0034;-6.303;8.064
9046;9.045;-0.482;0.5;7.582;-0.0121;0.0025;-0.0002;-4.928;-0.339
9047;9.046;-0.548;0.685;5.232;-0.011;0.0284;0.0041;-3.426;-0.032
9048;9.047;-0.565;1.866;0.789;-0.0291;0.041;0.0041;4.347;3.087
9049;9.048;0.671;-0.628;-1.691;0.0141;-0.0208;0.0037;1.098;0.695
9050;9.049;1.223;-0.196;2.449;0.0375;0.016;0.0033;-0.712;-5.144
9051;9.05;1.5;-0.816;3.604;0.0194;-0.0122;-0.011;-5.47;6.311
9052;9.051;-0.661;0.568;6.597;-0.0057;0.0208;-0.0023;-11.279;-1.608
9053;9.052;2.219;-1.083;8.834;0.0443;-0.0411;0.0002;-2.471;-3.913
9054;9.053;-1.49;-1.005;8.72;-0.0349;-0.0307;-0.002;2.566;-5.011
9055;9.054;0.974;-1.095;0.951;0.0261;-0.0191;-0.0013;4.232;4.899
9056;9.055;2.064;-0.257;0.979;0.0388;-0.0113;0.0007;2.357;-2.667
9057;9.056;1.711;-1.439;0.829;0.037;-0.028;-0.0019;5.633;1.504
9058;9.057;0.69;1.912;5.661;0.0208;0.0455;0.0027;-0.402;-1.687
9059;9.058;-0.541;-0.846;6.189;-0.0191;-0.0199;-0.0011;6.415;2.707
9060;9.059;-0.077;-1.415;4.389;0.0079;-0.0086;0.0049;4.367;-3.965
9061;9.06;-1.058;0.528;5.612;-0.0259;0.0164;-0.003;2.189;-1.458
9062;9.061;-0.99;1.417;7.668;-0.0189;0.0427;-0.0033;2.921;-1.289
9063;9.062;-1.459;-1.905;5.282;-0.0377;-0.0363;0.0011;1.323;-5.475
9064;9.063;1.704;-0.008;8.577;0.0406;-0.0055;0.0079;-1.518;-5.855
9065;9.064;-1.733;-0.373;8.028;-0.0352;-0.0088;0.0033;3.46;-5.555
9066;9.065;-1.011;-1.954;4.829;-0.0407;-0.0323;-0.0004;0.275;-4.645
9067;9.066;2.062;-1.741;6.928;0.0358;-0.0532;0.0021;-4.841;7.103
9068;9.067;0.634;0.962;2.062;0.0209;0.0116;0.0022;-3.806;-13.031
9069;9.068;2.654;-0.562;6.153;0.0414;-0.0158;-0.0002;-2.368;-3.624
9070;9.069;2.406;-0.229;3.111;0.0634;-0.0009;-0.0016;4.903;0.36
9071;9.07;0.71;-0.964;9.638;0.0105;-0.0277;-0.0005;5.342;0.535
9072;9.071;1.731;-0.098;7.799;0.0352;-0.0087;0.0021;2.309;-0.823
9073;9.072;-1.619;-1.068;-4.089;-0.0365;-0.026;0.0021;-9.553;-3.843
9074;9.073;0.437;1.251;7.045;0.005;0.0235;-0.0019;0.558;5.753
9075;9.074;2.716;0.364;7.009;0.0537;0.0045;0.0086;3.964;4.481
9076;9.075;0.789;0.79;6.827;0.016;0.0171;0.0031;5.604;-4.977
9077;9.076;0.531;0.118;-0.933;0.01;0.0114;0.0065;-3.458;2.444
9078;9.077;4.178;-1.877;8.354;0.0793;-0.0514;-0.0003;1.71;1.213
9079;9.078;1.329;2.93;6.778;0.0277;0.0661;0.0032;7.143;-0.063
9080;9.079;-2.066;-1.077;2.809;-0.0391;-0.0217;0.0105;-0.244;-7.384
9081;9.08;1.846;-0.146;8.133;0.0429;0.0113;-0.0059;0.837;-2.365
9082;9.081;-3.677;-1.347;6.674;-0.0645;-0.0207;-0.0019;-3.979;-4.751
9083;9.082;0.862;-0.204;7.991;0.0162;-0.0073;-0.0033;6.017;-9.62
9084;9.083;0.697;-1.182;1.709;0.0002;-0.0353;0.008;1.662;-3.405
9085;9.084;-0.58;0.41;1.037;-0.0196;-0.0197;0.0006;1.757;-6.019
9086;9.085;-1.062;1.733;5.461;-0.0194;0.0488;0.0018;-0.69;-3.5
9087;9.086;-0.533;-0.794;2.059;-0.0033;-0.0134;-0.0003;-4.787;-3.066
9088;9.087;4.223;-0.296;5.22;0.0772;-0.0122;0.0059;-8.604;-0.955
9089;9.088;-1.536;0.224;0.703;-0.03;0.0019;-0.0038;-4.614;-1.754
9090;9.089;-1.095;-0.35;-0.419;-0.0199;-0.0177;0.0063;-3.852;-1.355
9091;9.09;-0.166;0.745;5.334;0.0147;0.0177;-0.0068;0.857;5.462
9092;9.091;-0.483;1.653;-0.297;-0.0028;0.0239;-0.0067;1.727;-4.746
9093;9.092;2.716;-2.23;6.794;0.0651;-0.0388;-0.0;-0.255;5.842
9094;9.093;0.63;1.378;4.186;0.0155;0.0146;-0.0002;-5.362;2.153
9095;9.094;-0.103;-0.84;5.536;0.0018;-0.0287;0.0012;2.411;-0.907
9096;9.095;1.257;-0.377;4.725;0.0457;-0.005;0.0021;-3.538;-2.119
9097;9.096;0.604;-1.425;8.679;0.0093;-0.0272;-0.0045;4.494;0.623
9098;9.097;-0.138;1.812;9.622;0.0066;0.0342;0.0052;7.222;3.772
9099;9.098;-0.321;-0.171;4.202;-0.0111;0.0092;-0.0029;-5.733;-1.316
9100;9.099;-0.082;0.621;6.636;-0.0203;0.013;-0.0004;0.118;6.903
9101;9.1;-0.079;0.024;9.732;-0.0123;-0.0149;-0.0064;4.458;4.029
9102;9.101;-0.486;0.292;7.697;-0.0259;0.0086;-0.0028;-9.712;0.449
9103;9.102;0.045;0.676;3.271;-0.0061;-0.0034;-0.0074;-3.03;-8.873
9104;9.103;2.054;1.566;6.534;0.0458;0.0337;0.0117;5.204;3.508
9105;9.104;-1.745;2.226;4.603;-0.0407;0.0444;0.0006;-2.107;9.63
9106;9.105;0.724;-0.448;2.401;0.0201;-0.0251;0.0037;-4.243;-5.757
9107;9.106;1.252;-1.292;4.526;0.0305;-0.0127;-0.0016;0.935;-0.147
9108;9.107;-0.001;1.256;3.423;0.0193;0.0124;0.0017;-3.497;-4.396
9109;9.108;0.086;0.752;3.093;-0.009;0.0149;0.0082;-7.902;7.816
9110;9.109;1.852;0.147;10.174;0.0325;0.0027;-0.0034;4.552;-4.404
9111;9.11;-0.487;2.076;4.192;-0.0162;0.0431;-0.0066;-1.991;-2.444
9112;9.111;1.042;-1.47;3.721;0.0032;-0.0229;-0.0026;-0.952;4.625
9113;9.112;0.957;-2.445;8.395;0.0317;-0.0511;0.0039;3.58;4.631
9114;9.113;0.437;0.321;2.826;-0.0018;0.0134;0.0075;-7.042;-4.395
9115;9.114;0.465;0.152;5.734;0.0011;0.0155;0.0054;7.147;8.051
9116;9.115;1.387;-1.077;4.99;0.0295;-0.0253;-0.0055;-0.591;6.0
9117;9.116;2.338;-1.59;2.693;0.0577;-0.0292;0.0034;11.221;5.886
9118;9.117;-1.462;-0.925;6.121;-0.0307;-0.0268;0.005;-5.332;-0.33
9119;9.118;1.705;0.238;10.911;0.0485;0.0005;-0.0036;1.104;3.847
9120;9.119;-0.876;-0.325;-0.4;-0.0063;-0.0141;0.0005;-2.827;6.646
9121;9.12;-1.188;0.146;2.464;-0.033;-0.0013;-0.0011;4.618;5.277
9122;9.121;0.419;-0.371;-2.106;0.0088;0.0092;0.0057;-6.077;13.435
9123;9.122;0.422;1.102;4.222;0.0078;0.0231;-0.0045;-0.009;6.633
9124;9.123;-2.468;-0.34;-1.691;-0.0439;-0.0159;-0.0069;6.174;2.565
9125;9.124;2.588;-0.473;2.037;0.052;0.001;0.0027;2.652;-0.219
9126;9.125;-0.536;-1.604;5.079;-0.0227;-0.0329;0.0122;-1.809;-7.302
9127;9.126;1.166;1.115;13.327;0.0276;0.0317;0.0023;1.049;-0.922
9128;9.127;0.729;-1.326;8.486;0.0245;-0.0186;0.0076;4.489;-1.748
9129;9.128;1.052;-1.97;6.667;0.0216;-0.0417;-0.0111;1.421;1.343
9130;9.129;0.267;1.079;7.189;-0.0073;0.0199;0.002;6.607;-2.122
9131;9.13;0.605;-0.999;2.011;0.0138;-0.0204;0.0076;9.305;0.233
9132;9.131;0.258;0.748;6.516;0.0102;0.0122;-0.0043;2.665;-4.172
9133;9.132;-0.378;0.159;7.592;-0.009;0.0059;0.0005;5.828;5.043
9134;9.133;1.82;-0.936;1.657;0.0321;-0.0187;0.0054;4.227;2.434
9135;9.134;0.374;0.863;8.693;0.0158;0.0175;0.0044;4.953;6.651
9136;9.135;0.667;-0.575;1.929;0.0119;-0.0169;0.009;-1.63;0.855
9137;9.136;-0.709;2.457;6.425;-0.0089;0.0549;0.0012;-7.015;6.096
9138;9.137;-0.813;-1.576;3.087;-0.0144;-0.0396;-0.0015;-5.742;3.048
9139;9.138;0.4;-0.676;-1.175;-0.0061;-0.0132;-0.0011;4.882;-5.452
9140;9.139;-1.98;-1.919;-0.034;-0.0549;-0.0389;0.0037;-8.004;-3.885
9141;9.14;2.283;1.841;7.571;0.0283;0.0263;-0.0037;-4.542;2.674
9142;9.141;-0.432;-0.774;5.3;-0.0095;-0.0247;0.0079;-3.069;-3.111
9143;9.142;-0.34;0.075;7.588;-0.0214;0.007;-0.0019;-4.288;4.813
9144;9.143;-0.61;0.801;3.584;-0.0129;0.0331;-0.0041;5.397;3.622
9145;9.144;0.332;-2.641;4.196;0.0133;-0.0341;0.0;-1.294;-2.412
9146;9.145;0.909;-0.194;-0.987;0.0165;0.0073;0.0152;4.623;0.08
9147;9.146;1.192;0.415;4.431;0.0108;0.0129;-0.0042;6.476;0.183
9148;9.147;-0.865;0.405;1.291;-0.0226;0.0;-0.0002;2.16;2.988
9149;9.148;-1.532;-0.606;4.812;-0.0332;-0.0139;-0.0037;-4.915;2.713
9150;9.149;-0.073;-0.254;5.64;-0.0056;-0.004;0.0007;6.292;0.76
9151;9.15;-0.062;-2.485;3.753;0.0008;-0.0563;0.001;-5.23;-4.989
9152;9.151;-0.977;-1.196;10.251;-0.024;-0.0173;-0.0077;-2.767;1.716
9153;9.152;1.957;-1.008;5.244;0.0554;-0.016;-0.0004;3.374;0.688
9154;9.153;-1.415;0.349;2.691;-0.0177;0.0141;0.0056;-0.137;9.104
9155;9.154;-1.193;-1.738;6.919;-0.0187;-0.0294;0.0033;10.402;9.498
9156;9.155;1.517;-0.693;5.019;0.0471;-0.0156;-0.0017;9.561;-1.318
9157;9.156;-0.477;-2.202;2.684;-0.0263;-0.0315;-0.0016;-0.258;6.031
9158;9.157;-0.18;-0.359;2.367;-0.0048;-0.0259;-0.0013;-1.942;-2.185
9159;9.158;-1.163;1.31;5.087;-0.0318;0.0379;-0.0003;-3.186;-1.52
9160;9.159;-1.749;0.24;0.275;-0.0395;0.0122;-0.0017;-2.933;-3.285
9161;9.16;-0.997;0.197;3.044;-0.0338;-0.0081;-0.0032;-4.944;-1.061
9162;9.161;-2.436;-1.851;5.659;-0.0408;-0.0515;-0.0025;-4.55;5.455
9163;9.162;1.167;-1.509;9.421;0.0194;-0.0351;0.0053;-5.89;-6.897
9164;9.163;0.523;0.577;7.104;0.0066;0.0053;0.0035;-3.397;-1.946
9165;9.164;2.909;0.096;7.433;0.0749;0.011;0.0023;5.344;-0.858
9166;9.165;-0.036;3.216;-2.029;0.0062;0.0558;-0.0017;-5.162;0.248
9167;9.166;-0.72;1.084;8.302;-0.0159;0.0241;0.0048;-2.933;-4.916
9168;9.167;1.581;0.68;5.132;0.029;0.0141;0.0094;-7.494;-1.304
9169;9.168;-0.69;0.525;3.337;-0.015;-0.002;-0.0015;-5.66;3.239
9170;9.169;1.57;0.732;5.306;0.0467;0.0102;-0.002;1.372;-1.562
9171;9.17;-0.648;0.303;-0.741;-0.0209;0.0042;-0.0037;3.389;7.466
9172;9.171;-2.603;-1.45;8.201;-0.0598;-0.0282;0.0056;3.386;0.502
9173;9.172;-0.426;0.651;4.134;-0.0218;0.0063;-0.0071;12.205;4.335
9174;9.173;-0.379;0.765;0.045;-0.0098;0.0063;-0.0013;0.54;-2.927
9175;9.174;0.857;-1.03;0.121;0.0205;-0.0058;0.0037;-0.462;-2.505
9176;9.175;-0.589;-0.335;1.716;-0.0166;-0.0016;-0.0065;4.491;3.084
9177;9.176;0.452;-0.626;5.854;0.004;-0.0207;-0.0058;1.797;-1.241
9178;9.177;0.435;-0.251;-3.008;0.0022;0.003;-0.0106;-0.594;5.616
9179;9.178;-1.218;0.298;11.335;-0.0261;-0.0093;-0.0012;11.861;5.912
9180;9.179;-1.576;-1.456;1.678;-0.0288;-0.0317;-0.0009;5.521;10.734
9181;9.18;-1.033;-0.203;7.243;-0.0325;-0.0224;-0.0063;-4.933;7.17
9182;9.181;-2.344;-1.943;0.033;-0.0477;-0.0408;0.0067;0.342;3.571
9183;9.182;0.184;1.241;5.884;0.0265;0.0251;-0.0068;-2.852;0.148
9184;9.183;1.006;0.179;5.527;0.0335;-0.0145;-0.0007;4.251;5.44
9185;9.184;-0.415;0.368;6.081;-0.0095;-0.0003;-0.004;-5.206;-10.197
9186;9.185;-0.896;-0.659;7.988;-0.0229;-0.006;-0.0035;0.213;-2.941
9187;9.186;-1.684;0.318;6.263;-0.0302;0.009;-0.0053;4.31;-11.398
9188;9.187;0.998;-2.5;-2.974;0.0142;-0.05;0.0081;0.4;-3.151
9189;9.188;1.616;-0.336;6.454;0.0313;-0.0119;-0.0033;2.401;-7.689
9190;9.189;-3.15;-0.242;2.598;-0.0687;-0.006;-0.0018;-6.469;11.883
9191;9.19;3.065;-0.624;2.218;0.0752;-0.0089;0.0088;-4.371;3.969
9192;9.191;2.319;-1.383;7.005;0.058;-0.0463;-0.0044;0.293;-10.026
9193;9.192;-0.734;1.814;11.531;-0.0123;0.034;0.0016;-1.366;-7.66
9194;9.193;0.033;0.495;8.577;0.0023;0.0115;0.0025;-9.984;0.935
9195;9.194;0.277;0.199;1.558;0.0162;-0.0008;0.002;-5.764;-3.359
9196;9.195;0.62;-0.561;4.57;0.0051;0.0022;-0.0006;3.7;5.027
9197;9.196;-0.493;2.644;5.771;-0.0118;0.049;-0.0019;4.558;-12.323
9198;9.197;0.646;0.218;0.999;0.0278;0.0087;-0.0029;-0.762;-4.903
9199;9.198;0.989;-1.391;9.275;0.0204;-0.0193;-0.0001;0.779;1.594
9200;9.199;3.65;1.326;7.04;0.0658;0.0346;0.0015;8.894;1.484
9201;9.2;-0.056;1.477;7.77;-0.0082;0.0334;-0.0016;-3.248;-9.039
9202;9.201;-0.904;-1.75;4.541;-0.0197;-0.0367;0.0016;1.74;2.309
9203;9.202;1.523;1.791;1.953;0.0208;0.0239;0.0033;1.158;-1.344
9204;9.203;0.006;0.071;5.923;0.0072;-0.0072;0.0031;1.415;2.616
9205;9.204;0.271;1.667;7.074;0.0098;0.0344;0.0008;-1.082;-2.645
9206;9.205;0.18;-0.846;-1.692;-0.0148;-0.017;0.0034;-5.22;-5.567
9207;9.206;-0.482;1.477;5.45;0.0045;0.0316;0.0058;-7.754;14.544
9208;9.207;-0.608;-1.494;3.123;-0.0216;-0.0426;0.003;2.537;1.137
9209;9.208;-0.652;-1.376;11.825;-0.0139;-0.0231;0.0015;-5.987;-0.729
9210;9.209;-1.067;-0.483;5.84;-0.0331;-0.0129;-0.0007;10.415;-0.137
9211;9.21;-0.597;-0.824;-0.304;-0.0261;-0.0148;0.003;-2.916;4.131
9212;9.211;2.73;-1.6;5.778;0.0658;-0.0121;-0.0019;1.007;3.6
9213;9.212;-0.051;-0.883;5.278;-0.0103;-0.0242;0.0016;3.421;-4.402
9214;9.213;-1.104;-1.207;6.423;-0.0375;-0.0376;-0.0032;0.265;-10.726
9215;9.214;-1.415;-1.034;5.436;-0.0294;-0.0263;0.0023;3.047;5.117
9216;9.215;1.791;-0.633;6.439;0.0322;-0.0143;0.0002;-5.84;-3.669
9217;9.216;-0.842;-0.657;0.163;-0.0166;-0.0061;-0.0017;-2.251;-8.625
9218;9.217;0.277;1.253;5.199;0.0086;0.0137;0.0018;-2.106;0.012
9219;9.218;-2.485;-1.138;8.804;-0.0516;-0.0158;0.0028;5.451;-0.811
9220;9.219;-2.997;0.853;5.923;-0.0477;0.037;0.0052;4.411;-5.889
9221;9.22;0.403;0.845;3.885;0.03;0.0116;-0.0078;2.847;-6.259
9222;9.221;-2.409;1.039;4.538;-0.0528;0.0277;0.0072;3.957;4.731
9223;9.222;0.353;-0.037;3.801;0.0112;-0.0038;0.0019;-3.794;-2.918
9224;9.223;1.291;-0.841;6.921;0.0335;-0.0274;0.0037;-3.518;-3.06
9225;9.224;-1.19;-1.504;11.097;-0.0135;-0.0418;0.0028;6.383;0.277
9226;9.225;-0.717;1.221;5.041;-0.0098;0.0159;-0.0038;-7.351;2.592
9227;9.226;-0.626;0.065;6.224;-0.0078;-0.0003;-0.0062;-0.367;-9.515
9228;9.227;-1.013;-0.634;2.424;-0.0201;-0.0287;-0.0032;2.029;8.086
9229;9.228;-0.565;-1.793;5.737;-0.0252;-0.0394;-0.0049;0.361;4.786
9230;9.229;-0.619;0.68;6.331;-0.0127;0.0241;0.0056;2.164;-6.809
9231;9.23;-0.314;0.752;1.463;0.0061;0.0154;-0.0001;5.6;-5.831
9232;9.231;0.087;0.235;1.678;0.0164;0.0081;0.0015;3.189;-9.372
9233;9.232;0.754;-1.583;2.896;0.0254;-0.0229;-0.0074;2.092;-5.886
9234;9.233;0.68;0.759;2.595;0.0277;0.0119;-0.0028;-5.839;-2.628
9235;9.234;0.091;0.775;3.618;0.0121;0.0199;-0.0019;-1.881;3.718
9236;9.235;-1.117;-1.791;4.576;-0.0249;-0.0429;-0.005;-1.794;6.09
9237;9.236;0.73;0.794;5.819;0.0052;0.0309;-0.0096;4.585;7.663
9238;9.237;1.167;1.104;9.957;0.0267;0.0205;-0.003;-6.285;-4.174
9239;9.238;0.22;-0.018;7.009;-0.0066;-0.0135;-0.0025;-11.71;9.25
9240;9.239;-0.525;-1.232;5.013;-0.009;-0.0027;-0.0091;-2.187;-5.345
9241;9.24;3.116;1.934;4.018;0.0658;0.028;-0.0027;-0.737;2.115
9242;9.241;-3.218;-1.427;7.879;-0.0663;-0.021;-0.0048;-3.339;4.557
9243;9.242;0.915;0.589;5.533;0.0235;0.0109;-0.0039;-3.842;0.794
9244;9.243;0.344;1.141;4.547;0.0097;0.0107;-0.0014;5.49;-5.193
9245;9.244;2.189;0.519;0.546;0.0365;0.0125;0.0031;-1.093;2.646
9246;9.245;2.686;-3.108;6.598;0.0619;-0.0512;-0.0077;5.524;4.305
9247;9.246;0.952;-0.666;6.928;0.0081;-0.0117;-0.0061;5.387;8.505
9248;9.247;-0.625;-0.36;6.533;-0.0112;-0.0101;-0.006;2.529;0.55
9249;9.248;0.851;-0.941;5.519;0.0073;-0.0305;-0.0028;-3.305;-7.091
9250;9.249;-1.635;1.418;0.934;-0.0437;0.0254;-0.0016;9.133;-5.654
9251;9.25;0.156;-0.254;5.435;-0.0154;-0.0115;0.0012;-0.434;-10.651
9252;9.251;-1.068;1.809;3.771;-0.0064;0.027;0.0142;-0.579;4.674
9253;9.252;0.743;0.35;4.714;0.029;-0.0003;-0.0028;-3.249;-1.261
9254;9.253;-2.494;-3.297;1.755;-0.0376;-0.0661;0.0025;1.061;-4.123
9255;9.254;-0.453;-1.682;4.269;-0.0003;-0.0278;-0.0045;-4.846;-1.893
9256;9.255;0.32;1.831;9.215;0.011;0.0397;0.0055;-0.22;-5.001
9257;9.256;-0.29;-2.294;2.793;-0.0276;-0.0412;0.001;4.728;1.125
9258;9.257;-0.457;1.182;4.821;-0.0155;0.0393;-0.0004;2.25;4.57
9259;9.258;-1.046;0.688;5.533;-0.0249;0.0235;-0.0011;-5.456;3.411
9260;9.259;-0.318;1.779;6.01;-0.0011;0.0343;0.0043;-2.083;3.275
9261;9.26;2.14;1.069;1.528;0.0359;0.0082;-0.0022;1.574;4.108
9262;9.261;-0.808;-0.297;3.764;0.0026;-0.0017;-0.0013;-2.18;-2.426
9263;9.262;-1.819;0.567;4.8;-0.0498;0.0028;0.0085;0.174;6.339
9264;9.263;-1.446;0.243;-1.438;-0.0294;0.0118;0.0009;5.447;-6.861
9265;9.264;-0.591;0.673;7.884;-0.0121;0.0235;-0.0011;-2.776;4.817
9266;9.265;1.032;-1.534;9.218;0.0424;-0.0424;-0.0024;2.241;0.048
9267;9.266;-0.351;0.411;5.528;0.0024;-0.0021;-0.0086;5.113;-3.691
9268;9.267;1.151;2.564;6.695;0.0214;0.044;-0.0029;-1.592;-5.211
9269;9.268;2.022;0.127;7.99;0.0486;0.0199;-0.0025;5.132;2.496
9270;9.269;-1.229;-0.094;8.275;-0.0222;0.0106;0.0111;-1.194;0.145
9271;9.27;0.359;0.569;8.908;0.024;0.017;0.0047;8.696;3.062
9272;9.271;-0.393;1.451;0.566;-0.0012;0.0316;-0.0003;6.655;-0.225
9273;9.272;1.365;-1.196;1.215;0.0303;-0.0113;-0.0015;-0.004;-1.508
9274;9.273;1.209;-1.349;0.963;0.0247;-0.0139;-0.0011;3.783;0.828
9275;9.274;0.582;0.81;5.104;0.0026;0.035;0.0023;2.125;-0.34
9276;9.275;-1.575;0.174;6.299;-0.0364;0.0156;0.0106;3.882;11.322
9277;9.276;-0.47;-0.022;6.067;-0.0037;0.0143;-0.0045;-1.865;0.53
9278;9.277;-0.102;0.041;4.886;-0.004;0.0183;-0.002;-0.398;3.38
9279;9.278;-0.093;-1.981;5.191;0.011;-0.0435;0.0016;-1.908;1.77
9280;9.279;-0.87;-0.861;1.975;-0.0019;-0.0124;-0.0083;3.49;-6.029
9281;9.28;0.382;0.378;4.626;0.0066;0.0014;-0.0025;5.321;7.549
9282;9.281;0.648;1.298;4.245;0.0124;0.0273;0.004;-8.824;-6.833
9283;9.282;0.478;0.116;7.54;-0.0037;-0.0;-0.0089;-1.033;0.247
9284;9.283;-1.1;0.81;4.125;-0.0273;0.0049;-0.0006;-2.541;-1.295
9285;9.284;-0.545;0.557;-3.082;0.0049;0.0315;-0.006;-0.336;-5.722
9286;9.285;-1.653;-0.842;1.693;-0.0434;-0.0297;-0.0071;-6.497;10.723
9287;9.286;-1.033;-1.495;5.639;-0.0126;-0.0257;-0.0003;-6.648;3.511
9288;9.287;0.894;1.1;-1.838;0.0024;0.0273;-0.0011;1.061;-2.052
9289;9.288;-0.289;-0.992;-1.425;-0.0054;-0.0176;-0.0087;-3.688;8.278
9290;9.289;-0.235;-1.375;8.291;-0.0035;-0.0296;-0.0097;-0.427;-3.414
9291;9.29;1.547;-0.516;4.366;0.0256;-0.0194;0.0053;2.242;0.157
9292;9.291;-0.808;-2.452;5.142;-0.023;-0.0274;0.0016;5.676;-3.409
9293;9.292;0.027;-1.271;3.616;-0.0091;-0.0234;-0.0037;4.38;2.367
9294;9.293;-2.093;-1.432;2.654;-0.054;-0.0163;0.0001;5.5;0.95
9295;9.294;1.321;1.419;6.039;0.0194;0.034;-0.0014;-5.307;1.099
9296;9.295;-0.245;-0.372;7.056;-0.0153;0.0084;-0.0055;-0.861;0.919
9297;9.296;1.149;0.248;3.715;0.0338;-0.0086;0.0055;3.695;-8.514
9298;9.297;1.115;0.624;0.295;0.0113;0.0141;-0.0096;0.27;-3.742
9299;9.298;-0.049;0.637;5.86;-0.0017;0.0157;0.0025;2.137;0.441
9300;9.299;0.804;1.802;7.042;0.0098;0.0266;-0.0023;4.212;-3.566
9301;9.3;-2.063;0.099;1.227;-0.0589;0.003;-0.0071;0.876;-7.076
9302;9.301;-0.755;0.927;9.263;-0.0234;0.0227;-0.0116;-6.329;-0.764
9303;9.302;-2.722;-1.03;6.601;-0.0616;-0.03;0.0061;-6.833;1.683
9304;9.303;1.415;-0.812;10.14;0.0233;-0.026;-0.0093;-12.002;-3.997
9305;9.304;0.88;0.215;3.627;0.0216;0.0117;-0.0005;-3.612;-0.435
9306;9.305;2.055;-0.701;1.448;0.0345;-0.0228;0.0106;-9.892;-7.246
9307;9.306;1.95;0.105;5.817;0.0314;0.0035;0.0041;8.184;3.062
9308;9.307;2.266;-0.644;8.69;0.0311;0.004;-0.0039;-6.519;-1.852
9309;9.308;-0.25;0.613;3.575;-0.0099;0.0195;-0.0011;-2.707;0.651
9310;9.309;-2.111;-0.065;2.742;-0.058;0.0111;-0.0002;-0.276;5.364
9311;9.31;-0.551;-0.704;4.273;0.0011;0.001;-0.0044;2.085;-1.509
9312;9.311;3.028;-0.084;4.078;0.0594;-0.0041;0.0021;1.979;-2.251
9313;9.312;0.825;-0.224;2.853;0.0253;0.0035;0.0013;2.694;2.411
9314;9.313;1.718;0.7;0.951;0.0336;0.007;-0.007;2.607;0.678
9315;9.314;1.142;0.907;8.787;0.0276;0.0174;0.0002;-2.301;-0.062
9316;9.315;0.877;-1.385;1.154;0.0179;-0.0405;0.0052;-7.361;-1.648
9317;9.316;-0.432;1.437;0.27;-0.0241;0.0424;0.0035;-5.333;0.374
9318;9.317;-1.586;-0.205;-0.706;-0.019;-0.0073;-0.0043;5.67;-2.234
9319;9.318;1.312;-0.525;6.537;0.0319;-0.0197;0.0056;-1.934;-1.358
9320;9.319;-1.279;0.432;1.428;-0.027;0.0177;-0.0042;8.737;1.376
9321;9.32;2.416;0.971;5.378;0.0618;0.0095;-0.0063;6.107;8.455
9322;9.321;0.839;-0.635;3.592;0.018;-0.0102;-0.0013;-2.371;-11.954
9323;9.322;1.005;-0.216;3.174;0.0186;-0.0119;-0.0095;-7.144;4.044
9324;9.323;0.069;-1.471;5.893;-0.0043;-0.0427;-0.0075;-0.055;3.003
9325;9.324;-2.423;0.82;6.093;-0.0582;0.0252;0.0001;-1.193;-1.724
9326;9.325;-1.236;0.347;7.67;-0.0209;-0.0157;0.0036;-5.727;-9.535
9327;9.326;1.409;0.303;13.313;0.0232;0.0209;-0.0036;-7.371;0.771
9328;9.327;-1.781;-0.272;6.451;-0.0396;-0.0019;-0.0075;-7.118;-1.439
9329;9.328;-1.708;0.189;7.481;-0.0324;0.0077;0.0063;-0.635;3.244
9330;9.329;2.191;-2.148;6.852;0.0466;-0.0381;-0.0081;-2.074;4.129
9331;9.33;-2.993;0.025;7.476;-0.0634;0.009;0.0016;14.363;6.41
9332;9.331;-0.088;2.322;2.535;0.0006;0.0572;0.0023;4.986;-5.807
9333;9.332;0.557;-1.144;8.781;0.0111;-0.011;0.0017;-6.303;10.296
9334;9.333;2.881;0.558;7.25;0.0406;0.0023;-0.0012;-6.614;1.252
9335;9.334;1.578;-3.55;0.598;0.0283;-0.068;0.0083;7.808;-4.491
9336;9.335;0.68;0.05;6.673;0.0159;-0.0073;-0.0012;-3.35;-1.17
9337;9.336;-2.504;-1.012;3.077;-0.0313;-0.0235;-0.002;-9.887;4.096
9338;9.337;-0.355;0.496;5.167;-0.0098;0.0082;-0.0024;6.234;-7.266
9339;9.338;-2.447;-2.019;4.822;-0.052;-0.0432;-0.0023;-2.885;1.308
9340;9.339;0.427;-1.132;5.13;0.0017;-0.0072;0.0004;8.481;1.649
9341;9.34;-1.978;-1.041;10.974;-0.0423;-0.03;-0.0067;-5.932;-0.586
9342;9.341;1.481;-0.03;5.431;0.0488;-0.005;0.0087;-0.223;6.284
9343;9.342;0.959;0.572;7.066;0.0225;0.0364;0.0065;-7.878;-8.986
9344;9.343;-0.752;-0.643;7.968;-0.0134;-0.0031;-0.002;-6.832;9.743
9345;9.344;0.644;-0.413;2.313;0.0137;-0.0074;-0.0001;-0.765;-1.393
9346;9.345;0.352;-0.326;2.302;-0.0013;-0.0101;0.0003;-1.731;-6.413
9347;9.346;0.197;1.4;0.93;0.0144;0.0283;-0.0034;-0.611;1.523
9348;9.347;0.053;-0.387;5.696;-0.0134;-0.0029;0.001;4.32;-2.622
9349;9.348;1.105;0.963;6.09;0.0407;0.0348;0.0014;-7.062;-0.26
9350;9.349;0.142;-0.291;-2.146;-0.0108;-0.0116;0.0045;1.106;-4.932
9351;9.35;-0.503;-0.221;3.787;-0.0068;0.0079;-0.0064;9.332;3.451
9352;9.351;0.584;-0.612;5.189;-0.005;-0.0114;0.0071;10.484;-2.037
9353;9.352;-0.974;0.058;5.441;-0.0125;0.0008;0.004;6.387;0.112
9354;9.353;1.818;-1.286;0.959;0.0356;-0.0143;-0.0012;1.137;-1.505
9355;9.354;1.235;-0.735;2.707;0.0242;-0.013;-0.0047;6.692;2.254
9356;9.355;-2.938;-0.25;6.619;-0.0646;-0.0052;-0.0027;-6.748;-0.416
9357;9.356;-0.38;-0.141;6.044;-0.0219;-0.0057;0.0031;8.96;-5.879
9358;9.357;-0.144;1.129;4.947;0.0005;0.0331;0.0079;3.867;4.991
9359;9.358;-0.062;-0.212;3.165;-0.0146;-0.006;-0.0025;-14.039;-5.514
9360;9.359;0.75;0.728;6.902;0.0263;0.0134;-0.002;-4.24;3.08
9361;9.36;1.964;2.039;7.623;0.0521;0.0326;0.0001;-6.12;-1.568
9362;9.361;2.188;0.165;2.913;0.0508;0.0115;-0.0017;1.103;-8.123
9363;9.362;-2.781;-0.612;5.208;-0.0577;-0.0195;0.0023;-2.678;0.648
9364;9.363;1.318;-0.822;4.141;0.0111;-0.0257;0.0038;4.354;-6.433
9365;9.364;-2.694;2.684;6.121;-0.0488;0.0564;0.0009;7.015;-3.73
9366;9.365;1.556;-1.925;10.055;0.0511;-0.0316;0.0122;-2.084;-1.28
9367;9.366;0.682;0.36;6.133;0.0292;0.0169;-0.0017;-10.02;-4.983
9368;9.367;-1.13;-0.309;6.955;0.0019;0.0055;0.0053;-2.56;-3.255
9369;9.368;-0.67;1.687;9.901;-0.012;0.0192;0.0007;0.027;-6.184
9370;9.369;-0.67;0.427;9.687;-0.0133;0.0152;-0.0006;4.416;-1.051
9371;9.37;1.806;-0.07;5.467;0.044;0.0018;-0.0015;2.254;-8.861
9372;9.371;-0.794;-1.054;5.145;-0.0197;-0.0053;-0.0019;-0.099;6.819
9373;9.372;-0.569;-1.198;2.301;-0.0058;-0.0297;0.0054;-0.003;3.001
9374;9.373;0.624;-0.35;2.93;0.0234;-0.0263;0.0001;-0.082;5.261
9375;9.374;2.427;-1.207;3.475;0.045;-0.0444;-0.0015;-8.172;-5.161
9376;9.375;-0.815;1.594;9.205;-0.018;0.0364;-0.0016;-0.297;0.305
9377;9.376;0.432;-1.27;6.481;0.0178;0.0016;-0.0045;-3.59;2.95
9378;9.377;-1.029;1.751;2.4;-0.0274;0.0334;-0.0077;4.429;-2.28
9379;9.378;1.515;-0.417;8.68;0.0154;-0.0014;0.0051;-1.072;12.296
9380;9.379;-1.657;1.586;7.904;-0.0364;0.0411;-0.0027;-4.073;-4.644
9381;9.38;0.591;0.338;6.755;0.0238;0.0091;-0.0065;7.386;-0.964
9382;9.381;0.618;-0.739;11.987;0.022;0.004;-0.0036;1.261;-5.266
9383;9.382;-0.528;0.439;8.052;-0.0063;0.008;0.0047;-2.619;4.498
9384;9.383;1.7;0.435;5.232;0.0213;0.024;0.0065;5.557;4.805
9385;9.384;2.755;1.514;3.956;0.0502;0.0259;0.0016;-1.428;3.659
9386;9.385;0.046;-1.871;2.47;-0.0005;-0.0349;0.003;11.441;-0.897
9387;9.386;0.516;0.184;4.916;0.021;0.0043;-0.0037;-7.584;-4.904
9388;9.387;0.315;1.716;0.543;0.0114;0.0336;-0.0077;-5.874;-2.167
9389;9.388;1.749;1.831;11.789;0.0255;0.0321;-0.0075;2.064;7.238
9390;9.389;1.216;-1.42;5.509;0.0267;-0.0103;-0.0125;-1.446;2.702
9391;9.39;0.153;1.074;10.296;-0.0116;0.0261;-0.0006;-6.6;5.477
9392;9.391;-0.064;1.36;0.404;-0.0169;0.003;-0.0053;2.747;0.253
9393;9.392;-1.066;1.682;7.43;-0.0262;0.0276;-0.0001;-3.394;-3.994
9394;9.393;-0.356;1.242;4.783;0.0157;0.0308;-0.0023;3.308;-4.471
9395;9.394;0.054;-0.02;5.207;-0.0013;0.0187;-0.007;-3.084;-3.673
9396;9.395;2.473;-1.028;-3.185;0.0445;-0.022;-0.0016;-0.384;2.073
9397;9.396;1.295;-0.377;5.148;0.0208;-0.0025;-0.0009;-2.514;-4.651
9398;9.397;-3.079;-1.957;5.473;-0.0605;-0.0436;-0.0087;-3.305;0.426
9399;9.398;-0.729;1.37;5.527;-0.0048;0.0491;-0.0019;12.283;3.29
9400;9.399;1.812;0.247;5.477;0.042;0.0133;0.0014;1.992;4.791
9401;9.4;1.679;0.664;3.735;0.0302;0.0102;-0.0087;-3.701;4.248
9402;9.401;-2.55;2.201;7.519;-0.0408;0.0447;-0.0051;-4.154;-8.131
9403;9.402;-0.132;0.714;8.357;-0.0051;0.0279;-0.0012;-7.668;3.61
9404;9.403;2.321;-0.904;7.63;0.0458;-0.0161;0.0047;0.795;1.507
9405;9.404;-1.01;-1.356;4.094;-0.0105;-0.0315;0.0006;-3.666;7.841
9406;9.405;-0.572;-1.143;3.714;-0.0231;-0.0098;0.0044;-5.307;-1.744
9407;9.406;0.16;0.325;1.504;0.008;0.0041;0.0025;-0.595;-4.807
9408;9.407;-1.473;-0.308;5.616;-0.0201;-0.0032;-0.0038;9.536;-0.408
9409;9.408;1.572;0.357;7.972;0.0197;0.0068;-0.0088;-5.84;-1.565
9410;9.409;0.295;-0.851;4.328;0.003;-0.0154;-0.0039;5.591;0.65
9411;9.41;0.309;1.177;3.919;-0.0017;0.0125;-0.0001;3.835;3.638
9412;9.411;-0.959;-2.505;3.985;-0.036;-0.0461;-0.0091;-1.021;2.528
9413;9.412;1.551;-1.083;7.84;0.0307;-0.0158;-0.0021;3.803;5.482
9414;9.413;-0.484;2.745;1.143;-0.0029;0.0646;0.0006;3.351;-7.957
9415;9.414;-1.144;1.044;1.724;-0.0173;0.0335;-0.0031;-1.896;-1.113
9416;9.415;-0.229;1.19;5.909;-0.0135;0.0294;-0.0026;5.06;2.079
9417;9.416;-1.914;0.467;1.447;-0.0335;0.0124;-0.0068;1.406;4.993
9418;9.417;-0.822;0.768;2.407;-0.0149;0.0044;0.0068;-4.277;-3.626
9419;9.418;3.372;-0.509;6.839;0.0528;0.0083;-0.0113;2.317;-3.53
9420;9.419;-1.141;-0.86;9.886;-0.0002;-0.0306;0.0058;9.371;11.86
9421;9.42;-1.3;1.883;6.031;-0.0287;0.021;0.0073;-3.951;-3.453
9422;9.421;0.029;-1.286;2.556;0.0099;-0.0333;-0.0031;0.53;-3.21
9423;9.422;0.479;1.505;3.667;0.012;0.0467;-0.0013;0.317;3.533
9424;9.423;0.618;-2.629;7.138;0.0224;-0.0721;-0.003;-8.356;-5.31
9425;9.424;0.367;-0.326;8.091;-0.0043;-0.0044;0.0043;-2.261;4.453
9426;9.425;-2.426;-0.265;9.645;-0.043;-0.007;0.0025;8.878;2.103
9427;9.426;-0.676;-1.02;2.654;-0.0233;-0.0114;0.0012;-7.32;-2.041
9428;9.427;-3.225;-1.419;5.9;-0.066;-0.0339;0.0087;-1.421;0.164
9429;9.428;1.036;0.244;6.578;-0.0027;0.0044;0.0037;-5.815;4.381
9430;9.429;0.611;0.994;2.866;0.0019;0.0169;0.0032;-1.167;-5.692
9431;9.43;1.216;-0.951;5.933;0.0437;-0.0117;0.0041;-0.809;7.444
9432;9.431;-2.249;0.576;5.573;-0.0269;0.0275;0.0035;7.857;3.713
9433;9.432;-2.964;-1.198;-0.166;-0.0626;-0.0266;-0.0044;2.989;-7.487
9434;9.433;0.106;-0.438;6.098;-0.0079;-0.0117;-0.0022;-8.419;-2.073
9435;9.434;-1.459;-0.02;2.462;-0.0237;0.0038;0.0015;-6.185;6.072
9436;9.435;-1.737;2.279;2.205;-0.0308;0.0348;0.0026;-0.17;2.886
9437;9.436;-1.219;0.877;4.224;-0.0344;0.0146;0.0057;0.475;8.263
9438;9.437;-2.26;-0.958;9.395;-0.0515;-0.0154;-0.0003;-2.951;-2.824
9439;9.438;-2.703;0.589;7.286;-0.0537;0.0055;0.0002;5.593;-1.059
9440;9.439;0.509;-1.69;7.391;0.0036;-0.027;0.0001;3.996;-0.535
9441;9.44;0.428;-0.693;7.314;0.0112;-0.0141;0.0024;6.786;1.71
9442;9.441;1.1;1.657;7.135;0.0325;0.0508;-0.0013;-3.98;6.989
9443;9.442;0.436;0.405;1.912;0.0116;0.0026;0.0078;-3.08;2.83
9444;9.443;0.114;1.026;6.283;-0.0019;0.0294;-0.005;-2.627;-0.525
9445;9.444;0.626;0.18;8.794;0.0164;0.0049;0.0004;-13.654;6.052
9446;9.445;-0.47;-2.346;8.626;0.0011;-0.0307;-0.0109;-0.712;4.365
9447;9.446;0.146;-0.122;0.41;0.0122;-0.0162;-0.0039;-1.023;-1.474
9448;9.447;-0.274;1.498;2.24;-0.0173;0.0226;-0.0044;-5.803;-3.167
9449;9.448;-3.349;-0.257;5.879;-0.0684;-0.0029;0.0043;8.561;-3.339
9450;9.449;0.524;0.871;4.184;0.0008;0.027;0.0034;-1.17;-9.042
9451;9.45;2.494;0.458;8.196;0.0445;0.0143;0.0021;2.592;-3.564
9452;9.451;2.218;-0.418;1.816;0.0369;-0.0081;0.0017;-0.453;4.443
9453;9.452;-0.351;-1.632;1.97;0.0011;-0.0258;0.0066;4.19;6.146
9454;9.453;0.494;2.206;4.584;-0.0032;0.0509;0.0044;-3.765;2.098
9455;9.454;0.293;-0.618;8.553;0.0047;-0.0101;-0.0006;0.685;-7.013
9456;9.455;2.528;1.199;4.093;0.0615;0.044;0.0067;4.795;-0.752
9457;9.456;2.43;-1.286;1.956;0.0463;-0.0181;-0.0103;-0.67;5.616
9458;9.457;-1.133;0.819;2.677;-0.0205;0.0201;0.0027;-2.8;14.709
9459;9.458;-1.149;-1.876;7.254;-0.0169;-0.0317;0.0062;0.924;-2.254
9460;9.459;-0.689;0.641;-1.127;-0.0192;0.0097;-0.0026;-1.542;2.041
9461;9.46;-0.884;-0.809;3.28;-0.013;-0.0152;-0.0027;-1.003;-0.23
9462;9.461;2.247;-1.177;0.417;0.0672;-0.0268;0.0025;-1.22;-6.804
9463;9.462;-2.823;-0.005;4.511;-0.0598;-0.0097;-0.0014;-2.997;6.863
9464;9.463;-1.651;0.488;8.028;-0.0617;0.0217;-0.0071;3.91;1.5
9465;9.464;-2.087;2.118;7.301;-0.0244;0.0333;0.0046;-3.546;9.691
9466;9.465;-0.998;0.224;2.87;-0.0097;-0.0077;0.0097;-2.522;-8.968
9467;9.466;0.902;0.958;3.576;0.0253;0.039;-0.0005;-9.368;3.856
9468;9.467;-1.601;-1.284;7.613;-0.0571;-0.0295;0.0103;-7.207;-9.129
9469;9.468;1.163;-0.213;-0.515;0.0427;-0.0053;0.0002;1.867;-1.137
9470;9.469;2.419;0.878;1.607;0.0543;0.0336;-0.0063;1.943;1.961
9471;9.47;0.24;1.396;4.009;0.0075;0.0165;-0.003;5.602;2.345
9472;9.471;1.765;1.308;3.318;0.0552;0.0331;0.0039;-0.635;9.062
9473;9.472;-0.339;0.968;7.7;0.0024;0.0242;0.0011;-3.883;-1.323
9474;9.473;0.517;-0.986;4.271;0.0146;-0.0116;0.0019;4.85;-2.582
9475;9.474;-0.409;1.174;5.42;-0.0132;-0.0003;-0.0023;-1.051;-1.524
9476;9.475;1.629;0.809;2.634;0.0383;0.0269;0.002;-0.534;7.075
9477;9.476;0.489;-1.27;6.788;-0.0001;-0.0304;0.0027;3.042;-4.122
9478;9.477;0.97;-1.607;2.004;0.0311;-0.0464;0.0039;7.937;2.982
9479;9.478;1.314;-0.67;1.549;0.0317;-0.0135;0.0095;-1.999;-0.707
9480;9.479;1.52;-0.017;6.002;0.0386;-0.0121;-0.0035;-0.828;-3.733
9481;9.48;-1.404;-0.067;5.205;-0.0517;-0.0074;-0.0065;-9.098;4.211
9482;9.481;0.401;-1.409;7.892;-0.0009;-0.0306;-0.0008;1.539;1.058
9483;9.482;-1.055;-1.326;4.963;-0.0342;-0.0253;-0.0095;3.117;-3.169
9484;9.483;-0.574;-1.636;4.958;-0.0192;-0.0299;-0.0053;0.744;-0.049
9485;9.484;-0.007;0.503;0.013;0.0065;0.0038;0.0007;-3.211;6.247
9486;9.485;0.878;1.657;2.397;0.0165;0.0236;0.0042;-0.557;-1.876
9487;9.486;-0.03;3.712;11.322;0.0002;0.0837;0.0008;9.382;-1.636
9488;9.487;-0.334;0.768;9.946;-0.0177;0.014;0.0012;-2.932;6.18
9489;9.488;1.92;-0.368;1.563;0.0429;-0.0179;-0.0046;5.962;-0.039
9490;9.489;0.682;0.417;10.121;0.0236;0.0079;0.0006;3.825;-1.916
9491;9.49;-3.106;0.464;2.784;-0.0468;0.0143;-0.0017;1.945;1.851
9492;9.491;0.588;-0.679;2.469;0.008;-0.0018;-0.0028;-4.877;-3.794
9493;9.492;-0.658;-0.059;2.926;-0.0133;-0.0124;-0.0054;0.893;-7.831
9494;9.493;0.975;-1.163;9.057;0.0348;-0.017;0.0005;3.095;0.232
9495;9.494;1.134;1.24;5.362;0.0259;0.0187;-0.0101;-7.52;-2.372
9496;9.495;2.471;-0.803;12.542;0.0565;-0.024;0.0026;-6.271;5.106
9497;9.496;-0.508;0.552;5.198;0.007;0.016;-0.0018;2.909;-8.322
9498;9.497;1.287;1.013;4.937;0.0311;0.0239;-0.0032;-2.45;1.348
9499;9.498;-0.238;-1.616;6.157;-0.0107;-0.0396;0.0035;-3.822;-3.816
9500;9.499;-0.978;-1.009;-3.51;0.0023;-0.0242;-0.0129;-3.257;-3.002
9501;9.5;-2.271;0.385;5.672;-0.0369;0.0334;-0.0025;1.153;7.055
9502;9.501;0.418;0.33;8.505;0.0168;0.0203;-0.0062;1.424;-7.353
9503;9.502;2.143;-0.829;1.776;0.056;-0.0372;-0.0083;-2.634;-2.335
9504;9.503;-0.299;0.763;6.262;-0.0057;0.0097;-0.0035;-6.826;-0.522
9505;9.504;1.575;1.377;9.958;0.0246;0.0275;-0.0022;2.757;2.951
9506;9.505;0.137;0.338;3.355;-0.0188;-0.0083;-0.0002;1.205;1.563
9507;9.506;1.217;-0.627;8.039;0.0252;-0.0161;0.0022;-5.084;4.865
9508;9.507;-0.218;1.694;6.337;-0.0063;0.0209;0.0096;2.35;-1.615
9509;9.508;0.823;-0.63;3.153;-0.0007;-0.0067;-0.0046;0.659;-1.665
9510;9.509;-1.455;-0.527;6.299;-0.039;-0.0067;0.0008;5.45;7.129
9511;9.51;1.093;1.278;-1.241;0.024;0.0184;0.0029;-6.806;4.552
9512;9.511;2.773;0.548;7.604;0.0572;0.0049;0.0006;0.532;11.16
9513;9.512;1.612;-1.796;5.326;0.0489;-0.045;-0.0013;0.758;-1.119
9514;9.513;-0.765;0.23;4.521;-0.01;-0.003;-0.0038;-9.44;1.894
9515;9.514;-2.727;2.652;1.143;-0.0519;0.0619;0.0044;3.957;-3.077
9516;9.515;0.312;-1.222;9.419;0.0063;-0.0289;0.0061;-4.675;-4.693
9517;9.516;-1.637;0.396;12.0;-0.017;0.0077;-0.0008;2.953;0.056
9518;9.517;-0.158;-3.155;4.986;0.0093;-0.062;0.001;1.794;3.436
9519;9.518;1.485;-0.967;5.685;0.0437;-0.0177;0.0032;-0.255;-2.855
9520;9.519;-3.293;0.177;5.766;-0.059;-0.0038;-0.0028;4.46;5.607
9521;9.52;-0.364;0.744;5.274;0.0173;0.0198;-0.001;-1.437;-3.274
9522;9.521;-0.217;3.202;5.561;0.0052;0.0683;0.0078;1.142;8.777
9523;9.522;1.101;0.91;10.094;0.0247;0.0289;-0.009;8.125;-1.112
9524;9.523;0.626;-0.053;8.708;0.0272;-0.0048;0.004;-1.047;5.651
9525;9.524;2.514;2.262;4.629;0.0516;0.0374;-0.0077;2.39;0.442
9526;9.525;0.672;-0.13;-1.022;0.0106;0.0162;0.0018;1.858;0.225
9527;9.526;1.059;0.376;6.424;0.017;0.017;-0.0067;0.774;1.867
9528;9.527;-2.925;1.305;4.218;-0.0517;0.0266;0.0051;2.681;-3.296
9529;9.528;0.021;0.45;4.861;-0.0085;0.0271;0.0059;4.209;10.457
9530;9.529;-0.44;-0.864;6.464;-0.0216;-0.0203;-0.0038;2.614;3.03
9531;9.53;-0.045;1.318;3.744;-0.0077;0.0302;0.0017;-2.495;-3.77
9532;9.531;1.558;-0.227;7.86;0.0444;-0.0036;-0.0028;9.251;0.886
9533;9.532;-1.769;0.037;8.119;-0.04;0.0208;0.0022;-1.79;-4.577
9534;9.533;-3.751;0.51;3.378;-0.0794;0.0009;0.0052;-2.743;-7.567
9535;9.534;2.717;-0.887;6.835;0.0468;-0.0309;-0.0096;8.229;2.721
9536;9.535;-0.218;0.128;-0.349;-0.0183;0.0053;0.008;1.229;-2.568
9537;9.536;-0.543;0.59;3.405;-0.005;0.024;-0.0125;1.039;5.975
9538;9.537;2.13;2.28;1.138;0.0578;0.0554;0.006;2.371;5.712
9539;9.538;1.224;-0.431;3.57;0.0156;-0.0174;0.0044;-3.309;-4.83
9540;9.539;0.328;-0.208;6.38;-0.0033;-0.0225;0.0002;0.643;-2.689
9541;9.54;0.5;1.344;4.737;0.0247;0.0199;0.0089;4.73;-2.363
9542;9.541;1.128;0.029;9.526;0.0108;-0.0032;-0.0009;-4.381;-1.394
9543;9.542;-1.298;-0.548;7.483;-0.031;-0.0125;0.0059;-4.46;2.532
9544;9.543;0.223;0.44;4.288;0.0164;0.0033;0.0051;3.706;2.189
9545;9.544;3.095;-0.974;0.564;0.0577;-0.0224;-0.0047;-9.479;4.317
9546;9.545;0.902;-0.452;5.674;0.014;-0.0041;0.008;4.459;2.545
9547;9.546;0.524;-0.119;5.751;0.0117;-0.004;-0.0055;-1.853;-1.805
9548;9.547;3.027;-0.73;-2.009;0.0603;-0.0175;0.0034;-1.867;2.0
9549;9.548;0.436;-0.552;3.231;0.0081;0.0035;0.0026;4.124;2.718
9550;9.549;2.501;1.627;2.199;0.0392;0.0487;0.0039;-13.328;-3.253
9551;9.55;0.58;-2.266;2.205;0.0201;-0.045;0.002;-6.84;0.184
9552;9.551;-0.215;-0.12;7.919;-0.0133;-0.0073;0.0085;-5.009;-8.376
9553;9.552;0.688;-0.327;6.99;-0.0018;-0.0207;-0.0024;7.504;-3.569
9554;9.553;0.542;1.398;4.488;0.0165;0.02;0.0077;4.991;-6.209
9555;9.554;-1.936;0.392;4.681;-0.0395;0.0174;-0.0032;-2.962;5.255
9556;9.555;3.141;0.664;4.503;0.0607;0.0118;0.0092;-4.644;5.414
9557;9.556;0.873;1.264;4.368;0.0228;0.0225;-0.005;-4.616;2.097
9558;9.557;3.331;0.908;-0.865;0.0799;0.0376;0.011;-0.923;-6.995
9559;9.558;-0.982;-1.252;5.423;-0.0294;-0.0333;-0.0069;-4.973;4.359
9560;9.559;-0.448;-0.916;-0.421;-0.009;-0.017;0.009;-5.558;-8.026
9561;9.56;-1.742;0.251;4.979;-0.053;0.0258;0.0077;-3.586;-6.396
9562;9.561;-0.146;1.148;1.714;-0.0173;0.0062;0.0012;-12.073;3.003
9563;9.562;1.048;-0.227;-0.139;0.0171;-0.0074;0.0067;2.716;-1.619
9564;9.563;3.181;-0.354;3.219;0.0528;-0.0195;0.003;2.12;4.719
9565;9.564;-0.563;0.62;5.066;-0.0192;0.0147;-0.0035;-1.439;6.153
9566;9.565;-0.378;1.675;2.249;0.0148;0.0205;0.0014;3.434;0.108
9567;9.566;1.554;0.182;7.358;0.027;-0.0052;0.0007;6.246;5.491
9568;9.567;0.862;1.158;7.43;0.026;0.0205;0.003;5.61;-2.52
9569;9.568;-0.869;1.713;6.843;-0.0058;0.0307;-0.0023;-4.372;-0.97
9570;9.569;-0.576;1.046;3.628;-0.0207;0.0463;0.0043;6.603;0.088
9571;9.57;-0.883;0.513;4.686;-0.0189;0.0067;0.002;2.893;4.005
9572;9.571;1.885;0.8;6.385;0.0342;0.0091;0.0018;-0.081;-3.23
9573;9.572;-0.749;0.061;8.162;0.0073;0.0102;-0.0078;-1.411;-6.9
9574;9.573;-0.398;3.236;7.901;0.0073;0.064;0.0061;-2.28;2.259
9575;9.574;1.826;-0.277;3.656;0.0156;-0.0196;-0.0006;2.394;-1.004
9576;9.575;-0.765;-0.647;-1.304;-0.0171;0.0006;0.004;-1.3;-5.169
9577;9.576;1.631;-0.053;2.805;0.0336;-0.0051;-0.0045;3.431;2.632
9578;9.577;-2.011;-0.196;6.442;-0.0445;-0.0009;0.0029;4.164;-4.612
9579;9.578;-0.861;-0.362;7.497;0.0108;-0.0059;0.0025;-2.18;-6.249
9580;9.579;2.131;2.215;10.589;0.0406;0.0558;-0.0015;-2.481;8.927
9581;9.58;0.98;1.653;2.87;0.0177;0.0223;-0.0027;0.801;9.799
9582;9.581;-1.263;-1.097;7.824;-0.0256;-0.0139;0.0;-1.554;9.801
9583;9.582;-1.65;0.021;8.92;-0.0204;0.0239;0.0021;-0.099;2.623
9584;9.583;-2.344;0.007;8.217;-0.0613;-0.005;-0.0024;-7.107;8.278
9585;9.584;0.579;-2.757;0.542;0.0132;-0.0492;-0.0021;5.265;4.645
9586;9.585;-0.301;-0.393;4.197;-0.0198;0.0017;-0.0059;5.009;-0.91
9587;9.586;0.52;0.236;9.079;-0.0072;-0.0097;-0.0028;-5.353;-1.629
9588;9.587;-0.049;0.237;7.568;0.004;-0.0083;-0.0054;0.322;9.003
9589;9.588;4.189;-0.646;6.824;0.0883;-0.0182;0.0017;-2.766;-0.601
9590;9.589;1.92;0.676;6.87;0.0403;0.0081;-0.0025;7.486;1.458
9591;9.59;-2.197;-2.779;4.964;-0.0125;-0.0509;-0.0021;3.883;-4.579
9592;9.591;0.45;-0.757;6.918;-0.0082;-0.0184;-0.001;-5.223;-7.215
9593;9.592;-1.761;2.043;8.653;-0.0358;0.0369;0.0048;4.489;-9.173
9594;9.593;0.395;-1.241;4.478;-0.0097;-0.0306;-0.0025;6.464;8.111
9595;9.594;-0.362;-0.389;6.281;0.0029;-0.0231;0.0002;-6.888;3.769
9596;9.595;0.414;2.468;8.221;0.0141;0.0499;0.0057;-3.841;-0.479
9597;9.596;-0.444;-0.524;2.848;-0.0066;-0.0033;-0.0006;0.883;-0.929
9598;9.597;-3.043;-1.056;2.15;-0.0799;-0.0212;0.0063;4.405;-4.131
9599;9.598;0.958;1.701;2.486;0.0123;0.0508;0.0029;8.347;-3.313
9600;9.599;-2.669;1.179;3.082;-0.0588;0.023;-0.0012;0.325;10.021
9601;9.6;-1.319;1.822;1.497;-0.031;0.0517;-0.0052;-4.725;-3.176
9602;9.601;-1.05;0.173;6.464;-0.0225;-0.008;0.0018;-9.455;0.435
9603;9.602;0.301;0.131;6.972;0.0143;-0.0203;-0.0021;0.732;-2.97
9604;9.603;-1.76;-2.309;6.416;-0.0432;-0.0343;-0.0003;-2.807;-0.473
9605;9.604;-0.193;-0.416;6.218;0.0022;-0.0187;0.0039;-0.86;-4.743
9606;9.605;0.159;1.832;4.757;0.0038;0.0272;-0.0026;8.376;6.424
9607;9.606;2.918;0.983;2.735;0.0612;0.029;-0.0109;5.636;0.109
9608;9.607;-0.932;-0.448;7.666;-0.0015;-0.0205;0.0073;-4.046;4.229
9609;9.608;0.439;-0.365;5.496;0.0197;-0.0054;-0.0;-8.55;-0.089
9610;9.609;1.035;2.391;5.146;0.0189;0.0518;-0.0017;2.588;-6.462
9611;9.61;-0.207;0.417;7.188;-0.0172;0.0028;-0.0011;4.451;-1.155
9612;9.611;0.348;-0.022;-0.112;0.0321;-0.0015;0.0;-2.377;-1.205
9613;9.612;1.505;1.008;-2.161;0.0095;0.0069;0.0007;0.224;-1.674
9614;9.613;-0.916;0.734;5.919;-0.0042;0.0244;0.0001;-5.553;-4.82
9615;9.614;-4.222;-0.275;4.246;-0.0796;0.009;-0.0045;-2.111;2.481
9616;9.615;-0.365;-1.881;12.17;0.0057;-0.0446;-0.0002;-5.467;-6.812
9617;9.616;0.506;1.341;6.119;0.015;0.0101;-0.0072;-1.721;-3.327
9618;9.617;0.825;0.125;6.961;0.022;-0.0051;0.0065;-5.054;-2.877
9619;9.618;0.804;-1.807;7.053;0.031;-0.0353;-0.0073;-7.59;0.604
9620;9.619;1.814;2.708;7.379;0.042;0.0574;0.0005;0.629;0.751
9621;9.62;0.172;1.207;4.773;-0.0127;0.0259;-0.0107;4.348;-7.24
9622;9.621;-0.817;-1.371;7.165;-0.0014;-0.0317;0.0027;-2.546;6.097
9623;9.622;-1.613;0.837;3.245;-0.019;0.0211;0.0004;-4.662;-10.329
9624;9.623;-1.885;-0.654;6.827;-0.0405;-0.0192;0.0009;3.762;-2.084
9625;9.624;1.484;-0.317;7.932;0.0264;0.0023;-0.0023;2.589;3.53
9626;9.625;-0.848;-0.544;8.679;-0.0143;-0.0129;-0.0071;-1.942;-0.454
9627;9.626;-1.156;-0.178;0.263;-0.0274;-0.0149;0.006;2.376;0.63
9628;9.627;2.276;-0.38;4.632;0.0398;0.0141;-0.0027;1.576;-1.244
9629;9.628;-1.915;3.036;4.852;-0.0217;0.0519;0.0112;-3.147;-6.008
9630;9.629;1.328;1.864;3.671;0.0135;0.0378;0.0108;-0.141;-5.745
9631;9.63;-1.46;-1.992;3.745;-0.0395;-0.044;0.0022;3.125;0.362
9632;9.631;-0.747;1.34;6.473;-0.0105;0.0355;-0.001;11.397;2.605
9633;9.632;-0.742;-0.27;0.638;-0.0159;-0.0139;-0.009;-8.806;1.626
9634;9.633;0.599;-0.619;5.568;0.0231;-0.0079;0.001;0.429;-0.128
9635;9.634;-0.508;-0.486;9.239;-0.0044;-0.0316;-0.0117;-2.649;-2.514
9636;9.635;1.414;0.984;5.357;0.0231;0.0232;0.0049;4.07;-5.638
9637;9.636;-0.896;-1.297;2.852;-0.0194;-0.0343;0.0019;-3.387;-0.074
9638;9.637;2.817;1.266;-0.979;0.0547;0.029;-0.0075;-4.857;-0.223
9639;9.638;-0.554;0.099;7.356;-0.0222;0.0013;-0.0005;-4.5;3.034
9640;9.639;-2.698;1.949;0.121;-0.0484;0.0636;0.0075;3.448;-4.251
9641;9.64;-1.434;0.232;3.125;-0.0489;0.0183;0.0011;2.442;-6.371
9642;9.641;-1.411;1.327;8.906;-0.0325;0.0138;-0.0093;0.613;12.418
9643;9.642;0.44;-3.636;-2.967;0.0124;-0.0709;-0.0041;-1.146;-4.292
9644;9.643;-2.049;0.146;3.303;-0.0351;0.0094;0.008;-0.125;2.211
9645;9.644;1.754;0.21;7.264;0.0421;-0.004;-0.0043;-4.688;3.083
9646;9.645;-1.357;-0.988;0.899;-0.0266;-0.02;0.0065;-1.819;-2.798
9647;9.646;-0.756;0.922;11.138;-0.0212;0.0233;-0.0004;10.168;3.527
9648;9.647;1.614;2.293;3.091;0.0122;0.0427;-0.0008;-0.643;7.136
9649;9.648;-3.19;-1.426;6.357;-0.0774;-0.026;-0.0014;-8.5;-5.359
9650;9.649;3.185;-1.43;8.965;0.0621;-0.0415;0.0014;-8.684;-6.677
9651;9.65;-1.312;0.844;3.764;-0.0462;0.0082;-0.0051;-0.641;3.711
9652;9.651;-2.899;-0.374;-2.026;-0.0679;-0.0031;0.0059;3.479;2.994
9653;9.652;2.276;2.264;5.76;0.0301;0.0352;-0.0002;-3.694;4.183
9654;9.653;-0.319;0.325;2.016;-0.0092;-0.0026;-0.0056;-2.728;-8.702
9655;9.654;-2.691;1.317;4.264;-0.0599;0.0204;0.0067;-1.512;4.997
9656;9.655;0.948;-1.732;2.65;0.0184;-0.0398;-0.0022;-3.431;2.96
9657;9.656;2.449;0.294;1.492;0.0576;-0.0053;0.0093;-9.439;6.23
9658;9.657;2.455;-0.246;6.265;0.0324;-0.015;0.0014;2.093;-4.819
9659;9.658;0.916;0.841;9.951;0.0239;0.0059;0.0045;-5.619;-1.665
9660;9.659;-1.494;1.255;8.319;-0.0345;0.0116;0.0022;2.335;8.978
9661;9.66;-0.804;-0.543;7.97;-0.0264;-0.0087;-0.0026;-5.628;-2.967
9662;9.661;1.264;-1.18;5.711;0.0178;-0.0382;-0.0061;1.14;-6.863
9663;9.662;0.686;-1.551;1.846;0.0181;-0.0336;0.0007;5.25;2.785
9664;9.663;-0.432;1.55;6.767;0.0031;0.0405;-0.0029;4.496;-1.44
9665;9.664;2.224;-0.976;0.894;0.0443;-0.002;-0.0026;3.064;-3.772
9666;9.665;-1.928;1.189;4.614;-0.0331;0.0163;0.0081;-1.312;-2.092
9667;9.666;2.496;-0.388;5.736;0.0591;-0.0055;-0.0034;4.902;-3.648
9668;9.667;-1.658;0.408;8.194;-0.0311;0.01;0.0099;5.293;-1.88
9669;9.668;-0.753;-0.409;4.554;-0.0159;0.0102;0.0077;-6.552;-2.918
9670;9.669;-0.125;0.228;3.444;-0.0159;0.0013;-0.0072;3.916;0.204
9671;9.67;1.227;-1.096;5.484;0.0397;-0.0035;-0.0004;-4.805;-3.937
9672;9.671;1.857;-1.339;2.348;0.0299;-0.0278;-0.0063;0.934;2.475
9673;9.672;-2.367;1.598;6.277;-0.0607;0.0284;-0.006;1.097;-2.299
9674;9.673;-1.401;0.636;1.736;-0.0348;0.01;0.006;-3.864;-8.263
9675;9.674;-1.059;-1.713;0.048;-0.0229;-0.0332;0.001;4.976;-3.748
9676;9.675;-0.201;-0.688;4.793;-0.0007;-0.0193;0.0033;5.456;-1.214
9677;9.676;-1.22;-0.102;6.941;-0.0412;-0.0044;0.0033;4.386;-7.579
9678;9.677;-1.668;-0.646;6.481;-0.0582;-0.01;-0.0115;0.858;-3.691
9679;9.678;2.327;0.643;3.158;0.0521;0.0086;0.0038;3.47;-9.969
9680;9.679;1.11;1.169;6.817;0.02;0.0178;-0.0061;0.669;3.775
9681;9.68;0.061;0.838;5.369;-0.0129;0.0171;0.0011;1.299;-6.727
9682;9.681;1.435;-1.715;5.922;0.0396;-0.0379;0.0008;-6.599;0.736
9683;9.682;-0.326;-2.556;2.618;-0.0032;-0.0468;-0.008;-6.149;-7.043
9684;9.683;-2.347;0.023;8.553;-0.0378;0.0051;0.0;7.903;-1.095
9685;9.684;-2.844;0.343;5.119;-0.0784;0.0076;0.0004;-0.076;-5.319
9686;9.685;0.96;0.405;2.462;0.0205;0.0187;0.0069;1.359;-3.126
9687;9.686;-0.083;-0.323;-0.715;-0.0024;-0.0077;0.0053;-3.701;5.993
9688;9.687;-0.115;-1.086;0.636;-0.0133;-0.0279;-0.0028;-2.805;0.829
9689;9.688;-1.522;-0.565;8.717;-0.0267;-0.007;0.001;-7.595;-7.899
9690;9.689;0.245;-0.701;3.748;-0.0065;-0.0109;-0.0046;8.095;2.932
9691;9.69;0.391;1.079;0.94;0.0146;0.023;0.0041;1.422;-5.341
9692;9.691;2.144;0.001;5.977;0.0621;0.0089;-0.0032;-6.711;-5.836
9693;9.692;2.001;0.298;3.672;0.0494;-0.0033;-0.0042;-0.624;2.518
9694;9.693;-0.931;-0.43;6.141;-0.0151;-0.0009;0.0028;3.473;-1.031
9695;9.694;2.86;1.008;0.296;0.0425;0.0249;-0.0004;-2.506;0.859
9696;9.695;1.465;1.406;5.382;0.0323;0.0204;0.0042;-0.3;-2.437
9697;9.696;2.395;-0.658;5.143;0.0376;-0.0001;-0.0021;2.058;6.69
9698;9.697;-0.206;-0.839;4.165;-0.0062;-0.0349;0.0038;-5.455;-6.807
9699;9.698;1.626;-0.198;8.484;0.0222;-0.0103;0.0017;7.232;2.47
9700;9.699;-2.38;0.134;4.016;-0.0492;-0.0067;0.0049;-8.047;3.736
9701;9.7;1.889;0.927;3.973;0.0362;0.039;0.0007;9.995;-3.75
9702;9.701;-1.079;-0.239;0.455;-0.0214;0.0034;0.0043;1.935;-3.531
9703;9.702;0.705;-0.113;4.724;0.014;-0.0199;0.0086;-5.866;3.767
9704;9.703;-0.975;2.494;1.373;-0.0218;0.0479;-0.0009;3.249;-3.627
9705;9.704;0.071;1.735;6.966;0.0125;0.0371;0.0002;4.673;-6.887
9706;9.705;0.17;3.561;6.828;0.0005;0.0679;0.0;-12.959;-5.253
9707;9.706;-1.943;-0.781;2.8;-0.0488;-0.0254;0.0011;-1.262;4.234
9708;9.707;0.279;0.288;7.324;0.0126;0.0175;0.0005;3.223;-2.95
9709;9.708;1.559;-0.369;3.233;0.0218;0.0091;-0.0041;2.411;0.735
9710;9.709;0.214;-0.06;8.972;-0.0117;-0.0041;-0.0023;-0.53;2.693
9711;9.71;1.836;-1.579;2.816;0.0551;-0.0312;-0.0031;2.382;-2.791
9712;9.711;3.618;-1.75;3.574;0.0668;-0.034;0.0025;6.021;7.72
9713;9.712;0.269;-0.059;3.772;0.0106;-0.0092;0.0024;3.099;6.28
9714;9.713;2.199;-0.344;8.584;0.0458;0.0053;-0.0001;-6.368;6.286
9715;9.714;0.365;-0.568;6.428;-0.0127;-0.0141;-0.0007;-3.977;10.33
9716;9.715;-1.679;0.007;9.27;-0.0319;0.0064;0.0058;3.246;2.044
9717;9.716;1.302;-1.498;6.414;0.0327;-0.0443;0.0023;0.552;2.783
9718;9.717;-1.788;-0.964;4.993;-0.0231;-0.0223;-0.008;2.751;-7.895
9719;9.718;0.145;0.365;1.487;0.0141;-0.0029;-0.0002;-3.053;5.066
9720;9.719;3.595;0.188;1.625;0.0706;0.0248;0.0007;-0.433;4.92
9721;9.72;-1.003;-0.681;2.175;-0.0182;-0.0254;-0.003;1.854;-5.739
9722;9.721;-1.662;4.084;5.138;-0.018;0.0915;0.0127;6.859;-5.088
9723;9.722;-0.5;2.195;2.845;-0.0049;0.0454;-0.0031;3.056;-2.687
9724;9.723;0.749;0.385;9.262;0.0161;0.0211;-0.0029;-7.63;4.537
9725;9.724;1.387;-1.063;6.376;0.0277;-0.0201;-0.0043;2.717;-7.282
9726;9.725;-0.829;-2.173;8.07;-0.0158;-0.0324;0.0056;4.375;2.579
9727;9.726;-0.901;-0.925;2.935;-0.028;-0.0148;-0.0002;8.17;-3.138
9728;9.727;1.001;0.712;4.848;0.0386;0.0146;-0.0004;-1.72;-3.838
9729;9.728;-0.046;-1.09;10.622;0.0139;-0.0277;0.0024;-0.831;-4.017
9730;9.729;1.65;1.17;4.425;0.046;0.0232;-0.0041;-2.148;-0.698
9731;9.73;-1.189;0.168;4.39;-0.0191;-0.0061;-0.0051;3.103;-1.275
9732;9.731;2.248;-0.178;-2.412;0.0648;0.0029;0.0006;1.262;4.962
9733;9.732;0.495;-0.421;6.592;0.0275;-0.0189;-0.007;-1.522;-13.602
9734;9.733;-0.011;-0.015;2.076;0.0023;0.0007;0.0075;-0.659;5.621
9735;9.734;-2.421;-2.087;4.028;-0.0545;-0.0229;-0.0014;-9.49;-0.669
9736;9.735;-0.429;-1.139;6.573;-0.0024;-0.0436;-0.0049;-0.038;5.996
9737;9.736;-0.095;0.708;8.522;-0.0052;0.0082;0.0025;-1.427;-2.565
9738;9.737;1.822;-0.668;1.893;0.047;-0.0166;0.0;8.408;6.157
9739;9.738;0.331;-0.934;6.055;0.016;-0.0311;0.0019;-3.704;4.033
9740;9.739;-1.489;-1.125;6.534;-0.0308;-0.0276;-0.0098;-3.517;-0.135
9741;9.74;-2.072;1.107;3.609;-0.048;0.037;-0.0006;1.036;5.646
9742;9.741;1.436;0.678;4.527;0.0213;0.0199;0.0041;3.404;-4.43
9743;9.742;-1.737;-0.828;2.36;-0.0447;-0.0147;0.001;3.313;1.235
9744;9.743;2.754;1.965;9.539;0.0782;0.0183;-0.001;4.687;3.326
9745;9.744;0.461;0.102;4.17;0.0177;-0.0037;0.0017;6.156;9.07
9746;9.745;-0.734;0.972;2.812;-0.0273;0.0308;-0.0004;7.29;-1.688
9747;9.746;-1.218;0.125;1.353;-0.0374;0.0002;-0.0053;6.126;1.999
9748;9.747;2.207;0.242;6.45;0.0468;0.0124;-0.0011;5.065;6.031
9749;9.748;-0.172;-0.421;1.164;-0.0302;-0.0055;0.0014;1.416;9.618
9750;9.749;0.323;-0.844;8.962;0.0002;-0.0261;-0.0003;5.999;1.004
9751;9.75;-3.053;-0.707;7.05;-0.0721;-0.0209;-0.0007;-2.775;-1.482
9752;9.751;0.281;-0.466;4.951;0.0135;0.0107;0.0028;5.029;0.496
9753;9.752;-1.525;-0.808;2.991;-0.0282;-0.0124;-0.0003;-2.7;-1.332
9754;9.753;-3.468;0.467;3.982;-0.0875;0.0116;0.0007;-1.061;-1.219
9755;9.754;-0.32;-1.485;-0.755;-0.008;-0.0225;-0.0032;0.738;1.934
9756;9.755;-0.157;-0.024;1.299;-0.0046;-0.0075;-0.001;5.009;-2.165
9757;9.756;-1.875;-1.577;3.197;-0.0473;-0.0321;0.0038;5.04;7.775
9758;9.757;4.4;2.882;-1.5;0.0964;0.0377;-0.0055;0.848;-3.509
9759;9.758;-1.766;-0.322;-1.528;-0.0203;-0.0139;-0.0013;-6.735;0.771
9760;9.759;-1.346;-0.143;4.014;-0.0133;-0.0097;-0.012;5.88;6.628
9761;9.76;0.462;1.361;6.338;0.0266;0.0366;0.0009;-0.771;-0.837
9762;9.761;0.525;-0.313;2.685;0.0075;-0.0036;-0.0031;1.685;3.759
9763;9.762;0.462;-0.811;6.237;0.0122;-0.0179;0.0008;2.357;-5.662
9764;9.763;-0.381;0.294;7.307;-0.0198;-0.0213;-0.0083;-1.137;-6.737
9765;9.764;2.41;1.104;7.313;0.048;0.0149;-0.0018;-2.803;-3.824
9766;9.765;-1.226;0.932;3.742;-0.0317;0.0289;0.006;3.747;0.331
9767;9.766;-2.837;1.158;3.414;-0.0386;0.0023;0.005;0.924;-0.161
9768;9.767;-1.591;-0.099;5.412;-0.028;0.0024;0.0045;4.917;-0.595
9769;9.768;-0.208;1.141;1.401;-0.0073;0.0204;0.0084;6.4;-3.27
9770;9.769;0.149;-0.772;3.789;0.0027;-0.0007;-0.002;-4.614;9.542
9771;9.77;3.119;0.88;3.816;0.077;0.0111;0.0003;1.265;-2.47
9772;9.771;-0.108;0.854;5.5;-0.0087;0.0042;0.0063;4.104;1.599
9773;9.772;-0.687;2.537;6.313;-0.0069;0.0453;0.0064;-8.355;2.612
9774;9.773;-0.817;-0.896;10.73;-0.0198;-0.0185;0.0055;-0.981;-4.198
9775;9.774;-1.253;2.109;1.77;-0.0141;0.0319;-0.0083;-2.026;3.403
9776;9.775;1.146;0.929;1.983;0.0083;0.0243;0.0028;-0.521;-3.035
9777;9.776;-1.829;-0.145;5.058;-0.0483;0.0002;0.0004;-2.182;-0.311
9778;9.777;2.164;0.053;2.333;0.0575;0.007;0.0059;-9.875;-1.481
9779;9.778;-1.443;1.829;3.769;-0.0302;0.0357;-0.0057;1.892;-3.931
9780;9.779;-1.009;-0.875;9.242;-0.0352;-0.0149;-0.0045;5.225;11.249
9781;9.78;0.099;0.543;4.559;0.0043;0.0166;0.0076;-0.799;-0.46
9782;9.781;-2.52;2.468;-0.335;-0.0511;0.0414;0.0096;0.226;3.121
9783;9.782;0.226;-1.468;7.563;0.0046;-0.043;0.0006;2.616;6.831
9784;9.783;-0.007;-0.985;6.176;-0.0055;-0.0239;0.0056;0.064;-1.712
9785;9.784;2.107;-1.321;10.619;0.0454;-0.0271;-0.0081;9.692;5.379
9786;9.785;1.154;0.521;-0.938;0.0215;0.0017;0.0027;-1.924;7.125
9787;9.786;-3.741;-2.192;4.783;-0.0567;-0.0399;-0.0016;11.53;-0.155
9788;9.787;0.593;2.355;2.993;0.0117;0.032;0.0023;-1.957;6.464
9789;9.788;-1.537;0.628;5.037;-0.0223;0.0233;-0.0048;-0.218;-3.157
9790;9.789;-1.495;1.735;7.576;-0.0475;0.0405;-0.002;3.121;-2.318
9791;9.79;-1.288;-0.07;1.134;-0.0312;-0.0057;-0.0007;-2.867;-4.65
9792;9.791;3.133;-0.112;2.301;0.043;-0.01;-0.0001;-2.711;-5.721
9793;9.792;-0.654;-1.407;6.09;-0.0027;-0.0333;-0.003;-0.824;15.01
9794;9.793;0.032;0.393;2.17;0.0142;0.0327;0.0038;4.934;-10.601
9795;9.794;1.418;-0.022;4.83;0.0283;0.0014;-0.0;6.46;-1.181
9796;9.795;2.854;0.425;2.688;0.0643;0.0084;0.0043;5.315;-5.736
9797;9.796;-0.583;-2.144;6.746;-0.0191;-0.0441;-0.0045;-1.807;1.525
9798;9.797;0.239;-0.872;6.733;-0.0089;-0.0277;0.0026;0.181;-3.337
9799;9.798;0.421;0.215;2.574;0.0188;0.0136;0.0096;-6.358;3.958
9800;9.799;0.148;-0.075;7.426;0.0014;-0.0122;-0.0;5.667;-3.033
9801;9.8;-0.312;-0.296;5.475;-0.0103;0.0021;0.0019;3.113;2.558
9802;9.801;-1.747;0.138;1.388;-0.0486;0.0034;0.0008;-1.286;5.52
9803;9.802;-0.79;-1.734;6.928;-0.0174;-0.0396;0.0019;-8.895;2.041
9804;9.803;-1.232;0.486;5.546;-0.0315;0.0131;-0.0007;7.782;-5.639
9805;9.804;-1.537;-0.792;2.632;-0.0402;-0.0152;0.0028;4.417;-4.085
9806;9.805;-0.834;1.675;2.448;-0.0269;0.034;-0.0038;-4.589;-0.298
9807;9.806;-0.096;0.093;9.583;-0.0127;0.0039;0.0028;2.854;3.176
9808;9.807;-1.039;1.254;5.143;-0.0146;0.0333;-0.0023;9.219;-0.711
9809;9.808;-0.614;-0.161;2.813;0.0003;-0.0118;-0.0015;-8.143;4.728
9810;9.809;1.397;0.376;-2.467;0.0487;0.0018;-0.0007;-0.951;-2.741
9811;9.81;1.147;-0.481;4.261;0.0283;-0.0087;-0.0055;1.015;-0.3
9812;9.811;-1.504;-0.562;6.486;-0.0265;-0.0142;0.0012;4.075;3.913
9813;9.812;-2.801;-1.274;8.58;-0.0468;-0.0159;-0.0077;-5.975;6.643
9814;9.813;3.924;-0.093;5.031;0.0795;-0.0049;0.0059;3.124;2.049
9815;9.814;-0.301;1.209;9.848;0.0001;0.0171;0.0078;0.633;-6.201
9816;9.815;2.73;0.441;4.365;0.0458;0.007;0.0007;-9.624;3.302
9817;9.816;-0.079;-0.808;7.549;0.0074;-0.0044;0.007;5.909;-4.337
9818;9.817;2.746;-0.309;7.5;0.0588;0.0026;0.0054;-1.688;-11.576
9819;9.818;0.679;-0.175;4.278;-0.0034;-0.0161;-0.0048;4.311;6.411
9820;9.819;-0.108;-1.641;8.389;-0.0021;-0.0313;-0.0049;-1.916;-6.159
9821;9.82;-0.864;-0.354;10.528;-0.0172;0.0178;0.0051;-0.491;6.445
9822;9.821;-0.25;-0.826;4.961;-0.0109;-0.0149;0.0076;4.49;1.931
9823;9.822;-1.402;3.037;2.012;-0.034;0.0446;-0.0004;-2.024;2.928
9824;9.823;0.464;-0.554;1.824;0.0131;-0.0124;-0.0083;-2.614;5.32
9825;9.824;-0.064;0.887;4.253;-0.0019;0.0115;0.0011;-4.171;0.73
9826;9.825;0.825;-0.669;2.374;0.0154;-0.029;-0.0026;5.994;0.298
9827;9.826;0.849;-0.606;2.838;0.0002;-0.0129;0.0007;-4.081;3.033
9828;9.827;-1.679;-0.103;6.643;-0.0155;0.0093;0.0071;4.413;1.283
9829;9.828;0.482;-0.211;4.471;-0.0056;-0.0119;-0.0017;0.848;-1.206
9830;9.829;0.064;-1.786;6.096;0.0099;-0.0437;-0.0022;6.659;3.379
9831;9.83;1.656;-1.58;4.15;0.0222;-0.0361;-0.0042;2.288;8.647
9832;9.831;2.544;0.889;3.375;0.0594;0.0162;-0.0083;0.693;4.281
9833;9.832;-0.611;-1.207;6.684;-0.0193;-0.033;0.0027;1.463;2.437
9834;9.833;-3.257;1.213;3.314;-0.0703;0.0139;0.0018;0.008;-1.965
9835;9.834;-0.068;-0.918;1.141;-0.0073;-0.0128;-0.0031;-2.102;-2.583
9836;9.835;-0.088;-0.057;3.444;-0.0026;0.0058;-0.0022;9.339;10.127
9837;9.836;-1.537;-1.634;2.099;-0.0234;-0.0481;0.0081;-0.247;-4.57
9838;9.837;0.627;-0.382;1.305;-0.0049;-0.0204;0.0008;-2.154;4.796
9839;9.838;-0.37;-2.544;3.339;-0.0122;-0.0582;0.0042;-2.695;-4.644
9840;9.839;1.008;1.426;6.872;0.0134;0.0329;-0.0026;-5.427;-9.13
9841;9.84;-1.947;2.078;8.646;-0.0483;0.0495;-0.0008;-2.792;6.224
9842;9.841;0.409;0.505;7.78;0.0102;0.004;0.0062;-2.551;3.587
9843;9.842;-0.324;-1.301;7.368;-0.0117;-0.041;-0.0038;0.029;-1.089
9844;9.843;-0.347;0.515;2.996;0.0043;-0.0033;0.0037;-0.821;1.82
9845;9.844;1.481;-1.002;5.7;0.0176;-0.0251;-0.0007;-0.182;5.307
9846;9.845;-0.952;-1.464;6.829;-0.0207;-0.0275;0.0065;-6.972;1.835
9847;9.846;-0.636;0.502;5.963;0.0026;0.0267;-0.0036;-4.293;-5.924
9848;9.847;1.154;0.376;4.48;0.0279;-0.0029;0.0059;-0.365;0.652
9849;9.848;-2.363;-1.694;0.923;-0.0476;-0.0214;-0.0057;-1.944;-6.908
9850;9.849;1.04;1.019;-0.192;0.0145;0.0274;-0.007;1.934;-7.356
9851;9.85;-1.131;0.565;1.327;-0.0243;0.0259;0.0028;-3.433;6.479
9852;9.851;-3.563;-1.078;5.629;-0.0716;-0.0193;-0.0028;-1.867;8.509
9853;9.852;2.15;-0.034;1.425;0.0507;-0.0019;0.0007;0.166;-2.339
9854;9.853;2.495;-1.215;7.084;0.0553;-0.0259;-0.0096;-8.149;1.617
9855;9.854;0.11;0.373;4.089;0.0198;0.018;0.0046;0.247;-6.967
9856;9.855;-1.604;1.213;8.684;-0.035;0.0052;0.0007;1.733;2.102
9857;9.856;-2.781;1.616;6.25;-0.0544;0.0225;0.0031;3.542;-3.004
9858;9.857;0.431;0.274;3.894;0.0066;0.0124;0.0041;0.58;5.68
9859;9.858;2.292;-0.978;4.386;0.028;-0.0154;0.0001;0.017;8.018
9860;9.859;-2.381;-0.443;6.191;-0.0571;-0.0043;0.004;3.915;-4.419
9861;9.86;-0.138;1.807;-0.719;-0.006;0.0396;-0.0044;-9.204;2.755
9862;9.861;2.349;-0.476;3.824;0.0385;-0.0102;-0.0068;-0.504;7.168
9863;9.862;1.163;0.491;7.881;0.0229;-0.0087;-0.0053;5.497;-4.343
9864;9.863;-0.352;0.425;4.968;-0.0283;0.0236;0.0032;2.332;1.844
9865;9.864;3.101;0.495;3.328;0.0549;0.0228;0.0006;3.2;-0.75
9866;9.865;-2.059;-0.798;6.602;-0.0547;-0.0006;-0.003;4.544;-0.008
9867;9.866;0.733;-0.826;1.014;0.0007;-0.032;0.0009;1.912;0.709
9868;9.867;1.55;-0.877;8.57;0.0323;-0.0268;0.0068;-11.248;3.053
9869;9.868;-2.171;-0.099;2.456;-0.0462;0.0001;0.0009;-1.224;1.544
9870;9.869;-0.839;-0.452;11.164;-0.0197;0.0009;0.0013;1.98;-6.968
9871;9.87;-0.721;0.638;4.437;-0.0089;0.0304;-0.0019;-6.612;5.927
9872;9.871;4.214;-0.288;4.477;0.0788;0.0029;-0.0066;-5.054;2.615
9873;9.872;-0.171;-2.041;8.0;0.0043;-0.0362;0.0025;-3.39;6.763
9874;9.873;-0.239;-0.838;5.991;-0.0002;0.0079;-0.002;-2.538;0.222
9875;9.874;-0.931;-0.095;3.964;-0.0173;0.0036;0.0007;0.404;1.36
9876;9.875;3.92;0.532;0.74;0.0825;0.0042;-0.0053;4.253;1.045
9877;9.876;3.048;-0.884;3.948;0.062;-0.0225;-0.002;-1.963;-2.996
9878;9.877;-1.411;-1.171;8.2;-0.0314;0.0016;0.0044;2.128;3.449
9879;9.878;-1.221;0.291;3.759;-0.0218;0.0098;-0.0029;-1.923;6.662
9880;9.879;0.871;-0.22;4.268;0.0202;-0.0008;0.0016;-1.325;-3.238
9881;9.88;0.27;1.948;6.091;0.0075;0.0231;-0.0039;-1.403;10.786
9882;9.881;0.536;-0.402;9.584;0.0187;-0.0064;-0.0023;2.871;-1.5
9883;9.882;-1.17;0.734;0.951;-0.0273;0.0005;-0.0071;6.81;-1.223
9884;9.883;-2.848;-0.624;2.59;-0.0512;-0.0165;0.0112;-3.979;-1.613
9885;9.884;0.199;-1.366;5.363;0.0135;-0.0357;-0.004;2.343;1.758
9886;9.885;-1.51;0.28;4.963;-0.0296;-0.0035;-0.0071;-0.6;0.344
9887;9.886;4.006;-0.207;4.227;0.0764;-0.0154;0.0067;2.86;-3.783
9888;9.887;0.272;0.92;5.544;-0.0001;0.0234;-0.0013;-4.167;1.318
9889;9.888;0.408;0.568;3.649;0.0127;0.0248;0.0007;-11.316;1.566
9890;9.889;0.644;-2.382;7.118;0.0176;-0.0617;0.0025;-0.269;3.805
9891;9.89;-0.972;0.126;1.582;-0.0097;0.0006;-0.0037;1.148;-3.25
9892;9.891;0.313;-0.589;4.54;0.0033;-0.028;0.0065;-0.362;-9.057
9893;9.892;-1.714;-0.261;6.594;-0.0279;-0.0237;-0.0055;-8.856;-9.339
9894;9.893;0.009;-0.355;3.19;-0.0024;-0.0261;0.0028;-4.899;-8.515
9895;9.894;0.74;-1.487;6.101;-0.0094;-0.04;-0.0079;4.941;3.035
9896;9.895;0.053;1.266;1.087;0.0124;0.0115;0.0041;-5.662;2.277
9897;9.896;-4.323;-3.161;8.155;-0.095;-0.0603;-0.0061;-9.405;2.312
9898;9.897;0.891;-0.177;6.47;0.0077;-0.0074;0.0014;-10.499;-3.793
9899;9.898;-1.206;-1.199;10.179;-0.0507;-0.0084;0.0027;-13.136;4.915
9900;9.899;1.496;-1.767;7.966;0.0259;-0.0478;-0.0018;3.638;1.239
9901;9.9;0.136;-1.891;1.264;0.0015;-0.0654;-0.0022;0.373;-3.171
9902;9.901;-0.025;-0.938;3.587;-0.0071;-0.0182;-0.0053;-3.63;1.103
9903;9.902;0.746;-1.718;6.508;0.0237;-0.0278;0.0033;-2.39;2.232
9904;9.903;-1.0;-0.497;2.316;-0.0082;-0.0028;0.0099;13.236;-0.182
9905;9.904;0.084;-0.356;8.054;-0.009;-0.0125;0.0029;4.648;0.747
9906;9.905;-0.549;-0.645;7.249;-0.0179;-0.0083;-0.0039;0.084;-7.759
9907;9.906;0.869;-2.784;7.906;0.0239;-0.0561;-0.0075;4.524;-6.594
9908;9.907;1.411;0.038;-1.181;0.0179;-0.0158;-0.0096;-3.045;-0.747
9909;9.908;-1.258;0.132;-0.517;-0.0274;0.0009;0.0031;-11.705;5.572
9910;9.909;-0.665;-0.741;4.2;-0.026;-0.03;0.007;-1.37;-1.322
9911;9.91;-1.228;0.309;-4.769;-0.0256;-0.0122;-0.004;-3.523;-0.441
9912;9.911;2.81;0.15;4.07;0.0492;-0.0119;-0.0035;-10.982;-7.837
9913;9.912;-1.186;-1.319;10.152;-0.0133;-0.0237;-0.0013;8.239;2.549
9914;9.913;-0.101;1.189;4.751;0.0046;0.0218;-0.0022;1.234;-5.343
9915;9.914;-0.343;0.117;5.65;0.0018;-0.0052;0.0017;3.047;5.595
9916;9.915;-1.41;0.708;-0.449;-0.0149;0.0067;0.0013;-7.413;5.827
9917;9.916;0.864;-0.266;8.615;0.0188;-0.0035;-0.001;2.286;3.935
9918;9.917;-0.413;1.145;2.039;-0.0203;0.0218;0.0029;0.518;5.453
9919;9.918;1.632;0.19;5.444;0.0376;-0.0148;-0.0005;-1.344;-8.833
9920;9.919;-1.402;-0.545;3.902;-0.0431;-0.0035;0.0008;1.585;-1.996
9921;9.92;0.546;-1.961;2.176;0.0028;-0.0444;0.0053;-0.412;4.527
9922;9.921;3.438;-0.678;5.445;0.0821;0.004;0.0006;-3.711;9.829
9923;9.922;1.4;-1.336;7.68;0.01;-0.0205;-0.003;-7.043;1.518
9924;9.923;0.006;-1.381;1.573;0.004;-0.0249;-0.0004;-4.518;0.703
9925;9.924;1.43;0.645;5.109;0.0196;-0.0032;0.0079;-2.054;-6.06
9926;9.925;-1.834;1.387;1.762;-0.0312;0.0107;-0.0052;-3.289;-4.082
9927;9.926;0.784;0.699;3.137;0.0163;0.0092;0.0025;7.318;-4.135
9928;9.927;0.601;1.08;11.666;0.0316;0.0092;0.0039;-5.946;-1.237
9929;9.928;0.832;-1.118;5.415;0.0229;-0.0242;0.0027;2.34;7.065
9930;9.929;0.859;1.029;3.192;0.026;0.0115;-0.0011;2.442;2.043
9931;9.93;1.143;-1.311;3.63;0.0452;-0.0332;0.0123;-3.108;-4.083
9932;9.931;-0.898;-1.528;8.745;-0.0222;-0.0153;-0.0022;-2.08;7.126
9933;9.932;-0.771;-0.671;7.085;-0.0011;-0.0053;0.0002;5.048;3.104
9934;9.933;-1.555;-0.785;9.344;-0.0268;-0.0256;0.0036;1.773;4.357
9935;9.934;0.787;0.228;5.552;0.0041;0.0037;0.0018;11.908;4.202
9936;9.935;-2.738;0.383;7.878;-0.0592;0.0116;-0.0024;-5.148;1.782
9937;9.936;-0.151;-0.055;8.846;0.0049;-0.0125;-0.0097;3.853;-5.49
9938;9.937;-1.252;0.656;1.991;-0.0232;0.0156;-0.0071;-2.22;-2.892
9939;9.938;0.317;-0.949;3.818;-0.0018;-0.014;0.0068;2.388;4.456
9940;9.939;3.436;-1.275;4.693;0.0707;-0.0218;0.0026;-4.306;0.439
9941;9.94;-0.808;0.343;-0.865;-0.0184;0.0047;0.0122;9.478;-2.971
9942;9.941;1.675;1.464;7.525;0.0351;0.0408;-0.0004;-1.445;-12.321
9943;9.942;2.146;0.624;2.036;0.0381;0.0068;0.0066;5.887;8.844
9944;9.943;-1.716;-0.652;1.381;-0.0244;-0.0072;0.0007;6.514;6.977
9945;9.944;-0.243;0.797;3.51;-0.0237;0.0272;0.0033;1.874;-1.873
9946;9.945;0.393;-0.24;5.017;0.0029;0.0037;0.0014;-9.892;-6.958
9947;9.946;-1.272;-0.247;9.572;-0.0254;-0.0062;-0.0098;2.143;3.306
9948;9.947;-0.653;-0.228;5.221;0.0059;-0.0086;0.0007;2.482;-5.832
9949;9.948;-0.329;-0.355;10.018;-0.001;-0.0222;-0.0032;-1.145;-3.496
9950;9.949;0.257;1.526;7.708;-0.0032;0.0372;0.0069;7.63;3.332
9951;9.95;-0.799;0.983;7.025;-0.0151;0.0326;0.0014;-5.184;-5.566
9952;9.951;1.748;0.942;5.939;0.0378;0.0256;-0.0005;-2.041;1.126
9953;9.952;0.863;-1.407;2.855;0.0116;-0.0223;0.0067;-3.029;-0.73
9954;9.953;-0.103;2.028;6.024;-0.0089;0.03;0.0007;-1.686;-0.758
9955;9.954;0.472;-1.164;7.707;0.0215;-0.0145;0.0015;9.549;0.37
9956;9.955;-2.591;0.904;2.214;-0.0481;0.0216;-0.0016;2.091;-1.334
9957;9.956;-2.269;-4.087;9.978;-0.0386;-0.0874;0.0115;6.092;5.712
9958;9.957;-2.033;0.148;-0.07;-0.0397;0.0047;-0.002;-2.871;1.405
9959;9.958;0.31;0.912;5.411;0.0141;0.0215;-0.003;3.428;9.258
9960;9.959;2.269;-0.058;6.772;0.0586;-0.008;0.008;-7.684;2.124
9961;9.96;-0.729;-1.009;6.092;-0.0248;-0.0267;0.0053;3.27;4.276
9962;9.961;-1.734;-1.688;4.01;-0.0194;-0.0487;0.0055;8.069;-7.907
9963;9.962;-1.42;0.311;0.174;-0.0228;-0.004;0.0019;-0.781;-8.943
9964;9.963;0.314;1.042;4.772;0.018;0.021;0.0058;-6.899;-3.86
9965;9.964;-1.966;1.04;5.227;-0.0252;0.0044;0.0051;2.087;0.361
9966;9.965;-1.345;-0.396;5.735;-0.0279;0.0071;0.0001;-11.288;-7.721
9967;9.966;1.006;1.624;0.346;0.0328;0.0448;-0.0039;1.774;-3.399
9968;9.967;1.86;1.003;6.612;0.022;0.0481;-0.0062;-2.925;-6.357
9969;9.968;0.166;1.398;2.112;-0.0108;0.0221;-0.0022;7.726;1.014
9970;9.969;-0.043;0.537;5.324;0.0125;-0.0075;0.0015;4.023;6.311
9971;9.97;-0.484;1.349;5.989;-0.014;0.0296;0.0015;-6.625;-0.93
9972;9.971;0.858;0.077;6.129;0.0198;-0.003;0.002;3.991;1.348
9973;9.972;-4.412;0.317;10.043;-0.0803;0.0064;0.0019;-0.25;-7.928
9974;9.973;0.301;-1.019;6.447;-0.0157;-0.0195;0.0066;5.16;4.59
9975;9.974;0.299;-2.371;7.061;0.0038;-0.0406;-0.0037;-5.008;-9.362
9976;9.975;-0.516;-0.119;2.352;-0.0102;-0.0171;0.0063;-6.707;-5.65
9977;9.976;-0.55;-0.291;3.242;-0.0051;0.004;0.0011;-7.073;3.206
9978;9.977;0.605;-1.159;3.79;0.0185;-0.0359;0.0075;4.998;-0.424
9979;9.978;-0.736;-0.614;1.322;-0.0179;0.0037;-0.0011;-3.139;-8.61
9980;9.979;0.946;-0.643;6.641;0.0283;0.0127;-0.0027;2.526;-2.917
9981;9.98;-1.206;0.534;5.646;-0.024;0.0189;0.003;-4.064;-2.892
9982;9.981;0.594;-0.612;9.102;0.0154;-0.0056;0.0037;2.267;-2.269
9983;9.982;1.355;-0.053;6.344;0.0181;0.0111;-0.0037;4.19;-8.466
9984;9.983;-1.558;2.912;0.911;-0.0301;0.0575;0.0076;3.722;-1.213
9985;9.984;1.501;-1.68;5.6;0.0129;-0.0359;0.0018;1.706;3.137
9986;9.985;0.586;-0.393;0.352;0.0007;0.0072;-0.0075;-2.158;-2.299
9987;9.986;0.408;2.151;8.301;0.0122;0.015;0.0001;-7.155;0.947
9988;9.987;1.963;-1.089;7.763;0.0443;-0.0255;0.0045;0.245;-1.28
9989;9.988;0.655;0.557;4.694;0.031;-0.0043;-0.005;1.664;-1.62
9990;9.989;-1.333;-1.006;0.443;-0.037;-0.009;0.0056;-1.503;1.183
9991;9.99;0.958;-0.452;10.743;0.0191;-0.0069;-0.0014;9.757;0.473
9992;9.991;1.721;0.077;7.335;0.0351;-0.0143;-0.0045;-1.395;5.26
9993;9.992;-0.525;0.5;1.038;-0.0148;0.0144;0.0049;-1.633;5.805
9994;9.993;-0.377;0.652;1.766;-0.0122;-0.0019;-0.0027;13.557;-0.328
9995;9.994;-0.396;-0.902;-0.318;-0.0042;-0.0131;0.0011;2.676;2.435
9996;9.995;-0.713;-0.477;7.5;-0.0129;-0.002;-0.001;2.453;-0.967
9997;9.996;-1.208;-0.141;6.758;-0.03;0.0194;-0.0032;4.048;2.34
9998;9.997;1.131;0.536;4.363;0.018;-0.0004;0.0056;0.744;4.981
9999;9.998;1.639;-1.22;-0.476;0.0258;-0.0432;0.0034;3.632;-9.402
10000;9.999;-1.964;-0.407;5.699;-0.0343;-0.0092;-0.0067;-0.569;7.127
